<?xml version="1.0" encoding="UTF-8"?>
<kml xmlns="http://www.opengis.net/kml/2.2"><Document><name>岡崎市板田町 保安林確認</name><description>国土数値情報 森林地域(A13-15 愛知県, 保安林は2002年度整備)。参考表示データであり精度は保証されない。</description><Style id="hoan"><LineStyle><color>ff1d1d8c</color><width>2.4</width></LineStyle><PolyStyle><color>553b3bd9</color></PolyStyle></Style><Style id="minyu"><LineStyle><color>ff3a7a4f</color><width>1.2</width></LineStyle><PolyStyle><color>2262bc97</color></PolyStyle></Style><Style id="pt"><IconStyle><color>ff1f1fd9</color><scale>1.2</scale><Icon><href>http://maps.google.com/mapfiles/kml/paddle/red-circle.png</href></Icon></IconStyle></Style><Placemark><name>対象地点 34.962114, 137.231059</name><styleUrl>#pt</styleUrl><description>愛知県岡崎市板田町 字東流石（BESS候補地）</description><Point><coordinates>137.2310586,34.9621140,0</coordinates></Point></Placemark><Folder><name>地域森林計画対象民有林</name><Placemark><styleUrl>#minyu</styleUrl><Polygon><outerBoundaryIs><LinearRing><coordinates>137.2276058,34.9696522,0 137.2276287,34.9696484,0 137.2276440,34.9696369,0 137.2276554,34.9696293,0 137.2276630,34.9696178,0 137.2276707,34.9696026,0 137.2276821,34.9695683,0 137.2276897,34.9695530,0 137.2276936,34.9695377,0 137.2277050,34.9695225,0 137.2277126,34.9695072,0 137.2277317,34.9694881,0 137.2277431,34.9694767,0 137.2277546,34.9694653,0 137.2277699,34.9694538,0 137.2277966,34.9694309,0 137.2278385,34.9694004,0 137.2279224,34.9693394,0 137.2279491,34.9693203,0 137.2279606,34.9693089,0 137.2279720,34.9692974,0 137.2279835,34.9692898,0 137.2279911,34.9692783,0 137.2280025,34.9692669,0 137.2280064,34.9692516,0 137.2280102,34.9692402,0 137.2280064,34.9692211,0 137.2280025,34.9692097,0 137.2279987,34.9691982,0 137.2279911,34.9691868,0 137.2279682,34.9691486,0 137.2279606,34.9691372,0 137.2279530,34.9691257,0 137.2279491,34.9691143,0 137.2279415,34.9691029,0 137.2279377,34.9690914,0 137.2279339,34.9690800,0 137.2279301,34.9690609,0 137.2279263,34.9690456,0 137.2279224,34.9690151,0 137.2279224,34.9689960,0 137.2279224,34.9689808,0 137.2279224,34.9689655,0 137.2279224,34.9689503,0 137.2279224,34.9689274,0 137.2279263,34.9689121,0 137.2279263,34.9688969,0 137.2279301,34.9688778,0 137.2279339,34.9688625,0 137.2279415,34.9688282,0 137.2279453,34.9688129,0 137.2279530,34.9687901,0 137.2279606,34.9687710,0 137.2279644,34.9687595,0 137.2279720,34.9687443,0 137.2279758,34.9687328,0 137.2279835,34.9687176,0 137.2279949,34.9686985,0 137.2280064,34.9686794,0 137.2280178,34.9686680,0 137.2280293,34.9686527,0 137.2280407,34.9686413,0 137.2280521,34.9686260,0 137.2280674,34.9686146,0 137.2280788,34.9686031,0 137.2281055,34.9685802,0 137.2281322,34.9685574,0 137.2281475,34.9685459,0 137.2281590,34.9685383,0 137.2281742,34.9685268,0 137.2281933,34.9685154,0 137.2282085,34.9685040,0 137.2282391,34.9684887,0 137.2282543,34.9684772,0 137.2282696,34.9684696,0 137.2283077,34.9684505,0 137.2283726,34.9684238,0 137.2284527,34.9683857,0 137.2285023,34.9683666,0 137.2285328,34.9683552,0 137.2285671,34.9683437,0 137.2286663,34.9683132,0 137.2286968,34.9683018,0 137.2287121,34.9682941,0 137.2287273,34.9682865,0 137.2287426,34.9682789,0 137.2287579,34.9682674,0 137.2287655,34.9682560,0 137.2287731,34.9682446,0 137.2287769,34.9682293,0 137.2287807,34.9682140,0 137.2287769,34.9681988,0 137.2287731,34.9681873,0 137.2287235,34.9680614,0 137.2287006,34.9680080,0 137.2286892,34.9679737,0 137.2286854,34.9679546,0 137.2286777,34.9679394,0 137.2286739,34.9679241,0 137.2286701,34.9679012,0 137.2286625,34.9678745,0 137.2286625,34.9678516,0 137.2286549,34.9677982,0 137.2286510,34.9677792,0 137.2286510,34.9677639,0 137.2286434,34.9677486,0 137.2286396,34.9677372,0 137.2286358,34.9677258,0 137.2286282,34.9677143,0 137.2286205,34.9677067,0 137.2286053,34.9676952,0 137.2285938,34.9676876,0 137.2285786,34.9676838,0 137.2285633,34.9676800,0 137.2285366,34.9676723,0 137.2285023,34.9676723,0 137.2284832,34.9676762,0 137.2284489,34.9676800,0 137.2284336,34.9676838,0 137.2284184,34.9676914,0 137.2284031,34.9676952,0 137.2283840,34.9677067,0 137.2283688,34.9677181,0 137.2283535,34.9677334,0 137.2283421,34.9677486,0 137.2283344,34.9677639,0 137.2283115,34.9678059,0 137.2283077,34.9678211,0 137.2282925,34.9678402,0 137.2282810,34.9678593,0 137.2282658,34.9678707,0 137.2282505,34.9678822,0 137.2282352,34.9678898,0 137.2282162,34.9678974,0 137.2281895,34.9679050,0 137.2281704,34.9679089,0 137.2281513,34.9679089,0 137.2281284,34.9679089,0 137.2281132,34.9679050,0 137.2280788,34.9679012,0 137.2280293,34.9678974,0 137.2280140,34.9678936,0 137.2279797,34.9678936,0 137.2279453,34.9678936,0 137.2279224,34.9679012,0 137.2279072,34.9679050,0 137.2278919,34.9679127,0 137.2278767,34.9679203,0 137.2278614,34.9679279,0 137.2278461,34.9679394,0 137.2278347,34.9679470,0 137.2278194,34.9679585,0 137.2278004,34.9679737,0 137.2277851,34.9679852,0 137.2277737,34.9679966,0 137.2277508,34.9680195,0 137.2277279,34.9680424,0 137.2277126,34.9680614,0 137.2277012,34.9680729,0 137.2276897,34.9680843,0 137.2276821,34.9680996,0 137.2276707,34.9681110,0 137.2276630,34.9681263,0 137.2276554,34.9681377,0 137.2276478,34.9681530,0 137.2276402,34.9681683,0 137.2276325,34.9681797,0 137.2276287,34.9682064,0 137.2276249,34.9682255,0 137.2276249,34.9682407,0 137.2276211,34.9682598,0 137.2276211,34.9682751,0 137.2276211,34.9682941,0 137.2276211,34.9683285,0 137.2276211,34.9683628,0 137.2276211,34.9683971,0 137.2276211,34.9684200,0 137.2276249,34.9684505,0 137.2276249,34.9684811,0 137.2276287,34.9684963,0 137.2276325,34.9685192,0 137.2276402,34.9685497,0 137.2276516,34.9685917,0 137.2276554,34.9686108,0 137.2276592,34.9686260,0 137.2276630,34.9686413,0 137.2276669,34.9686718,0 137.2276669,34.9686871,0 137.2276669,34.9687061,0 137.2276669,34.9687290,0 137.2276669,34.9687481,0 137.2276630,34.9687672,0 137.2276592,34.9687824,0 137.2276554,34.9687977,0 137.2276554,34.9688129,0 137.2276516,34.9688282,0 137.2276440,34.9688435,0 137.2276402,34.9688625,0 137.2276363,34.9688778,0 137.2276287,34.9688931,0 137.2276211,34.9689083,0 137.2276173,34.9689236,0 137.2276096,34.9689426,0 137.2275944,34.9689579,0 137.2275867,34.9689693,0 137.2275791,34.9689808,0 137.2275639,34.9689884,0 137.2275524,34.9689999,0 137.2275372,34.9690075,0 137.2275257,34.9690151,0 137.2275105,34.9690228,0 137.2274952,34.9690266,0 137.2274799,34.9690304,0 137.2274609,34.9690342,0 137.2274380,34.9690380,0 137.2274189,34.9690418,0 137.2273655,34.9690495,0 137.2273502,34.9690533,0 137.2273312,34.9690571,0 137.2273159,34.9690609,0 137.2273006,34.9690685,0 137.2272778,34.9690838,0 137.2272701,34.9690952,0 137.2272625,34.9691143,0 137.2272625,34.9691296,0 137.2272663,34.9691448,0 137.2272663,34.9691639,0 137.2272701,34.9691792,0 137.2272739,34.9691944,0 137.2272816,34.9692097,0 137.2272892,34.9692440,0 137.2273235,34.9693470,0 137.2273426,34.9693966,0 137.2273464,34.9694118,0 137.2273540,34.9694271,0 137.2273617,34.9694500,0 137.2273769,34.9694767,0 137.2273846,34.9694920,0 137.2273922,34.9695072,0 137.2274036,34.9695301,0 137.2274151,34.9695454,0 137.2274227,34.9695568,0 137.2274342,34.9695721,0 137.2274456,34.9695835,0 137.2274609,34.9695988,0 137.2274799,34.9696140,0 137.2274990,34.9696217,0 137.2275143,34.9696293,0 137.2275410,34.9696407,0 137.2275562,34.9696445,0 137.2275715,34.9696484,0 137.2276058,34.9696522,0</coordinates></LinearRing></outerBoundaryIs></Polygon></Placemark><Placemark><styleUrl>#minyu</styleUrl><Polygon><outerBoundaryIs><LinearRing><coordinates>137.2297535,34.9700565,0 137.2297764,34.9700527,0 137.2298107,34.9700527,0 137.2298489,34.9700451,0 137.2298832,34.9700413,0 137.2298985,34.9700375,0 137.2299252,34.9700336,0 137.2299442,34.9700298,0 137.2299786,34.9700184,0 137.2300091,34.9700108,0 137.2300434,34.9699993,0 137.2300625,34.9699917,0 137.2300816,34.9699841,0 137.2301121,34.9699688,0 137.2301426,34.9699574,0 137.2301693,34.9699421,0 137.2301922,34.9699268,0 137.2302113,34.9699192,0 137.2302380,34.9699001,0 137.2302494,34.9698925,0 137.2302647,34.9698811,0 137.2302761,34.9698734,0 137.2302876,34.9698620,0 137.2302990,34.9698544,0 137.2303104,34.9698429,0 137.2303219,34.9698315,0 137.2303333,34.9698200,0 137.2303448,34.9698048,0 137.2303600,34.9697895,0 137.2303715,34.9697742,0 137.2303829,34.9697552,0 137.2304058,34.9697208,0 137.2304287,34.9696865,0 137.2304440,34.9696636,0 137.2304516,34.9696522,0 137.2304783,34.9694576,0 137.2304859,34.9694080,0 137.2304897,34.9693699,0 137.2304974,34.9693317,0 137.2305088,34.9692631,0 137.2305508,34.9690380,0 137.2305660,34.9689655,0 137.2305737,34.9689198,0 137.2305889,34.9688511,0 137.2306309,34.9686794,0 137.2306728,34.9685040,0 137.2306843,34.9684696,0 137.2306881,34.9684544,0 137.2306881,34.9684353,0 137.2306919,34.9684200,0 137.2306957,34.9684010,0 137.2306957,34.9683857,0 137.2306919,34.9683704,0 137.2306881,34.9683552,0 137.2306767,34.9683361,0 137.2306614,34.9683285,0 137.2306461,34.9683208,0 137.2306232,34.9683170,0 137.2305927,34.9683208,0 137.2305698,34.9683285,0 137.2305546,34.9683399,0 137.2305393,34.9683514,0 137.2305279,34.9683628,0 137.2305164,34.9683743,0 137.2305050,34.9683895,0 137.2304935,34.9684048,0 137.2304554,34.9684620,0 137.2304478,34.9684734,0 137.2304325,34.9684925,0 137.2304173,34.9685116,0 137.2304020,34.9685268,0 137.2303905,34.9685383,0 137.2303753,34.9685497,0 137.2303638,34.9685612,0 137.2303524,34.9685688,0 137.2303371,34.9685764,0 137.2303219,34.9685841,0 137.2303028,34.9685917,0 137.2302837,34.9685955,0 137.2302608,34.9685993,0 137.2302341,34.9685993,0 137.2302151,34.9685993,0 137.2301960,34.9685955,0 137.2301731,34.9685841,0 137.2301502,34.9685726,0 137.2301388,34.9685650,0 137.2301273,34.9685574,0 137.2301159,34.9685459,0 137.2300968,34.9685307,0 137.2300777,34.9685078,0 137.2300205,34.9684391,0 137.2299976,34.9684124,0 137.2299862,34.9683971,0 137.2299709,34.9683857,0 137.2299557,34.9683704,0 137.2299290,34.9683475,0 137.2299061,34.9683247,0 137.2298794,34.9683056,0 137.2298527,34.9682827,0 137.2298374,34.9682713,0 137.2298222,34.9682598,0 137.2297916,34.9682407,0 137.2297764,34.9682293,0 137.2297611,34.9682217,0 137.2297459,34.9682102,0 137.2297306,34.9682026,0 137.2297153,34.9681950,0 137.2297001,34.9681911,0 137.2296810,34.9681835,0 137.2296619,34.9681759,0 137.2296314,34.9681721,0 137.2296009,34.9681721,0 137.2295856,34.9681759,0 137.2295704,34.9681797,0 137.2295551,34.9681873,0 137.2295437,34.9682026,0 137.2295361,34.9682178,0 137.2295322,34.9682293,0 137.2295284,34.9682484,0 137.2295246,34.9682674,0 137.2295246,34.9682827,0 137.2295284,34.9682941,0 137.2295322,34.9683132,0 137.2295399,34.9683285,0 137.2295475,34.9683399,0 137.2295589,34.9683552,0 137.2295704,34.9683666,0 137.2295856,34.9683781,0 137.2296009,34.9683895,0 137.2296162,34.9683971,0 137.2296276,34.9684086,0 137.2296543,34.9684238,0 137.2296848,34.9684391,0 137.2297459,34.9684734,0 137.2297764,34.9684887,0 137.2297916,34.9684963,0 137.2298069,34.9685078,0 137.2298183,34.9685154,0 137.2298412,34.9685307,0 137.2298565,34.9685421,0 137.2298756,34.9685612,0 137.2298946,34.9685802,0 137.2299061,34.9685993,0 137.2299099,34.9686108,0 137.2299175,34.9686222,0 137.2299213,34.9686337,0 137.2299252,34.9686451,0 137.2299290,34.9686565,0 137.2299290,34.9686718,0 137.2299328,34.9686871,0 137.2299328,34.9687023,0 137.2299328,34.9687176,0 137.2299290,34.9687328,0 137.2299290,34.9687519,0 137.2299213,34.9687710,0 137.2299175,34.9687862,0 137.2299137,34.9687977,0 137.2299061,34.9688091,0 137.2298908,34.9688244,0 137.2298794,34.9688396,0 137.2298679,34.9688511,0 137.2298527,34.9688549,0 137.2298412,34.9688625,0 137.2298260,34.9688702,0 137.2298069,34.9688740,0 137.2297802,34.9688778,0 137.2297611,34.9688816,0 137.2297077,34.9688854,0 137.2296886,34.9688854,0 137.2296734,34.9688892,0 137.2296581,34.9688931,0 137.2296391,34.9688969,0 137.2296200,34.9689007,0 137.2296047,34.9689045,0 137.2295856,34.9689083,0 137.2295551,34.9689198,0 137.2295208,34.9689350,0 137.2294025,34.9689770,0 137.2292652,34.9690266,0 137.2292309,34.9690380,0 137.2292156,34.9690456,0 137.2292004,34.9690533,0 137.2291851,34.9690609,0 137.2291698,34.9690685,0 137.2291584,34.9690762,0 137.2291508,34.9690876,0 137.2291431,34.9690952,0 137.2291393,34.9691067,0 137.2291355,34.9691181,0 137.2291317,34.9691372,0 137.2291355,34.9691525,0 137.2291393,34.9691677,0 137.2291431,34.9691868,0 137.2291508,34.9692020,0 137.2291546,34.9692135,0 137.2291622,34.9692287,0 137.2291698,34.9692440,0 137.2291813,34.9692554,0 137.2291851,34.9692669,0 137.2291965,34.9692783,0 137.2292233,34.9693203,0 137.2292347,34.9693394,0 137.2292461,34.9693546,0 137.2292538,34.9693737,0 137.2292576,34.9693928,0 137.2292614,34.9694042,0 137.2292614,34.9694271,0 137.2292576,34.9694386,0 137.2292538,34.9694500,0 137.2292500,34.9694614,0 137.2292461,34.9694729,0 137.2292385,34.9694843,0 137.2292271,34.9694996,0 137.2292118,34.9695110,0 137.2291965,34.9695187,0 137.2291851,34.9695263,0 137.2291660,34.9695339,0 137.2291508,34.9695377,0 137.2291355,34.9695415,0 137.2291050,34.9695415,0 137.2290707,34.9695415,0 137.2290478,34.9695377,0 137.2290325,34.9695339,0 137.2289829,34.9695263,0 137.2289639,34.9695225,0 137.2289333,34.9695225,0 137.2289104,34.9695225,0 137.2288837,34.9695263,0 137.2288609,34.9695415,0 137.2288380,34.9695568,0 137.2288265,34.9695683,0 137.2288151,34.9695797,0 137.2288074,34.9695950,0 137.2287998,34.9696102,0 137.2287884,34.9696217,0 137.2287769,34.9696445,0 137.2287693,34.9696598,0 137.2287655,34.9696751,0 137.2287579,34.9696903,0 137.2287540,34.9697056,0 137.2287540,34.9697208,0 137.2287579,34.9697475,0 137.2287655,34.9697628,0 137.2287731,34.9697781,0 137.2287807,34.9697895,0 137.2287922,34.9698009,0 137.2288036,34.9698124,0 137.2288189,34.9698238,0 137.2288303,34.9698353,0 137.2288418,34.9698429,0 137.2288570,34.9698544,0 137.2288761,34.9698658,0 137.2288876,34.9698734,0 137.2289028,34.9698811,0 137.2289181,34.9698849,0 137.2289371,34.9698925,0 137.2289524,34.9699001,0 137.2289715,34.9699039,0 137.2290249,34.9699192,0 137.2291927,34.9699650,0 137.2292461,34.9699802,0 137.2292728,34.9699841,0 137.2293072,34.9699955,0 137.2293453,34.9699993,0 137.2295208,34.9700336,0 137.2295551,34.9700413,0 137.2295895,34.9700451,0 137.2296200,34.9700489,0 137.2296505,34.9700527,0 137.2296848,34.9700527,0 137.2297192,34.9700565,0 137.2297382,34.9700565,0 137.2297535,34.9700565,0</coordinates></LinearRing></outerBoundaryIs></Polygon></Placemark><Placemark><styleUrl>#minyu</styleUrl><Polygon><outerBoundaryIs><LinearRing><coordinates>137.2257862,34.9727306,0 137.2258015,34.9727268,0 137.2258282,34.9727306,0 137.2258434,34.9727345,0 137.2258778,34.9727383,0 137.2259007,34.9727383,0 137.2259197,34.9727383,0 137.2259426,34.9727345,0 137.2259617,34.9727306,0 137.2259846,34.9727268,0 137.2260036,34.9727192,0 137.2260380,34.9727077,0 137.2260723,34.9726963,0 137.2260876,34.9726925,0 137.2261028,34.9726849,0 137.2261181,34.9726772,0 137.2261448,34.9726658,0 137.2261562,34.9726582,0 137.2261715,34.9726505,0 137.2261868,34.9726429,0 137.2262058,34.9726276,0 137.2262211,34.9726200,0 137.2262592,34.9725895,0 137.2263279,34.9725399,0 137.2263699,34.9725094,0 137.2264004,34.9724865,0 137.2264538,34.9724445,0 137.2264919,34.9724102,0 137.2265186,34.9723911,0 137.2265453,34.9723682,0 137.2265606,34.9723492,0 137.2265720,34.9723377,0 137.2265835,34.9723263,0 137.2265949,34.9723110,0 137.2266064,34.9722996,0 137.2266140,34.9722843,0 137.2266254,34.9722729,0 137.2266331,34.9722614,0 137.2266407,34.9722500,0 137.2266483,34.9722347,0 137.2266521,34.9722195,0 137.2266598,34.9722042,0 137.2266636,34.9721889,0 137.2266712,34.9721622,0 137.2266712,34.9721470,0 137.2266712,34.9721317,0 137.2266712,34.9721165,0 137.2266674,34.9721012,0 137.2266636,34.9720898,0 137.2266598,34.9720745,0 137.2266560,34.9720631,0 137.2266483,34.9720516,0 137.2266407,34.9720364,0 137.2266331,34.9720249,0 137.2266140,34.9719944,0 137.2265759,34.9719448,0 137.2265606,34.9719181,0 137.2265453,34.9718990,0 137.2265301,34.9718761,0 137.2265186,34.9718571,0 137.2265072,34.9718342,0 137.2264767,34.9717731,0 137.2264690,34.9717579,0 137.2264576,34.9717426,0 137.2264500,34.9717274,0 137.2264423,34.9717159,0 137.2264309,34.9717045,0 137.2264194,34.9716969,0 137.2264042,34.9716854,0 137.2263851,34.9716816,0 137.2263546,34.9716778,0 137.2263393,34.9716816,0 137.2263241,34.9716854,0 137.2263050,34.9716969,0 137.2262897,34.9717083,0 137.2262783,34.9717197,0 137.2262669,34.9717388,0 137.2262592,34.9717541,0 137.2262516,34.9717693,0 137.2262440,34.9717846,0 137.2262249,34.9718342,0 137.2262173,34.9718533,0 137.2262096,34.9718647,0 137.2262020,34.9718800,0 137.2261906,34.9718990,0 137.2261791,34.9719143,0 137.2261639,34.9719257,0 137.2261486,34.9719372,0 137.2261372,34.9719448,0 137.2261257,34.9719524,0 137.2261066,34.9719601,0 137.2260838,34.9719639,0 137.2260647,34.9719639,0 137.2260456,34.9719639,0 137.2260113,34.9719639,0 137.2259960,34.9719601,0 137.2259617,34.9719563,0 137.2259426,34.9719524,0 137.2259235,34.9719486,0 137.2259045,34.9719486,0 137.2258778,34.9719486,0 137.2258472,34.9719486,0 137.2258129,34.9719524,0 137.2257938,34.9719563,0 137.2257748,34.9719601,0 137.2257595,34.9719639,0 137.2257442,34.9719677,0 137.2257290,34.9719753,0 137.2257061,34.9719830,0 137.2256794,34.9719944,0 137.2256641,34.9720020,0 137.2256451,34.9720135,0 137.2256298,34.9720211,0 137.2256145,34.9720325,0 137.2255878,34.9720516,0 137.2255650,34.9720669,0 137.2255535,34.9720783,0 137.2255230,34.9720974,0 137.2253590,34.9722309,0 137.2253323,34.9722538,0 137.2253208,34.9722652,0 137.2253056,34.9722767,0 137.2252941,34.9722881,0 137.2252827,34.9722996,0 137.2252712,34.9723148,0 137.2252636,34.9723301,0 137.2252560,34.9723415,0 137.2252483,34.9723568,0 137.2252445,34.9723797,0 137.2252445,34.9723949,0 137.2252445,34.9724102,0 137.2252483,34.9724255,0 137.2252483,34.9724445,0 137.2252522,34.9724789,0 137.2252560,34.9725132,0 137.2252636,34.9725475,0 137.2252712,34.9725819,0 137.2252712,34.9725971,0 137.2252750,34.9726124,0 137.2252827,34.9726315,0 137.2252865,34.9726429,0 137.2252903,34.9726582,0 137.2252979,34.9726734,0 137.2253056,34.9726925,0 137.2253132,34.9727077,0 137.2253284,34.9727383,0 137.2253437,34.9727688,0 137.2253513,34.9727840,0 137.2253590,34.9727993,0 137.2253666,34.9728146,0 137.2253780,34.9728298,0 137.2253857,34.9728413,0 137.2254009,34.9728565,0 137.2254124,34.9728680,0 137.2254276,34.9728718,0 137.2254505,34.9728794,0 137.2254810,34.9728756,0 137.2254963,34.9728718,0 137.2255116,34.9728680,0 137.2255268,34.9728603,0 137.2255459,34.9728527,0 137.2255611,34.9728489,0 137.2255917,34.9728336,0 137.2256222,34.9728184,0 137.2256413,34.9728107,0 137.2256565,34.9727993,0 137.2256718,34.9727917,0 137.2257061,34.9727688,0 137.2257214,34.9727612,0 137.2257366,34.9727535,0 137.2257519,34.9727459,0 137.2257671,34.9727383,0 137.2257862,34.9727306,0</coordinates></LinearRing></outerBoundaryIs></Polygon></Placemark><Placemark><styleUrl>#minyu</styleUrl><Polygon><outerBoundaryIs><LinearRing><coordinates>137.2475006,34.9756796,0 137.2475006,34.9485485,0 137.2190189,34.9485485,0 137.2190189,34.9485798,0 137.2190228,34.9485950,0 137.2190228,34.9486141,0 137.2190228,34.9486294,0 137.2190266,34.9486446,0 137.2190304,34.9486599,0 137.2190380,34.9486713,0 137.2190456,34.9486866,0 137.2190533,34.9487019,0 137.2190647,34.9487133,0 137.2190762,34.9487247,0 137.2190876,34.9487362,0 137.2190990,34.9487476,0 137.2191105,34.9487591,0 137.2191219,34.9487705,0 137.2191372,34.9487820,0 137.2191486,34.9487896,0 137.2191639,34.9488010,0 137.2191792,34.9488125,0 137.2191982,34.9488239,0 137.2192211,34.9488277,0 137.2192364,34.9488316,0 137.2192554,34.9488392,0 137.2192707,34.9488430,0 137.2193394,34.9488583,0 137.2193623,34.9488621,0 137.2193775,34.9488659,0 137.2193928,34.9488735,0 137.2194080,34.9488811,0 137.2194309,34.9488926,0 137.2194424,34.9489002,0 137.2194538,34.9489079,0 137.2194653,34.9489193,0 137.2194729,34.9489307,0 137.2194843,34.9489422,0 137.2194881,34.9489536,0 137.2194920,34.9489651,0 137.2194958,34.9489765,0 137.2194996,34.9489994,0 137.2195034,34.9490185,0 137.2195034,34.9490337,0 137.2195034,34.9490490,0 137.2195034,34.9490681,0 137.2195034,34.9490833,0 137.2194996,34.9491138,0 137.2194958,34.9491482,0 137.2194920,34.9491787,0 137.2194843,34.9492283,0 137.2194767,34.9492626,0 137.2194729,34.9492931,0 137.2194614,34.9493275,0 137.2194500,34.9493771,0 137.2194386,34.9494114,0 137.2194309,34.9494457,0 137.2194195,34.9494724,0 137.2194042,34.9495144,0 137.2194004,34.9495335,0 137.2193966,34.9495487,0 137.2193928,34.9495640,0 137.2193890,34.9495831,0 137.2193928,34.9496059,0 137.2193966,34.9496174,0 137.2194004,34.9496288,0 137.2194080,34.9496441,0 137.2194195,34.9496593,0 137.2194271,34.9496746,0 137.2194386,34.9496899,0 137.2194805,34.9497471,0 137.2194996,34.9497776,0 137.2195110,34.9497890,0 137.2195225,34.9498043,0 137.2195301,34.9498196,0 137.2195377,34.9498348,0 137.2195415,34.9498501,0 137.2195492,34.9498653,0 137.2195606,34.9498959,0 137.2195721,34.9499454,0 137.2195873,34.9499912,0 137.2195950,34.9500256,0 137.2196064,34.9500790,0 137.2196331,34.9501858,0 137.2196407,34.9502201,0 137.2196484,34.9502544,0 137.2196484,34.9502735,0 137.2196522,34.9502926,0 137.2196560,34.9503117,0 137.2196560,34.9503269,0 137.2196522,34.9503422,0 137.2196484,34.9503689,0 137.2196407,34.9503803,0 137.2196369,34.9503956,0 137.2196255,34.9504070,0 137.2196178,34.9504185,0 137.2196026,34.9504299,0 137.2195873,34.9504414,0 137.2195683,34.9504528,0 137.2195530,34.9504566,0 137.2195263,34.9504642,0 137.2195072,34.9504719,0 137.2194729,34.9504795,0 137.2194233,34.9504910,0 137.2192822,34.9505215,0 137.2192478,34.9505291,0 137.2192287,34.9505329,0 137.2192135,34.9505367,0 137.2191906,34.9505405,0 137.2191601,34.9505405,0 137.2191296,34.9505405,0 137.2191105,34.9505405,0 137.2190914,34.9505367,0 137.2190609,34.9505291,0 137.2190418,34.9505215,0 137.2190151,34.9505138,0 137.2189999,34.9505062,0 137.2189846,34.9504986,0 137.2189541,34.9504795,0 137.2189236,34.9504642,0 137.2188473,34.9504185,0 137.2188015,34.9503918,0 137.2187710,34.9503727,0 137.2187557,34.9503651,0 137.2187405,34.9503536,0 137.2187252,34.9503422,0 137.2187138,34.9503345,0 137.2186985,34.9503193,0 137.2186832,34.9503040,0 137.2186718,34.9502964,0 137.2186642,34.9502850,0 137.2186527,34.9502735,0 137.2186413,34.9502583,0 137.2186222,34.9502316,0 137.2186031,34.9502048,0 137.2185841,34.9501781,0 137.2185574,34.9501362,0 137.2185497,34.9501247,0 137.2185383,34.9501095,0 137.2185307,34.9500980,0 137.2185192,34.9500828,0 137.2185078,34.9500751,0 137.2184963,34.9500637,0 137.2184811,34.9500523,0 137.2184620,34.9500446,0 137.2184391,34.9500332,0 137.2184200,34.9500256,0 137.2184010,34.9500256,0 137.2183857,34.9500217,0 137.2183514,34.9500179,0 137.2182980,34.9500141,0 137.2181759,34.9500103,0 137.2180882,34.9500065,0 137.2180386,34.9500027,0 137.2179852,34.9499989,0 137.2179508,34.9499950,0 137.2179165,34.9499912,0 137.2178020,34.9499760,0 137.2177601,34.9499683,0 137.2177296,34.9499683,0 137.2176952,34.9499645,0 137.2176609,34.9499645,0 137.2175922,34.9499607,0 137.2172413,34.9499569,0 137.2171535,34.9499531,0 137.2171192,34.9499569,0 137.2170849,34.9499569,0 137.2170582,34.9499569,0 137.2170086,34.9499607,0 137.2169743,34.9499645,0 137.2169476,34.9499645,0 137.2169209,34.9499607,0 137.2169018,34.9499607,0 137.2168865,34.9499569,0 137.2168560,34.9499493,0 137.2168255,34.9499416,0 137.2168102,34.9499378,0 137.2167759,34.9499226,0 137.2167606,34.9499149,0 137.2167301,34.9499035,0 137.2166958,34.9498882,0 137.2166805,34.9498806,0 137.2166653,34.9498692,0 137.2166500,34.9498615,0 137.2166348,34.9498539,0 137.2166233,34.9498425,0 137.2166119,34.9498310,0 137.2166004,34.9498196,0 137.2165928,34.9498081,0 137.2165852,34.9497929,0 137.2165775,34.9497776,0 137.2165737,34.9497623,0 137.2165699,34.9497433,0 137.2165661,34.9497280,0 137.2165661,34.9497128,0 137.2165661,34.9496975,0 137.2165623,34.9496479,0 137.2165623,34.9496326,0 137.2165623,34.9496136,0 137.2165585,34.9495983,0 137.2165546,34.9495831,0 137.2165470,34.9495564,0 137.2165356,34.9495411,0 137.2165279,34.9495296,0 137.2165165,34.9495144,0 137.2165051,34.9494991,0 137.2164936,34.9494877,0 137.2164707,34.9494610,0 137.2164211,34.9494076,0 137.2163944,34.9493847,0 137.2163677,34.9493580,0 137.2163410,34.9493313,0 137.2163258,34.9493198,0 137.2163029,34.9492970,0 137.2162838,34.9492779,0 137.2162724,34.9492626,0 137.2162647,34.9492550,0 137.2162571,34.9492397,0 137.2162495,34.9492283,0 137.2162457,34.9492130,0 137.2162418,34.9491863,0 137.2162457,34.9491673,0 137.2162533,34.9491482,0 137.2162571,34.9491329,0 137.2162647,34.9491177,0 137.2162876,34.9490795,0 137.2162952,34.9490643,0 137.2162952,34.9490414,0 137.2162914,34.9490299,0 137.2162838,34.9490223,0 137.2162647,34.9490108,0 137.2162495,34.9490070,0 137.2162189,34.9490070,0 137.2162037,34.9490108,0 137.2161732,34.9490147,0 137.2161579,34.9490185,0 137.2161350,34.9490261,0 137.2161160,34.9490337,0 137.2160816,34.9490452,0 137.2160473,34.9490604,0 137.2158794,34.9491291,0 137.2158489,34.9491444,0 137.2158298,34.9491482,0 137.2158146,34.9491558,0 137.2157993,34.9491634,0 137.2157803,34.9491787,0 137.2157612,34.9491940,0 137.2157497,34.9492092,0 137.2157421,34.9492207,0 137.2157345,34.9492359,0 137.2157345,34.9492626,0 137.2157383,34.9492970,0 137.2157383,34.9493122,0 137.2157421,34.9493275,0 137.2157421,34.9493504,0 137.2157383,34.9493656,0 137.2157383,34.9493809,0 137.2157345,34.9493961,0 137.2157307,34.9494114,0 137.2157269,34.9494267,0 137.2157230,34.9494419,0 137.2157192,34.9494534,0 137.2157116,34.9494648,0 137.2157040,34.9494839,0 137.2156925,34.9494953,0 137.2156849,34.9495106,0 137.2156734,34.9495220,0 137.2156582,34.9495373,0 137.2156429,34.9495487,0 137.2156239,34.9495602,0 137.2156086,34.9495716,0 137.2155933,34.9495792,0 137.2155590,34.9495983,0 137.2155285,34.9496136,0 137.2154980,34.9496288,0 137.2154789,34.9496365,0 137.2154636,34.9496441,0 137.2154446,34.9496517,0 137.2153873,34.9496746,0 137.2153721,34.9496784,0 137.2153568,34.9496861,0 137.2153454,34.9496937,0 137.2153339,34.9497013,0 137.2153187,34.9497089,0 137.2153072,34.9497166,0 137.2152958,34.9497242,0 137.2152805,34.9497395,0 137.2152691,34.9497471,0 137.2152576,34.9497585,0 137.2152500,34.9497738,0 137.2152386,34.9497890,0 137.2152271,34.9498081,0 137.2152195,34.9498196,0 137.2152004,34.9498653,0 137.2151928,34.9498806,0 137.2151852,34.9498959,0 137.2151699,34.9499264,0 137.2151546,34.9499531,0 137.2151470,34.9499683,0 137.2151356,34.9499836,0 137.2151279,34.9499989,0 137.2151127,34.9500141,0 137.2151012,34.9500294,0 137.2150898,34.9500446,0 137.2150784,34.9500523,0 137.2150631,34.9500637,0 137.2150059,34.9501095,0 137.2149677,34.9501400,0 137.2149448,34.9501629,0 137.2149334,34.9501743,0 137.2149220,34.9501858,0 137.2149105,34.9501934,0 137.2148991,34.9502048,0 137.2148762,34.9502316,0 137.2148457,34.9502735,0 137.2147350,34.9504147,0 137.2147121,34.9504452,0 137.2146931,34.9504719,0 137.2146702,34.9505024,0 137.2146626,34.9505177,0 137.2146511,34.9505329,0 137.2146435,34.9505482,0 137.2146358,34.9505634,0 137.2146282,34.9505749,0 137.2146206,34.9505939,0 137.2146167,34.9506056,0 137.2146167,34.9659787,0 137.2146282,34.9659710,0 137.2146435,34.9659595,0 137.2146587,34.9659481,0 137.2146740,34.9659405,0 137.2146969,34.9659290,0 137.2147121,34.9659252,0 137.2147312,34.9659138,0 137.2147617,34.9659061,0 137.2148113,34.9658871,0 137.2149143,34.9658566,0 137.2149982,34.9658337,0 137.2151318,34.9657955,0 137.2151737,34.9657803,0 137.2151928,34.9657726,0 137.2152081,34.9657688,0 137.2152195,34.9657612,0 137.2152348,34.9657574,0 137.2152538,34.9657459,0 137.2152653,34.9657345,0 137.2152767,34.9657269,0 137.2152882,34.9657116,0 137.2153034,34.9657001,0 137.2153111,34.9656887,0 137.2153187,34.9656773,0 137.2153301,34.9656620,0 137.2153683,34.9656010,0 137.2153835,34.9655704,0 137.2154255,34.9655094,0 137.2154522,34.9654675,0 137.2154827,34.9654217,0 137.2155018,34.9653950,0 137.2155247,34.9653683,0 137.2155361,34.9653530,0 137.2155476,34.9653416,0 137.2155590,34.9653263,0 137.2155781,34.9653149,0 137.2155895,34.9653034,0 137.2156048,34.9652958,0 137.2156200,34.9652882,0 137.2156429,34.9652767,0 137.2156582,34.9652729,0 137.2156963,34.9652615,0 137.2157116,34.9652576,0 137.2157269,34.9652500,0 137.2157421,34.9652462,0 137.2157574,34.9652386,0 137.2157726,34.9652309,0 137.2158031,34.9652157,0 137.2158184,34.9652081,0 137.2158489,34.9651890,0 137.2159100,34.9651508,0 137.2159863,34.9651051,0 137.2160168,34.9650860,0 137.2160320,34.9650745,0 137.2160473,34.9650669,0 137.2160587,34.9650555,0 137.2160740,34.9650440,0 137.2160854,34.9650326,0 137.2160969,34.9650173,0 137.2161007,34.9650059,0 137.2161045,34.9649944,0 137.2161007,34.9649754,0 137.2160969,34.9649601,0 137.2160854,34.9649448,0 137.2160702,34.9649296,0 137.2160511,34.9649143,0 137.2160206,34.9648991,0 137.2160091,34.9648914,0 137.2159481,34.9648647,0 137.2159367,34.9648571,0 137.2159138,34.9648457,0 137.2159023,34.9648380,0 137.2158909,34.9648304,0 137.2158794,34.9648228,0 137.2158680,34.9648113,0 137.2158566,34.9647961,0 137.2158451,34.9647846,0 137.2158375,34.9647732,0 137.2158298,34.9647541,0 137.2158184,34.9647312,0 137.2158146,34.9647160,0 137.2158031,34.9646816,0 137.2157879,34.9646320,0 137.2157574,34.9645329,0 137.2157459,34.9644985,0 137.2157421,34.9644794,0 137.2157383,34.9644642,0 137.2157345,34.9644489,0 137.2157345,34.9644299,0 137.2157307,34.9644146,0 137.2157345,34.9643993,0 137.2157345,34.9643841,0 137.2157383,34.9643688,0 137.2157459,34.9643574,0 137.2157536,34.9643421,0 137.2157650,34.9643307,0 137.2157764,34.9643154,0 137.2157879,34.9643040,0 137.2157993,34.9642963,0 137.2158108,34.9642887,0 137.2158337,34.9642773,0 137.2158566,34.9642696,0 137.2158718,34.9642658,0 137.2158909,34.9642582,0 137.2159252,34.9642506,0 137.2161160,34.9642048,0 137.2161694,34.9641933,0 137.2162037,34.9641857,0 137.2162266,34.9641819,0 137.2162571,34.9641743,0 137.2162876,34.9641705,0 137.2163258,34.9641666,0 137.2164288,34.9641628,0 137.2164631,34.9641590,0 137.2164822,34.9641590,0 137.2165089,34.9641514,0 137.2165241,34.9641476,0 137.2165394,34.9641438,0 137.2165546,34.9641399,0 137.2165699,34.9641323,0 137.2165852,34.9641247,0 137.2166004,34.9641171,0 137.2166080,34.9641056,0 137.2166157,34.9640903,0 137.2166233,34.9640751,0 137.2166348,34.9640408,0 137.2166424,34.9640255,0 137.2166462,34.9640141,0 137.2166538,34.9639950,0 137.2166653,34.9639797,0 137.2166729,34.9639645,0 137.2166843,34.9639568,0 137.2166958,34.9639492,0 137.2167072,34.9639378,0 137.2167187,34.9639301,0 137.2167454,34.9639225,0 137.2167721,34.9639149,0 137.2167873,34.9639111,0 137.2168064,34.9639111,0 137.2168331,34.9639149,0 137.2168598,34.9639225,0 137.2168827,34.9639339,0 137.2168941,34.9639416,0 137.2169094,34.9639530,0 137.2169285,34.9639683,0 137.2169361,34.9639835,0 137.2169476,34.9639988,0 137.2169590,34.9640255,0 137.2169628,34.9640446,0 137.2169666,34.9640598,0 137.2169704,34.9640789,0 137.2169704,34.9640942,0 137.2169743,34.9641285,0 137.2169781,34.9641628,0 137.2169819,34.9641781,0 137.2169819,34.9641972,0 137.2169819,34.9642124,0 137.2169819,34.9642277,0 137.2169781,34.9642467,0 137.2169743,34.9642620,0 137.2169704,34.9642735,0 137.2169628,34.9643002,0 137.2169476,34.9643345,0 137.2169399,34.9643459,0 137.2169361,34.9643612,0 137.2169323,34.9643764,0 137.2169323,34.9643917,0 137.2169361,34.9644222,0 137.2169437,34.9644375,0 137.2169476,34.9644489,0 137.2169552,34.9644604,0 137.2169666,34.9644680,0 137.2169743,34.9644794,0 137.2169895,34.9644909,0 137.2170048,34.9645061,0 137.2170200,34.9645138,0 137.2170353,34.9645252,0 137.2170773,34.9645557,0 137.2171001,34.9645710,0 137.2171154,34.9645824,0 137.2171268,34.9645977,0 137.2171383,34.9646168,0 137.2171459,34.9646282,0 137.2171497,34.9646435,0 137.2171535,34.9646549,0 137.2171535,34.9646702,0 137.2171535,34.9646969,0 137.2171497,34.9647083,0 137.2171459,34.9647236,0 137.2171345,34.9647427,0 137.2171268,34.9647579,0 137.2171116,34.9647694,0 137.2171001,34.9647846,0 137.2170887,34.9647923,0 137.2170658,34.9648037,0 137.2170391,34.9648151,0 137.2170162,34.9648190,0 137.2170010,34.9648228,0 137.2169819,34.9648266,0 137.2169476,34.9648342,0 137.2169094,34.9648380,0 137.2168560,34.9648457,0 137.2168217,34.9648495,0 137.2168026,34.9648495,0 137.2167683,34.9648495,0 137.2167416,34.9648495,0 137.2167149,34.9648495,0 137.2166996,34.9648457,0 137.2166767,34.9648418,0 137.2166233,34.9648304,0 137.2165928,34.9648228,0 137.2165775,34.9648190,0 137.2165470,34.9648151,0 137.2165203,34.9648151,0 137.2164898,34.9648228,0 137.2164707,34.9648266,0 137.2164555,34.9648342,0 137.2164402,34.9648418,0 137.2164288,34.9648495,0 137.2164135,34.9648571,0 137.2164021,34.9648685,0 137.2163906,34.9648800,0 137.2163792,34.9648876,0 137.2163677,34.9648991,0 137.2163563,34.9649143,0 137.2163448,34.9649258,0 137.2163334,34.9649372,0 137.2163219,34.9649487,0 137.2163105,34.9649639,0 137.2163029,34.9649754,0 137.2162952,34.9649906,0 137.2162876,34.9650059,0 137.2162800,34.9650211,0 137.2162762,34.9650402,0 137.2162685,34.9650555,0 137.2162685,34.9650745,0 137.2162647,34.9650898,0 137.2162647,34.9651051,0 137.2162647,34.9651203,0 137.2162685,34.9651356,0 137.2162685,34.9651508,0 137.2162724,34.9651661,0 137.2162762,34.9651814,0 137.2162838,34.9651966,0 137.2162914,34.9652157,0 137.2162991,34.9652309,0 137.2163105,34.9652462,0 137.2163181,34.9652615,0 137.2163296,34.9652729,0 137.2163410,34.9652882,0 137.2163525,34.9652996,0 137.2163792,34.9653263,0 137.2164631,34.9654140,0 137.2165585,34.9655132,0 137.2165852,34.9655399,0 137.2165966,34.9655514,0 137.2166080,34.9655628,0 137.2166233,34.9655743,0 137.2166348,34.9655857,0 137.2166538,34.9655972,0 137.2166691,34.9656048,0 137.2167034,34.9656124,0 137.2167187,34.9656162,0 137.2167530,34.9656200,0 137.2167721,34.9656200,0 137.2167873,34.9656162,0 137.2168064,34.9656162,0 137.2168217,34.9656124,0 137.2168407,34.9656086,0 137.2168751,34.9655972,0 137.2169094,34.9655895,0 137.2169437,34.9655781,0 137.2169590,34.9655704,0 137.2169781,34.9655666,0 137.2169895,34.9655590,0 137.2170086,34.9655514,0 137.2170238,34.9655399,0 137.2170696,34.9655170,0 137.2170849,34.9655056,0 137.2171001,34.9654980,0 137.2171154,34.9654942,0 137.2171307,34.9654865,0 137.2171459,34.9654827,0 137.2171612,34.9654789,0 137.2171803,34.9654751,0 137.2172070,34.9654751,0 137.2172260,34.9654751,0 137.2172565,34.9654789,0 137.2172718,34.9654827,0 137.2172909,34.9654865,0 137.2173710,34.9655094,0 137.2173862,34.9655132,0 137.2174015,34.9655170,0 137.2174168,34.9655209,0 137.2174397,34.9655247,0 137.2174664,34.9655209,0 137.2174969,34.9655132,0 137.2175236,34.9655018,0 137.2175388,34.9654942,0 137.2175655,34.9654789,0 137.2175846,34.9654675,0 137.2175999,34.9654560,0 137.2176266,34.9654369,0 137.2176647,34.9654026,0 137.2176914,34.9653835,0 137.2177067,34.9653721,0 137.2177181,34.9653645,0 137.2177296,34.9653568,0 137.2177486,34.9653454,0 137.2177753,34.9653339,0 137.2177906,34.9653263,0 137.2178059,34.9653187,0 137.2178402,34.9653072,0 137.2178707,34.9652996,0 137.2179661,34.9652691,0 137.2180157,34.9652500,0 137.2181492,34.9652042,0 137.2182522,34.9651661,0 137.2182865,34.9651546,0 137.2183208,34.9651432,0 137.2183399,34.9651356,0 137.2183590,34.9651241,0 137.2183743,34.9651165,0 137.2184048,34.9651012,0 137.2184315,34.9650860,0 137.2184620,34.9650707,0 137.2184772,34.9650593,0 137.2184963,34.9650478,0 137.2185535,34.9650059,0 137.2185841,34.9649868,0 137.2186146,34.9649677,0 137.2186451,34.9649448,0 137.2186756,34.9649296,0 137.2186909,34.9649181,0 137.2187061,34.9649105,0 137.2187214,34.9649029,0 137.2187443,34.9648952,0 137.2187634,34.9648914,0 137.2187786,34.9648876,0 137.2188091,34.9648876,0 137.2188282,34.9648876,0 137.2188587,34.9648952,0 137.2188740,34.9648991,0 137.2189007,34.9649143,0 137.2189121,34.9649220,0 137.2189274,34.9649334,0 137.2189426,34.9649448,0 137.2189503,34.9649563,0 137.2189579,34.9649677,0 137.2189693,34.9649830,0 137.2189808,34.9649944,0 137.2189960,34.9650249,0 137.2190418,34.9650974,0 137.2190723,34.9651432,0 137.2190914,34.9651699,0 137.2191143,34.9652004,0 137.2191639,34.9652729,0 137.2192974,34.9654560,0 137.2193279,34.9654980,0 137.2193623,34.9655399,0 137.2193813,34.9655704,0 137.2194042,34.9655972,0 137.2194691,34.9656734,0 137.2194881,34.9657001,0 137.2194958,34.9657116,0 137.2195110,34.9657307,0 137.2195148,34.9657421,0 137.2195225,34.9657574,0 137.2195263,34.9657726,0 137.2195263,34.9657955,0 137.2195263,34.9658108,0 137.2195225,34.9658337,0 137.2195187,34.9658489,0 137.2195110,34.9658642,0 137.2195034,34.9658794,0 137.2194958,34.9658947,0 137.2194881,34.9659061,0 137.2194805,34.9659214,0 137.2194691,34.9659367,0 137.2194500,34.9659634,0 137.2194424,34.9659786,0 137.2194309,34.9659901,0 137.2194233,34.9660015,0 137.2194118,34.9660130,0 137.2193966,34.9660282,0 137.2193775,34.9660473,0 137.2193623,34.9660587,0 137.2193470,34.9660702,0 137.2193165,34.9660892,0 137.2192707,34.9661198,0 137.2192554,34.9661312,0 137.2192402,34.9661388,0 137.2192287,34.9661503,0 137.2192135,34.9661617,0 137.2192020,34.9661770,0 137.2191944,34.9661884,0 137.2191830,34.9662037,0 137.2191792,34.9662189,0 137.2191830,34.9662457,0 137.2191906,34.9662571,0 137.2191982,34.9662685,0 137.2192135,34.9662762,0 137.2192287,34.9662838,0 137.2192516,34.9662914,0 137.2192745,34.9662952,0 137.2193089,34.9662952,0 137.2193279,34.9662914,0 137.2193432,34.9662876,0 137.2194157,34.9662762,0 137.2194347,34.9662762,0 137.2194538,34.9662724,0 137.2194729,34.9662724,0 137.2194881,34.9662762,0 137.2195148,34.9662800,0 137.2195301,34.9662838,0 137.2195530,34.9662914,0 137.2195644,34.9662991,0 137.2195759,34.9663067,0 137.2195873,34.9663143,0 137.2195988,34.9663258,0 137.2196102,34.9663372,0 137.2196140,34.9663486,0 137.2196217,34.9663601,0 137.2196255,34.9663754,0 137.2196293,34.9663906,0 137.2196293,34.9664135,0 137.2196293,34.9664364,0 137.2196255,34.9664707,0 137.2196217,34.9664898,0 137.2196217,34.9665089,0 137.2196217,34.9665241,0 137.2196217,34.9665623,0 137.2196178,34.9665966,0 137.2196217,34.9666309,0 137.2196217,34.9667759,0 137.2196217,34.9668140,0 137.2196217,34.9668484,0 137.2196217,34.9668827,0 137.2196217,34.9669018,0 137.2196178,34.9669209,0 137.2196178,34.9669361,0 137.2196064,34.9670010,0 137.2196026,34.9670353,0 137.2196026,34.9670506,0 137.2196026,34.9670696,0 137.2196026,34.9670849,0 137.2196026,34.9671078,0 137.2196064,34.9671192,0 137.2196102,34.9671307,0 137.2196178,34.9671459,0 137.2196255,34.9671574,0 137.2196331,34.9671726,0 137.2196445,34.9671879,0 137.2196522,34.9671993,0 137.2196636,34.9672146,0 137.2196865,34.9672375,0 137.2197208,34.9672794,0 137.2197437,34.9673023,0 137.2197552,34.9673138,0 137.2197666,34.9673290,0 137.2197781,34.9673405,0 137.2198048,34.9673634,0 137.2198429,34.9673939,0 137.2198696,34.9674168,0 137.2199001,34.9674397,0 137.2199268,34.9674587,0 137.2199993,34.9675083,0 137.2200603,34.9675503,0 137.2200909,34.9675694,0 137.2201176,34.9675884,0 137.2201328,34.9675999,0 137.2201557,34.9676113,0 137.2201748,34.9676189,0 137.2201900,34.9676266,0 137.2202206,34.9676418,0 137.2202663,34.9676647,0 137.2203159,34.9676838,0 137.2203465,34.9676991,0 137.2203655,34.9677029,0 137.2203808,34.9677105,0 137.2203960,34.9677143,0 137.2204189,34.9677219,0 137.2204380,34.9677219,0 137.2204571,34.9677258,0 137.2204762,34.9677258,0 137.2204914,34.9677296,0 137.2205448,34.9677296,0 137.2206707,34.9677334,0 137.2207088,34.9677334,0 137.2207241,34.9677372,0 137.2207432,34.9677372,0 137.2207623,34.9677410,0 137.2207966,34.9677448,0 137.2208195,34.9677525,0 137.2208424,34.9677601,0 137.2208614,34.9677677,0 137.2208843,34.9677792,0 137.2208958,34.9677868,0 137.2209072,34.9677944,0 137.2209263,34.9678059,0 137.2209415,34.9678173,0 137.2209949,34.9678555,0 137.2210102,34.9678669,0 137.2210217,34.9678745,0 137.2210331,34.9678822,0 137.2210484,34.9678898,0 137.2210636,34.9678974,0 137.2210789,34.9679050,0 137.2210941,34.9679127,0 137.2211132,34.9679203,0 137.2211323,34.9679279,0 137.2211475,34.9679317,0 137.2211628,34.9679394,0 137.2211857,34.9679432,0 137.2212009,34.9679470,0 137.2212238,34.9679508,0 137.2212582,34.9679508,0 137.2213230,34.9679546,0 137.2213421,34.9679546,0 137.2213573,34.9679585,0 137.2213879,34.9679623,0 137.2214031,34.9679661,0 137.2214222,34.9679699,0 137.2214451,34.9679813,0 137.2214642,34.9679890,0 137.2215099,34.9680119,0 137.2215214,34.9680195,0 137.2215366,34.9680271,0 137.2215519,34.9680347,0 137.2215672,34.9680386,0 137.2215824,34.9680424,0 137.2216091,34.9680424,0 137.2216320,34.9680424,0 137.2216473,34.9680386,0 137.2216778,34.9680347,0 137.2216930,34.9680271,0 137.2217083,34.9680233,0 137.2217236,34.9680157,0 137.2217388,34.9680119,0 137.2217503,34.9680042,0 137.2217655,34.9679966,0 137.2217731,34.9679852,0 137.2217808,34.9679699,0 137.2217846,34.9679585,0 137.2217846,34.9679432,0 137.2217846,34.9679279,0 137.2217808,34.9679127,0 137.2217770,34.9678974,0 137.2217693,34.9678822,0 137.2217617,34.9678669,0 137.2217541,34.9678516,0 137.2217426,34.9678211,0 137.2217236,34.9677906,0 137.2217083,34.9677601,0 137.2216930,34.9677296,0 137.2216854,34.9677143,0 137.2216740,34.9676991,0 137.2216625,34.9676838,0 137.2216511,34.9676723,0 137.2216358,34.9676571,0 137.2216206,34.9676456,0 137.2216091,34.9676342,0 137.2215824,34.9676151,0 137.2215672,34.9676037,0 137.2215366,34.9675846,0 137.2215099,34.9675655,0 137.2214947,34.9675579,0 137.2214794,34.9675465,0 137.2214642,34.9675388,0 137.2214489,34.9675350,0 137.2214222,34.9675236,0 137.2214031,34.9675198,0 137.2213879,34.9675159,0 137.2213688,34.9675121,0 137.2213001,34.9675045,0 137.2210865,34.9674816,0 137.2207012,34.9674435,0 137.2206440,34.9674358,0 137.2205944,34.9674320,0 137.2205486,34.9674244,0 137.2205105,34.9674206,0 137.2204838,34.9674129,0 137.2204571,34.9674053,0 137.2204266,34.9673977,0 137.2203960,34.9673862,0 137.2203655,34.9673748,0 137.2203503,34.9673672,0 137.2203312,34.9673595,0 137.2203121,34.9673481,0 137.2203007,34.9673405,0 137.2202892,34.9673328,0 137.2202778,34.9673214,0 137.2202702,34.9673100,0 137.2202587,34.9672985,0 137.2202549,34.9672871,0 137.2202473,34.9672718,0 137.2202435,34.9672413,0 137.2202435,34.9672222,0 137.2202473,34.9672070,0 137.2202473,34.9671917,0 137.2202511,34.9671764,0 137.2202587,34.9671612,0 137.2202663,34.9671459,0 137.2202778,34.9671116,0 137.2202930,34.9670811,0 137.2203083,34.9670467,0 137.2203236,34.9670162,0 137.2203312,34.9670010,0 137.2203388,34.9669857,0 137.2203465,34.9669704,0 137.2203579,34.9669514,0 137.2203693,34.9669361,0 137.2203808,34.9669247,0 137.2203922,34.9669094,0 137.2204113,34.9668980,0 137.2204266,34.9668903,0 137.2204494,34.9668789,0 137.2204685,34.9668751,0 137.2204838,34.9668713,0 137.2205067,34.9668674,0 137.2205296,34.9668636,0 137.2205639,34.9668636,0 137.2205944,34.9668674,0 137.2206287,34.9668674,0 137.2206440,34.9668713,0 137.2206669,34.9668751,0 137.2206821,34.9668789,0 137.2207088,34.9668865,0 137.2207279,34.9668903,0 137.2207432,34.9668980,0 137.2207775,34.9669094,0 137.2208767,34.9669476,0 137.2209148,34.9669628,0 137.2209377,34.9669704,0 137.2209682,34.9669819,0 137.2210369,34.9670048,0 137.2210674,34.9670162,0 137.2210865,34.9670200,0 137.2211018,34.9670238,0 137.2211170,34.9670277,0 137.2211361,34.9670315,0 137.2211514,34.9670353,0 137.2211781,34.9670353,0 137.2212048,34.9670315,0 137.2212238,34.9670315,0 137.2212391,34.9670277,0 137.2212543,34.9670238,0 137.2212696,34.9670200,0 137.2213039,34.9670086,0 137.2213192,34.9670048,0 137.2213345,34.9669971,0 137.2213497,34.9669933,0 137.2213650,34.9669857,0 137.2213802,34.9669781,0 137.2213993,34.9669704,0 137.2214298,34.9669514,0 137.2215061,34.9669056,0 137.2215252,34.9668941,0 137.2215443,34.9668865,0 137.2215633,34.9668789,0 137.2215862,34.9668674,0 137.2216053,34.9668674,0 137.2216206,34.9668636,0 137.2216396,34.9668598,0 137.2216702,34.9668636,0 137.2217007,34.9668713,0 137.2217159,34.9668751,0 137.2217350,34.9668865,0 137.2217503,34.9668903,0 137.2217731,34.9669056,0 137.2217884,34.9669132,0 137.2218189,34.9669323,0 137.2218494,34.9669514,0 137.2220097,34.9670544,0 137.2220516,34.9670811,0 137.2220783,34.9671001,0 137.2221203,34.9671307,0 137.2221622,34.9671612,0 137.2221889,34.9671841,0 137.2222157,34.9672031,0 137.2222271,34.9672146,0 137.2222385,34.9672260,0 137.2222538,34.9672413,0 137.2222652,34.9672565,0 137.2222729,34.9672680,0 137.2222881,34.9672832,0 137.2223148,34.9673367,0 137.2223225,34.9673519,0 137.2223339,34.9673672,0 137.2223492,34.9673901,0 137.2223606,34.9674053,0 137.2223721,34.9674168,0 137.2223835,34.9674320,0 137.2223988,34.9674511,0 137.2224140,34.9674625,0 137.2224255,34.9674740,0 137.2224407,34.9674816,0 137.2224522,34.9674931,0 137.2224674,34.9675007,0 137.2224827,34.9675083,0 137.2224979,34.9675159,0 137.2225170,34.9675198,0 137.2225513,34.9675236,0 137.2225704,34.9675274,0 137.2226048,34.9675274,0 137.2227268,34.9675350,0 137.2227650,34.9675388,0 137.2227993,34.9675426,0 137.2228260,34.9675465,0 137.2228603,34.9675541,0 137.2228756,34.9675579,0 137.2228909,34.9675617,0 137.2229099,34.9675694,0 137.2229404,34.9675808,0 137.2229900,34.9675999,0 137.2231998,34.9676838,0 137.2232533,34.9677067,0 137.2232723,34.9677143,0 137.2232876,34.9677181,0 137.2233219,34.9677296,0 137.2233524,34.9677372,0 137.2234020,34.9677525,0 137.2234859,34.9677753,0 137.2235508,34.9677906,0 137.2235851,34.9677982,0 137.2236156,34.9678059,0 137.2236500,34.9678135,0 137.2236652,34.9678173,0 137.2236843,34.9678173,0 137.2236996,34.9678211,0 137.2237186,34.9678211,0 137.2237530,34.9678211,0 137.2237873,34.9678211,0 137.2238216,34.9678211,0 137.2238407,34.9678211,0 137.2238560,34.9678173,0 137.2238903,34.9678135,0 137.2239056,34.9678097,0 137.2239170,34.9678020,0 137.2239323,34.9677944,0 137.2239437,34.9677830,0 137.2239552,34.9677715,0 137.2239628,34.9677563,0 137.2239742,34.9677448,0 137.2239857,34.9677296,0 137.2240047,34.9676991,0 137.2240696,34.9675961,0 137.2241344,34.9674892,0 137.2241535,34.9674625,0 137.2241611,34.9674473,0 137.2241726,34.9674320,0 137.2241764,34.9674168,0 137.2241840,34.9674015,0 137.2241879,34.9673862,0 137.2241879,34.9673557,0 137.2241840,34.9673443,0 137.2241802,34.9673290,0 137.2241726,34.9673138,0 137.2241611,34.9673023,0 137.2241535,34.9672871,0 137.2241421,34.9672756,0 137.2241001,34.9672222,0 137.2240887,34.9672070,0 137.2240810,34.9671917,0 137.2240696,34.9671764,0 137.2240620,34.9671574,0 137.2240543,34.9671421,0 137.2240505,34.9671230,0 137.2240467,34.9671078,0 137.2240505,34.9670849,0 137.2240543,34.9670734,0 137.2240620,34.9670582,0 137.2240658,34.9670429,0 137.2240772,34.9670277,0 137.2240887,34.9670086,0 137.2241001,34.9669933,0 137.2241154,34.9669819,0 137.2241268,34.9669704,0 137.2241535,34.9669437,0 137.2242031,34.9668941,0 137.2242298,34.9668674,0 137.2242565,34.9668407,0 137.2242680,34.9668293,0 137.2242832,34.9668179,0 137.2242985,34.9668064,0 137.2243137,34.9667950,0 137.2243252,34.9667873,0 137.2243481,34.9667759,0 137.2243710,34.9667645,0 137.2243977,34.9667606,0 137.2244129,34.9667530,0 137.2244473,34.9667454,0 137.2244816,34.9667377,0 137.2246571,34.9667034,0 137.2247105,34.9666920,0 137.2247295,34.9666882,0 137.2247448,34.9666843,0 137.2247639,34.9666843,0 137.2247829,34.9666805,0 137.2248135,34.9666805,0 137.2248402,34.9666882,0 137.2248669,34.9666958,0 137.2248898,34.9667034,0 137.2249012,34.9667110,0 137.2249165,34.9667225,0 137.2249317,34.9667377,0 137.2249432,34.9667492,0 137.2249508,34.9667606,0 137.2249775,34.9667950,0 137.2249889,34.9668064,0 137.2250004,34.9668179,0 137.2250118,34.9668331,0 137.2250195,34.9668407,0 137.2250423,34.9668522,0 137.2250729,34.9668560,0 137.2250996,34.9668522,0 137.2251301,34.9668484,0 137.2251453,34.9668446,0 137.2251949,34.9668293,0 137.2252102,34.9668255,0 137.2252407,34.9668217,0 137.2252598,34.9668179,0 137.2252941,34.9668179,0 137.2253284,34.9668179,0 137.2253628,34.9668217,0 137.2254314,34.9668255,0 137.2254658,34.9668293,0 137.2254963,34.9668293,0 137.2255192,34.9668293,0 137.2255344,34.9668255,0 137.2255497,34.9668217,0 137.2255611,34.9668140,0 137.2255764,34.9668026,0 137.2255840,34.9667912,0 137.2255878,34.9667797,0 137.2255955,34.9667645,0 137.2255993,34.9667492,0 137.2256031,34.9667339,0 137.2256031,34.9667110,0 137.2255993,34.9666958,0 137.2255955,34.9666767,0 137.2255878,34.9666576,0 137.2255840,34.9666424,0 137.2255764,34.9666271,0 137.2255688,34.9666080,0 137.2255535,34.9665775,0 137.2255344,34.9665470,0 137.2255268,34.9665279,0 137.2255116,34.9665089,0 137.2254963,34.9664783,0 137.2254772,34.9664478,0 137.2254391,34.9663868,0 137.2254200,34.9663601,0 137.2254009,34.9663296,0 137.2253895,34.9663143,0 137.2253780,34.9663029,0 137.2253704,34.9662876,0 137.2253551,34.9662724,0 137.2253399,34.9662609,0 137.2253284,34.9662495,0 137.2253132,34.9662380,0 137.2252979,34.9662304,0 137.2252674,34.9662113,0 137.2252560,34.9662037,0 137.2252254,34.9661846,0 137.2251949,34.9661694,0 137.2251606,34.9661541,0 137.2250690,34.9661083,0 137.2250347,34.9660931,0 137.2250195,34.9660854,0 137.2250080,34.9660778,0 137.2249928,34.9660664,0 137.2249813,34.9660587,0 137.2249660,34.9660473,0 137.2249508,34.9660358,0 137.2249432,34.9660206,0 137.2249317,34.9660053,0 137.2249279,34.9659939,0 137.2249241,34.9659786,0 137.2249203,34.9659634,0 137.2249203,34.9659481,0 137.2249203,34.9659328,0 137.2249241,34.9659214,0 137.2249279,34.9659023,0 137.2249317,34.9658871,0 137.2249470,34.9658527,0 137.2249508,34.9658375,0 137.2249546,34.9658222,0 137.2249584,34.9658031,0 137.2249622,34.9657879,0 137.2249660,34.9657688,0 137.2249699,34.9657345,0 137.2249737,34.9657001,0 137.2249737,34.9656658,0 137.2249737,34.9656506,0 137.2249737,34.9656239,0 137.2249737,34.9655895,0 137.2249699,34.9655361,0 137.2249622,34.9654293,0 137.2249584,34.9653759,0 137.2249584,34.9653606,0 137.2249584,34.9653416,0 137.2249584,34.9653263,0 137.2249584,34.9653072,0 137.2249622,34.9652882,0 137.2249660,34.9652767,0 137.2249699,34.9652615,0 137.2249775,34.9652500,0 137.2249851,34.9652386,0 137.2249928,34.9652271,0 137.2250004,34.9652157,0 137.2250118,34.9652081,0 137.2250271,34.9651966,0 137.2250423,34.9651890,0 137.2250538,34.9651814,0 137.2250767,34.9651699,0 137.2251339,34.9651470,0 137.2251492,34.9651432,0 137.2251720,34.9651318,0 137.2251873,34.9651165,0 137.2252064,34.9651012,0 137.2252178,34.9650822,0 137.2252216,34.9650707,0 137.2252254,34.9650555,0 137.2252293,34.9650440,0 137.2252331,34.9650288,0 137.2252369,34.9650021,0 137.2252369,34.9649868,0 137.2252407,34.9649677,0 137.2252483,34.9649525,0 137.2252522,34.9649410,0 137.2252560,34.9649258,0 137.2252636,34.9649105,0 137.2252712,34.9648952,0 137.2252789,34.9648800,0 137.2252941,34.9648495,0 137.2253094,34.9648190,0 137.2253170,34.9648037,0 137.2253284,34.9647884,0 137.2253399,34.9647694,0 137.2253513,34.9647541,0 137.2253628,34.9647427,0 137.2253704,34.9647274,0 137.2253819,34.9647160,0 137.2253933,34.9647045,0 137.2254047,34.9646893,0 137.2254162,34.9646778,0 137.2254276,34.9646702,0 137.2254391,34.9646626,0 137.2254505,34.9646549,0 137.2254620,34.9646473,0 137.2254734,34.9646397,0 137.2254887,34.9646358,0 137.2255077,34.9646282,0 137.2255268,34.9646244,0 137.2255459,34.9646206,0 137.2255688,34.9646206,0 137.2256184,34.9646206,0 137.2256336,34.9646168,0 137.2256527,34.9646168,0 137.2256680,34.9646091,0 137.2256832,34.9646053,0 137.2256985,34.9645939,0 137.2257099,34.9645786,0 137.2257214,34.9645672,0 137.2257290,34.9645519,0 137.2257404,34.9645405,0 137.2257481,34.9645252,0 137.2257671,34.9644947,0 137.2258167,34.9644032,0 137.2258434,34.9643650,0 137.2258587,34.9643383,0 137.2258739,34.9643154,0 137.2259426,34.9642124,0 137.2259617,34.9641857,0 137.2259731,34.9641705,0 137.2259808,34.9641552,0 137.2259884,34.9641399,0 137.2259960,34.9641247,0 137.2260036,34.9641094,0 137.2260075,34.9640942,0 137.2260113,34.9640675,0 137.2260113,34.9640522,0 137.2260075,34.9640408,0 137.2259998,34.9640064,0 137.2259998,34.9639912,0 137.2259960,34.9639797,0 137.2259998,34.9639568,0 137.2259998,34.9639416,0 137.2260036,34.9639301,0 137.2260113,34.9639187,0 137.2260151,34.9639034,0 137.2260303,34.9638844,0 137.2260418,34.9638691,0 137.2260532,34.9638577,0 137.2260647,34.9638462,0 137.2260799,34.9638386,0 137.2260990,34.9638309,0 137.2261105,34.9638195,0 137.2261295,34.9638157,0 137.2261448,34.9638119,0 137.2261600,34.9638081,0 137.2261791,34.9638042,0 137.2262058,34.9638081,0 137.2262325,34.9638119,0 137.2262516,34.9638195,0 137.2262669,34.9638233,0 137.2262821,34.9638348,0 137.2263012,34.9638500,0 137.2263165,34.9638691,0 137.2263317,34.9638882,0 137.2263355,34.9638996,0 137.2263432,34.9639149,0 137.2263470,34.9639339,0 137.2263508,34.9639454,0 137.2263546,34.9639759,0 137.2263660,34.9640331,0 137.2263699,34.9640484,0 137.2263737,34.9640636,0 137.2263775,34.9640789,0 137.2263813,34.9640903,0 137.2263889,34.9641094,0 137.2264042,34.9641285,0 137.2264118,34.9641361,0 137.2264233,34.9641476,0 137.2264462,34.9641552,0 137.2264767,34.9641628,0 137.2265034,34.9641628,0 137.2265339,34.9641552,0 137.2265491,34.9641514,0 137.2265682,34.9641399,0 137.2265835,34.9641323,0 137.2265987,34.9641247,0 137.2266293,34.9641056,0 137.2266979,34.9640560,0 137.2267246,34.9640369,0 137.2267551,34.9640179,0 137.2268009,34.9639912,0 137.2268467,34.9639645,0 137.2268772,34.9639454,0 137.2269077,34.9639263,0 137.2269230,34.9639187,0 137.2269535,34.9639034,0 137.2269840,34.9638882,0 137.2270489,34.9638615,0 137.2270641,34.9638538,0 137.2270794,34.9638462,0 137.2270947,34.9638386,0 137.2271099,34.9638309,0 137.2271252,34.9638195,0 137.2271404,34.9638119,0 137.2271671,34.9637890,0 137.2271976,34.9637661,0 137.2272091,34.9637585,0 137.2272205,34.9637432,0 137.2272358,34.9637318,0 137.2272472,34.9637203,0 137.2272587,34.9637089,0 137.2272739,34.9636860,0 137.2272968,34.9636555,0 137.2273159,34.9636288,0 137.2273846,34.9635258,0 137.2274036,34.9634953,0 137.2274227,34.9634686,0 137.2274418,34.9634418,0 137.2274647,34.9634190,0 137.2274837,34.9633999,0 137.2275028,34.9633770,0 137.2275181,34.9633656,0 137.2275448,34.9633427,0 137.2275715,34.9633198,0 137.2275867,34.9633083,0 137.2276020,34.9632969,0 137.2276173,34.9632854,0 137.2276402,34.9632740,0 137.2276516,34.9632664,0 137.2276783,34.9632587,0 137.2277050,34.9632511,0 137.2277317,34.9632511,0 137.2277584,34.9632511,0 137.2277889,34.9632587,0 137.2278080,34.9632702,0 137.2278271,34.9632778,0 137.2278423,34.9632893,0 137.2278538,34.9633007,0 137.2278652,34.9633160,0 137.2278728,34.9633312,0 137.2278805,34.9633465,0 137.2278843,34.9633617,0 137.2278881,34.9633770,0 137.2278881,34.9633923,0 137.2278881,34.9634075,0 137.2278881,34.9634228,0 137.2278881,34.9634418,0 137.2278843,34.9634953,0 137.2278843,34.9635143,0 137.2278805,34.9635296,0 137.2278805,34.9635448,0 137.2278843,34.9635639,0 137.2278919,34.9635830,0 137.2278996,34.9635983,0 137.2279072,34.9636097,0 137.2279186,34.9636173,0 137.2279301,34.9636250,0 137.2279491,34.9636250,0 137.2279644,34.9636288,0 137.2279835,34.9636288,0 137.2280178,34.9636288,0 137.2280521,34.9636288,0 137.2280941,34.9636250,0 137.2281322,34.9636211,0 137.2281666,34.9636173,0 137.2282696,34.9636059,0 137.2283039,34.9635983,0 137.2283230,34.9635983,0 137.2283382,34.9635944,0 137.2283573,34.9635906,0 137.2283726,34.9635868,0 137.2283878,34.9635830,0 137.2284069,34.9635754,0 137.2284260,34.9635715,0 137.2284641,34.9635525,0 137.2285480,34.9635181,0 137.2285786,34.9635029,0 137.2286129,34.9634914,0 137.2286282,34.9634838,0 137.2286510,34.9634800,0 137.2286739,34.9634724,0 137.2287045,34.9634647,0 137.2287235,34.9634647,0 137.2287388,34.9634609,0 137.2287655,34.9634609,0 137.2287884,34.9634609,0 137.2288380,34.9634609,0 137.2288914,34.9634647,0 137.2290096,34.9634724,0 137.2290783,34.9634762,0 137.2291279,34.9634762,0 137.2291660,34.9634800,0 137.2292156,34.9634800,0 137.2292500,34.9634800,0 137.2292843,34.9634762,0 137.2293720,34.9634686,0 137.2294064,34.9634686,0 137.2294292,34.9634686,0 137.2294674,34.9634686,0 137.2294827,34.9634724,0 137.2295055,34.9634724,0 137.2295208,34.9634762,0 137.2295437,34.9634838,0 137.2295589,34.9634876,0 137.2295856,34.9634953,0 137.2296009,34.9635029,0 137.2296162,34.9635105,0 137.2296314,34.9635181,0 137.2296467,34.9635258,0 137.2296581,34.9635334,0 137.2296696,34.9635410,0 137.2296810,34.9635525,0 137.2296925,34.9635601,0 137.2297039,34.9635754,0 137.2297115,34.9635906,0 137.2297230,34.9636059,0 137.2297230,34.9636211,0 137.2297268,34.9636326,0 137.2297306,34.9636555,0 137.2297268,34.9636822,0 137.2297268,34.9636974,0 137.2297230,34.9637127,0 137.2297192,34.9637241,0 137.2297153,34.9637394,0 137.2297115,34.9637508,0 137.2297077,34.9637623,0 137.2297001,34.9637737,0 137.2296925,34.9637890,0 137.2296810,34.9638042,0 137.2296734,34.9638195,0 137.2296581,34.9638348,0 137.2296467,34.9638500,0 137.2296238,34.9638729,0 137.2296009,34.9638958,0 137.2295895,34.9639072,0 137.2295780,34.9639187,0 137.2295628,34.9639301,0 137.2295475,34.9639416,0 137.2295322,34.9639530,0 137.2295132,34.9639645,0 137.2294979,34.9639721,0 137.2294827,34.9639797,0 137.2294521,34.9639950,0 137.2294025,34.9640141,0 137.2293720,34.9640293,0 137.2293339,34.9640408,0 137.2292995,34.9640522,0 137.2292690,34.9640636,0 137.2292347,34.9640713,0 137.2292156,34.9640789,0 137.2291813,34.9640865,0 137.2291317,34.9640942,0 137.2290974,34.9641018,0 137.2290363,34.9641132,0 137.2290058,34.9641171,0 137.2289906,34.9641209,0 137.2289639,34.9641361,0 137.2289486,34.9641399,0 137.2289410,34.9641514,0 137.2289371,34.9641628,0 137.2289410,34.9641857,0 137.2289448,34.9641972,0 137.2289524,34.9642086,0 137.2289639,34.9642200,0 137.2289753,34.9642315,0 137.2289906,34.9642429,0 137.2290173,34.9642658,0 137.2290440,34.9642849,0 137.2291431,34.9643612,0 137.2291737,34.9643803,0 137.2291889,34.9643917,0 137.2292004,34.9643993,0 137.2292156,34.9644070,0 137.2292309,34.9644146,0 137.2292500,34.9644260,0 137.2292652,34.9644299,0 137.2292805,34.9644337,0 137.2292995,34.9644337,0 137.2293186,34.9644375,0 137.2293720,34.9644413,0 137.2295322,34.9644527,0 137.2295856,34.9644527,0 137.2296200,34.9644566,0 137.2296391,34.9644566,0 137.2296581,34.9644566,0 137.2296734,34.9644527,0 137.2296925,34.9644527,0 137.2297115,34.9644489,0 137.2297611,34.9644413,0 137.2298107,34.9644299,0 137.2299442,34.9643955,0 137.2299786,34.9643879,0 137.2299938,34.9643841,0 137.2300129,34.9643803,0 137.2300472,34.9643764,0 137.2300854,34.9643764,0 137.2301159,34.9643803,0 137.2301311,34.9643841,0 137.2301540,34.9643917,0 137.2301693,34.9643993,0 137.2301884,34.9644070,0 137.2301998,34.9644146,0 137.2302151,34.9644222,0 137.2302265,34.9644299,0 137.2302380,34.9644413,0 137.2302570,34.9644527,0 137.2302685,34.9644642,0 137.2302952,34.9644833,0 137.2303066,34.9644947,0 137.2303181,34.9645061,0 137.2303295,34.9645176,0 137.2303448,34.9645329,0 137.2303524,34.9645481,0 137.2303638,34.9645634,0 137.2303715,34.9645824,0 137.2303791,34.9645939,0 137.2303829,34.9646091,0 137.2303867,34.9646397,0 137.2303867,34.9646549,0 137.2303905,34.9646740,0 137.2303905,34.9646893,0 137.2303905,34.9647427,0 137.2303944,34.9648304,0 137.2303944,34.9648685,0 137.2303944,34.9648838,0 137.2303905,34.9649029,0 137.2303905,34.9649181,0 137.2303905,34.9649372,0 137.2303867,34.9649487,0 137.2303829,34.9649601,0 137.2303791,34.9649830,0 137.2303715,34.9649982,0 137.2303638,34.9650135,0 137.2303562,34.9650288,0 137.2303486,34.9650402,0 137.2303410,34.9650555,0 137.2303333,34.9650669,0 137.2303219,34.9650822,0 137.2303143,34.9650936,0 137.2302990,34.9651089,0 137.2302914,34.9651203,0 137.2302799,34.9651279,0 137.2302685,34.9651394,0 137.2302570,34.9651508,0 137.2302418,34.9651623,0 137.2302151,34.9651852,0 137.2301464,34.9652424,0 137.2301083,34.9652729,0 137.2300816,34.9652958,0 137.2300701,34.9653072,0 137.2300587,34.9653187,0 137.2300472,34.9653301,0 137.2300358,34.9653416,0 137.2300282,34.9653530,0 137.2300205,34.9653645,0 137.2300167,34.9653797,0 137.2300129,34.9653950,0 137.2300205,34.9654102,0 137.2300358,34.9654217,0 137.2300510,34.9654293,0 137.2300777,34.9654369,0 137.2301121,34.9654446,0 137.2301273,34.9654484,0 137.2301464,34.9654560,0 137.2301731,34.9654675,0 137.2301922,34.9654789,0 137.2302074,34.9654903,0 137.2302227,34.9655018,0 137.2302303,34.9655132,0 137.2302418,34.9655285,0 137.2302532,34.9655399,0 137.2302608,34.9655552,0 137.2302685,34.9655704,0 137.2302876,34.9656048,0 137.2303257,34.9656849,0 137.2303410,34.9657154,0 137.2303524,34.9657307,0 137.2303600,34.9657459,0 137.2303715,34.9657612,0 137.2303829,34.9657764,0 137.2303944,34.9657879,0 137.2304134,34.9658031,0 137.2304287,34.9658108,0 137.2304440,34.9658184,0 137.2304630,34.9658222,0 137.2304783,34.9658260,0 137.2304974,34.9658260,0 137.2305164,34.9658260,0 137.2305508,34.9658298,0 137.2305851,34.9658298,0 137.2306767,34.9658298,0 137.2307110,34.9658298,0 137.2307301,34.9658298,0 137.2307453,34.9658260,0 137.2307644,34.9658260,0 137.2307796,34.9658222,0 137.2308025,34.9658184,0 137.2308178,34.9658146,0 137.2308331,34.9658031,0 137.2308559,34.9657879,0 137.2308674,34.9657764,0 137.2308788,34.9657612,0 137.2308903,34.9657497,0 137.2309093,34.9657230,0 137.2309399,34.9656811,0 137.2309704,34.9656353,0 137.2309895,34.9656086,0 137.2310085,34.9655781,0 137.2310162,34.9655628,0 137.2310238,34.9655476,0 137.2310314,34.9655323,0 137.2310505,34.9654980,0 137.2310543,34.9654865,0 137.2310658,34.9654713,0 137.2310810,34.9654522,0 137.2310925,34.9654369,0 137.2311077,34.9654293,0 137.2311153,34.9654217,0 137.2311268,34.9654140,0 137.2311382,34.9654064,0 137.2311611,34.9653988,0 137.2311764,34.9653912,0 137.2312031,34.9653873,0 137.2312374,34.9653835,0 137.2312527,34.9653873,0 137.2312717,34.9653912,0 137.2312870,34.9653950,0 137.2313023,34.9654026,0 137.2313175,34.9654102,0 137.2313290,34.9654179,0 137.2313442,34.9654293,0 137.2313519,34.9654369,0 137.2313633,34.9654522,0 137.2313747,34.9654675,0 137.2313824,34.9654865,0 137.2313900,34.9655056,0 137.2314014,34.9655361,0 137.2314091,34.9655514,0 137.2314129,34.9655704,0 137.2314243,34.9655857,0 137.2314396,34.9656162,0 137.2314587,34.9656467,0 137.2315121,34.9657383,0 137.2315311,34.9657688,0 137.2315464,34.9657993,0 137.2315655,34.9658298,0 137.2315884,34.9658794,0 137.2316074,34.9659252,0 137.2316952,34.9661198,0 137.2317104,34.9661503,0 137.2317181,34.9661655,0 137.2317257,34.9661808,0 137.2317333,34.9661961,0 137.2317448,34.9662075,0 137.2317562,34.9662228,0 137.2317638,34.9662342,0 137.2317791,34.9662457,0 137.2318020,34.9662533,0 137.2318172,34.9662571,0 137.2318363,34.9662609,0 137.2318707,34.9662647,0 137.2319202,34.9662685,0 137.2321301,34.9662800,0 137.2321758,34.9662800,0 137.2322140,34.9662800,0 137.2322636,34.9662800,0 137.2322979,34.9662800,0 137.2323170,34.9662800,0 137.2323322,34.9662762,0 137.2323513,34.9662762,0 137.2323666,34.9662724,0 137.2323856,34.9662724,0 137.2324009,34.9662685,0 137.2324162,34.9662647,0 137.2324467,34.9662571,0 137.2324924,34.9662418,0 137.2325268,34.9662304,0 137.2325573,34.9662228,0 137.2325726,34.9662151,0 137.2326031,34.9662037,0 137.2326298,34.9661922,0 137.2326450,34.9661846,0 137.2326641,34.9661694,0 137.2326756,34.9661617,0 137.2326908,34.9661503,0 137.2327061,34.9661388,0 137.2327328,34.9661160,0 137.2327442,34.9661007,0 137.2327595,34.9660892,0 137.2327785,34.9660702,0 137.2327900,34.9660587,0 137.2328205,34.9660206,0 137.2328396,34.9660015,0 137.2328548,34.9659863,0 137.2328739,34.9659672,0 137.2329006,34.9659443,0 137.2329273,34.9659214,0 137.2329426,34.9659138,0 137.2329540,34.9659023,0 137.2329693,34.9658909,0 137.2329845,34.9658833,0 137.2329998,34.9658718,0 137.2330189,34.9658642,0 137.2330303,34.9658566,0 137.2330456,34.9658527,0 137.2330647,34.9658451,0 137.2330799,34.9658413,0 137.2331066,34.9658337,0 137.2331829,34.9658184,0 137.2331982,34.9658146,0 137.2332134,34.9658108,0 137.2332325,34.9658031,0 137.2332478,34.9657955,0 137.2332630,34.9657879,0 137.2332783,34.9657726,0 137.2332897,34.9657574,0 137.2333012,34.9657459,0 137.2333088,34.9657345,0 137.2333393,34.9656811,0 137.2333508,34.9656620,0 137.2333698,34.9656391,0 137.2333813,34.9656239,0 137.2333927,34.9656162,0 137.2334042,34.9656048,0 137.2334232,34.9655933,0 137.2334385,34.9655819,0 137.2334652,34.9655666,0 137.2335453,34.9655209,0 137.2335720,34.9655056,0 137.2335835,34.9654980,0 137.2335987,34.9654865,0 137.2336102,34.9654789,0 137.2336216,34.9654713,0 137.2336292,34.9654598,0 137.2336407,34.9654522,0 137.2336521,34.9654408,0 137.2336597,34.9654293,0 137.2336712,34.9654140,0 137.2336864,34.9653950,0 137.2336941,34.9653797,0 137.2337017,34.9653606,0 137.2337055,34.9653339,0 137.2337093,34.9653225,0 137.2337093,34.9653072,0 137.2337093,34.9652805,0 137.2337093,34.9652615,0 137.2337017,34.9651928,0 137.2337017,34.9651775,0 137.2337017,34.9651585,0 137.2337017,34.9651318,0 137.2337055,34.9651203,0 137.2337093,34.9651051,0 137.2337170,34.9650898,0 137.2337284,34.9650745,0 137.2337360,34.9650631,0 137.2337513,34.9650478,0 137.2337666,34.9650364,0 137.2337894,34.9650249,0 137.2338161,34.9650135,0 137.2338314,34.9650097,0 137.2338467,34.9650059,0 137.2338657,34.9650021,0 137.2338963,34.9649944,0 137.2339802,34.9649754,0 137.2340336,34.9649639,0 137.2340679,34.9649563,0 137.2341061,34.9649525,0 137.2341290,34.9649487,0 137.2341595,34.9649525,0 137.2341785,34.9649563,0 137.2342052,34.9649601,0 137.2342167,34.9649677,0 137.2342434,34.9649830,0 137.2342587,34.9649944,0 137.2342701,34.9650097,0 137.2342815,34.9650211,0 137.2342854,34.9650326,0 137.2342930,34.9650478,0 137.2342968,34.9650593,0 137.2342968,34.9650745,0 137.2343006,34.9650898,0 137.2342968,34.9651127,0 137.2342930,34.9651279,0 137.2342930,34.9651432,0 137.2342854,34.9651546,0 137.2342815,34.9651699,0 137.2342701,34.9651852,0 137.2342625,34.9652004,0 137.2342510,34.9652157,0 137.2342167,34.9652691,0 137.2342052,34.9652843,0 137.2341938,34.9653034,0 137.2341862,34.9653187,0 137.2341785,34.9653301,0 137.2341709,34.9653454,0 137.2341671,34.9653645,0 137.2341557,34.9653873,0 137.2341518,34.9654026,0 137.2341480,34.9654217,0 137.2341404,34.9654560,0 137.2341328,34.9654903,0 137.2341290,34.9655094,0 137.2341290,34.9655247,0 137.2341251,34.9655437,0 137.2341251,34.9655590,0 137.2341251,34.9655743,0 137.2341290,34.9655933,0 137.2341366,34.9656086,0 137.2341442,34.9656239,0 137.2341557,34.9656353,0 137.2341709,34.9656429,0 137.2341824,34.9656506,0 137.2342052,34.9656582,0 137.2342205,34.9656620,0 137.2342358,34.9656658,0 137.2342510,34.9656696,0 137.2342701,34.9656696,0 137.2342854,34.9656734,0 137.2343044,34.9656734,0 137.2343197,34.9656773,0 137.2343388,34.9656773,0 137.2343693,34.9656773,0 137.2343922,34.9656773,0 137.2344074,34.9656734,0 137.2344418,34.9656734,0 137.2345104,34.9656620,0 137.2345448,34.9656582,0 137.2345753,34.9656544,0 137.2346096,34.9656467,0 137.2346325,34.9656429,0 137.2346516,34.9656391,0 137.2346821,34.9656315,0 137.2347088,34.9656200,0 137.2347240,34.9656162,0 137.2347393,34.9656086,0 137.2347546,34.9656048,0 137.2347698,34.9655972,0 137.2347851,34.9655895,0 137.2348003,34.9655819,0 137.2348156,34.9655743,0 137.2348652,34.9655437,0 137.2348804,34.9655361,0 137.2348919,34.9655285,0 137.2349186,34.9655170,0 137.2349339,34.9655132,0 137.2349491,34.9655094,0 137.2349644,34.9655056,0 137.2349987,34.9655056,0 137.2350292,34.9655056,0 137.2350483,34.9655094,0 137.2350674,34.9655094,0 137.2350826,34.9655132,0 137.2350979,34.9655209,0 137.2351170,34.9655323,0 137.2351437,34.9655476,0 137.2351589,34.9655628,0 137.2351742,34.9655819,0 137.2351856,34.9655933,0 137.2352047,34.9656277,0 137.2352200,34.9656429,0 137.2352276,34.9656544,0 137.2352352,34.9656658,0 137.2352467,34.9656734,0 137.2352581,34.9656849,0 137.2352695,34.9656925,0 137.2352810,34.9657040,0 137.2352962,34.9657116,0 137.2353230,34.9657269,0 137.2353764,34.9657574,0 137.2354069,34.9657764,0 137.2354374,34.9657917,0 137.2354832,34.9658184,0 137.2356930,34.9659481,0 137.2357197,34.9659672,0 137.2357502,34.9659863,0 137.2357655,34.9659977,0 137.2357769,34.9660091,0 137.2357922,34.9660206,0 137.2358036,34.9660358,0 137.2358150,34.9660473,0 137.2358265,34.9660664,0 137.2358303,34.9660854,0 137.2358341,34.9660969,0 137.2358341,34.9661121,0 137.2358341,34.9661274,0 137.2358303,34.9661388,0 137.2358265,34.9661579,0 137.2358189,34.9661694,0 137.2358112,34.9661846,0 137.2358036,34.9661999,0 137.2357883,34.9662151,0 137.2357731,34.9662266,0 137.2357616,34.9662380,0 137.2357502,34.9662533,0 137.2357235,34.9662762,0 137.2356052,34.9663830,0 137.2354870,34.9664898,0 137.2354374,34.9665356,0 137.2353992,34.9665699,0 137.2353764,34.9665966,0 137.2353649,34.9666080,0 137.2353535,34.9666233,0 137.2353382,34.9666386,0 137.2353191,34.9666691,0 137.2353039,34.9666882,0 137.2352924,34.9667034,0 137.2352772,34.9667187,0 137.2352505,34.9667454,0 137.2352276,34.9667683,0 137.2351894,34.9668026,0 137.2351627,34.9668255,0 137.2351475,34.9668369,0 137.2351360,34.9668484,0 137.2351208,34.9668598,0 137.2351093,34.9668674,0 137.2350864,34.9668827,0 137.2350712,34.9668865,0 137.2350521,34.9668941,0 137.2350216,34.9668980,0 137.2349949,34.9668980,0 137.2349720,34.9668980,0 137.2349453,34.9668941,0 137.2348804,34.9668827,0 137.2348461,34.9668789,0 137.2348156,34.9668789,0 137.2347813,34.9668827,0 137.2347660,34.9668865,0 137.2347507,34.9668941,0 137.2347317,34.9668980,0 137.2347164,34.9669018,0 137.2347012,34.9669094,0 137.2346859,34.9669170,0 137.2346668,34.9669247,0 137.2346554,34.9669323,0 137.2346401,34.9669399,0 137.2346249,34.9669514,0 137.2346134,34.9669590,0 137.2346020,34.9669743,0 137.2345905,34.9669857,0 137.2345829,34.9669971,0 137.2345600,34.9670277,0 137.2345333,34.9670696,0 137.2345219,34.9670811,0 137.2345104,34.9670963,0 137.2344990,34.9671116,0 137.2344799,34.9671307,0 137.2344723,34.9671421,0 137.2344532,34.9671535,0 137.2344379,34.9671612,0 137.2344189,34.9671688,0 137.2343998,34.9671726,0 137.2343807,34.9671764,0 137.2343464,34.9671764,0 137.2343082,34.9671688,0 137.2342892,34.9671650,0 137.2342739,34.9671574,0 137.2342587,34.9671459,0 137.2342396,34.9671345,0 137.2342205,34.9671192,0 137.2342091,34.9671078,0 137.2341976,34.9670963,0 137.2341709,34.9670734,0 137.2341480,34.9670467,0 137.2341328,34.9670315,0 137.2341251,34.9670200,0 137.2341137,34.9670048,0 137.2341022,34.9669933,0 137.2340946,34.9669819,0 137.2340870,34.9669628,0 137.2340794,34.9669476,0 137.2340717,34.9669361,0 137.2340641,34.9669209,0 137.2340603,34.9669056,0 137.2340527,34.9668903,0 137.2340488,34.9668789,0 137.2340450,34.9668636,0 137.2340336,34.9668293,0 137.2340183,34.9667606,0 137.2340107,34.9667263,0 137.2340069,34.9667110,0 137.2340031,34.9666958,0 137.2339954,34.9666767,0 137.2339916,34.9666653,0 137.2339840,34.9666500,0 137.2339725,34.9666386,0 137.2339611,34.9666271,0 137.2339497,34.9666195,0 137.2339191,34.9666119,0 137.2339001,34.9666080,0 137.2338657,34.9666080,0 137.2338314,34.9666080,0 137.2338161,34.9666119,0 137.2338009,34.9666195,0 137.2337818,34.9666271,0 137.2337666,34.9666348,0 137.2337589,34.9666462,0 137.2337475,34.9666576,0 137.2337399,34.9666729,0 137.2337208,34.9667034,0 137.2337132,34.9667149,0 137.2337055,34.9667263,0 137.2336979,34.9667377,0 137.2336788,34.9667530,0 137.2336636,34.9667645,0 137.2336483,34.9667721,0 137.2336330,34.9667797,0 137.2336102,34.9667873,0 137.2335796,34.9667912,0 137.2335606,34.9667912,0 137.2335453,34.9667873,0 137.2335262,34.9667835,0 137.2334995,34.9667759,0 137.2334881,34.9667683,0 137.2334728,34.9667606,0 137.2334576,34.9667454,0 137.2334499,34.9667377,0 137.2334347,34.9667263,0 137.2334270,34.9667149,0 137.2334194,34.9666996,0 137.2334080,34.9666843,0 137.2334003,34.9666691,0 137.2333889,34.9666538,0 137.2333736,34.9666195,0 137.2333317,34.9665394,0 137.2333126,34.9665012,0 137.2333050,34.9664860,0 137.2332973,34.9664745,0 137.2332897,34.9664631,0 137.2332821,34.9664516,0 137.2332706,34.9664402,0 137.2332592,34.9664288,0 137.2332439,34.9664211,0 137.2332211,34.9664173,0 137.2331944,34.9664211,0 137.2331791,34.9664326,0 137.2331676,34.9664402,0 137.2331600,34.9664516,0 137.2331524,34.9664593,0 137.2331486,34.9664707,0 137.2331448,34.9664860,0 137.2331371,34.9665012,0 137.2331333,34.9665318,0 137.2331295,34.9665585,0 137.2331257,34.9665699,0 137.2331219,34.9665852,0 137.2331142,34.9665966,0 137.2331028,34.9666119,0 137.2330952,34.9666233,0 137.2330723,34.9666462,0 137.2330494,34.9666691,0 137.2330227,34.9666882,0 137.2329693,34.9667263,0 137.2329578,34.9667377,0 137.2329388,34.9667530,0 137.2329235,34.9667645,0 137.2329121,34.9667759,0 137.2329006,34.9667873,0 137.2328930,34.9668064,0 137.2328777,34.9668217,0 137.2328739,34.9668331,0 137.2328663,34.9668484,0 137.2328548,34.9668713,0 137.2328510,34.9668865,0 137.2328472,34.9669018,0 137.2328434,34.9669170,0 137.2328320,34.9669666,0 137.2328243,34.9669971,0 137.2328205,34.9670086,0 137.2328167,34.9670200,0 137.2328129,34.9670353,0 137.2328014,34.9670506,0 137.2327862,34.9670696,0 137.2327709,34.9670849,0 137.2327595,34.9670963,0 137.2327366,34.9671078,0 137.2327251,34.9671154,0 137.2327023,34.9671230,0 137.2326870,34.9671307,0 137.2326527,34.9671421,0 137.2326183,34.9671535,0 137.2324848,34.9671955,0 137.2324314,34.9672108,0 137.2323971,34.9672184,0 137.2323818,34.9672222,0 137.2323666,34.9672260,0 137.2323437,34.9672298,0 137.2323284,34.9672337,0 137.2322941,34.9672337,0 137.2322636,34.9672298,0 137.2322025,34.9672222,0 137.2321835,34.9672184,0 137.2321644,34.9672146,0 137.2321453,34.9672146,0 137.2321072,34.9672146,0 137.2320881,34.9672146,0 137.2320576,34.9672184,0 137.2320232,34.9672222,0 137.2319889,34.9672260,0 137.2319393,34.9672375,0 137.2319088,34.9672451,0 137.2318897,34.9672489,0 137.2318745,34.9672527,0 137.2318592,34.9672565,0 137.2318478,34.9672642,0 137.2318325,34.9672756,0 137.2318211,34.9672832,0 137.2318096,34.9672947,0 137.2318020,34.9673100,0 137.2317944,34.9673214,0 137.2317867,34.9673367,0 137.2317829,34.9673519,0 137.2317753,34.9673672,0 137.2317715,34.9673824,0 137.2317600,34.9674168,0 137.2317486,34.9674511,0 137.2317448,34.9674664,0 137.2317410,34.9674854,0 137.2317371,34.9675083,0 137.2317295,34.9675426,0 137.2317219,34.9675770,0 137.2317181,34.9676113,0 137.2317104,34.9676495,0 137.2317028,34.9677067,0 137.2316837,34.9678822,0 137.2316761,34.9679546,0 137.2316723,34.9679890,0 137.2316685,34.9680157,0 137.2316494,34.9681187,0 137.2316456,34.9681377,0 137.2316456,34.9681530,0 137.2316456,34.9681683,0 137.2316418,34.9681873,0 137.2316418,34.9682026,0 137.2316456,34.9682178,0 137.2316494,34.9682293,0 137.2316570,34.9682446,0 137.2316647,34.9682560,0 137.2316799,34.9682674,0 137.2316875,34.9682789,0 137.2317219,34.9683018,0 137.2317410,34.9683170,0 137.2317524,34.9683247,0 137.2317638,34.9683399,0 137.2317715,34.9683475,0 137.2317791,34.9683590,0 137.2317867,34.9683743,0 137.2317944,34.9683895,0 137.2317982,34.9684048,0 137.2317982,34.9684353,0 137.2317982,34.9684582,0 137.2317944,34.9684696,0 137.2317867,34.9684849,0 137.2317791,34.9685001,0 137.2317715,34.9685192,0 137.2317524,34.9685497,0 137.2317448,34.9685650,0 137.2317410,34.9685764,0 137.2317371,34.9685917,0 137.2317333,34.9686069,0 137.2317295,34.9686260,0 137.2317295,34.9686451,0 137.2317333,34.9686604,0 137.2317371,34.9686756,0 137.2317486,34.9686909,0 137.2317638,34.9687023,0 137.2317867,34.9687061,0 137.2318058,34.9687023,0 137.2318287,34.9686947,0 137.2318439,34.9686909,0 137.2318592,34.9686832,0 137.2318783,34.9686680,0 137.2318935,34.9686604,0 137.2319393,34.9686260,0 137.2319546,34.9686184,0 137.2319698,34.9686069,0 137.2319851,34.9685993,0 137.2320042,34.9685917,0 137.2320194,34.9685841,0 137.2320423,34.9685802,0 137.2320652,34.9685764,0 137.2320919,34.9685764,0 137.2321186,34.9685764,0 137.2321339,34.9685802,0 137.2321644,34.9685917,0 137.2322063,34.9686031,0 137.2322254,34.9686069,0 137.2322407,34.9686146,0 137.2322559,34.9686184,0 137.2322750,34.9686184,0 137.2322903,34.9686222,0 137.2323093,34.9686222,0 137.2323246,34.9686260,0 137.2323475,34.9686260,0 137.2323704,34.9686260,0 137.2324238,34.9686222,0 137.2324924,34.9686184,0 137.2325802,34.9686108,0 137.2326145,34.9686069,0 137.2326488,34.9686031,0 137.2326641,34.9685993,0 137.2326832,34.9685955,0 137.2327099,34.9685879,0 137.2327290,34.9685841,0 137.2327442,34.9685764,0 137.2327595,34.9685688,0 137.2327747,34.9685612,0 137.2328243,34.9685307,0 137.2328396,34.9685230,0 137.2328587,34.9685154,0 137.2328701,34.9685078,0 137.2328892,34.9685040,0 137.2329082,34.9685001,0 137.2329235,34.9684963,0 137.2329464,34.9684925,0 137.2329693,34.9684925,0 137.2329884,34.9684925,0 137.2330379,34.9684963,0 137.2331791,34.9685040,0 137.2333012,34.9685116,0 137.2333355,34.9685154,0 137.2333546,34.9685192,0 137.2333889,34.9685230,0 137.2334080,34.9685268,0 137.2334232,34.9685307,0 137.2334461,34.9685421,0 137.2334690,34.9685535,0 137.2334843,34.9685650,0 137.2334995,34.9685764,0 137.2335110,34.9685917,0 137.2335186,34.9686069,0 137.2335262,34.9686222,0 137.2335262,34.9686375,0 137.2335262,34.9686604,0 137.2335262,34.9686871,0 137.2335186,34.9687023,0 137.2335148,34.9687176,0 137.2335033,34.9687290,0 137.2334957,34.9687443,0 137.2334881,34.9687557,0 137.2334766,34.9687672,0 137.2334652,34.9687786,0 137.2334499,34.9687939,0 137.2334347,34.9688091,0 137.2334232,34.9688206,0 137.2334080,34.9688320,0 137.2332935,34.9689198,0 137.2332554,34.9689541,0 137.2332287,34.9689732,0 137.2332134,34.9689846,0 137.2332020,34.9689960,0 137.2331905,34.9690151,0 137.2331791,34.9690266,0 137.2331715,34.9690456,0 137.2331638,34.9690647,0 137.2331638,34.9690838,0 137.2331676,34.9690952,0 137.2331753,34.9691067,0 137.2331829,34.9691219,0 137.2331944,34.9691296,0 137.2332058,34.9691410,0 137.2332172,34.9691486,0 137.2332325,34.9691601,0 137.2332439,34.9691677,0 137.2332592,34.9691753,0 137.2332745,34.9691792,0 137.2332897,34.9691868,0 137.2333050,34.9691944,0 137.2333241,34.9691982,0 137.2333431,34.9692020,0 137.2333775,34.9692059,0 137.2334156,34.9692097,0 137.2334499,34.9692135,0 137.2334652,34.9692173,0 137.2334805,34.9692211,0 137.2334957,34.9692287,0 137.2335148,34.9692364,0 137.2335300,34.9692478,0 137.2335453,34.9692593,0 137.2335567,34.9692745,0 137.2335644,34.9692860,0 137.2335720,34.9693012,0 137.2335758,34.9693165,0 137.2335796,34.9693356,0 137.2335758,34.9693623,0 137.2335758,34.9693775,0 137.2335644,34.9693928,0 137.2335606,34.9694042,0 137.2335529,34.9694157,0 137.2335415,34.9694271,0 137.2335300,34.9694386,0 137.2335148,34.9694500,0 137.2334957,34.9694538,0 137.2334805,34.9694653,0 137.2334309,34.9694843,0 137.2334194,34.9694920,0 137.2333965,34.9695072,0 137.2333698,34.9695225,0 137.2333584,34.9695339,0 137.2333431,34.9695492,0 137.2333279,34.9695644,0 137.2333164,34.9695797,0 137.2332935,34.9696064,0 137.2332821,34.9696217,0 137.2332630,34.9696522,0 137.2332401,34.9696827,0 137.2332325,34.9696941,0 137.2332249,34.9697094,0 137.2332134,34.9697247,0 137.2332096,34.9697399,0 137.2332020,34.9697590,0 137.2331982,34.9697742,0 137.2331982,34.9698009,0 137.2332058,34.9698200,0 137.2332134,34.9698315,0 137.2332211,34.9698429,0 137.2332325,34.9698544,0 137.2332439,34.9698620,0 137.2332554,34.9698734,0 137.2333164,34.9699230,0 137.2333393,34.9699421,0 137.2333546,34.9699535,0 137.2333775,34.9699764,0 137.2334003,34.9700031,0 137.2334347,34.9700375,0 137.2334690,34.9700718,0 137.2334995,34.9701099,0 137.2335186,34.9701328,0 137.2335300,34.9701443,0 137.2335453,34.9701595,0 137.2335606,34.9701748,0 137.2335758,34.9701862,0 137.2335911,34.9701977,0 137.2336178,34.9702168,0 137.2336483,34.9702396,0 137.2336636,34.9702473,0 137.2336788,34.9702549,0 137.2336941,34.9702625,0 137.2337093,34.9702702,0 137.2337246,34.9702778,0 137.2337551,34.9702816,0 137.2337704,34.9702778,0 137.2337933,34.9702702,0 137.2338276,34.9702549,0 137.2338467,34.9702473,0 137.2338619,34.9702396,0 137.2338810,34.9702358,0 137.2339001,34.9702320,0 137.2339153,34.9702282,0 137.2339306,34.9702244,0 137.2339497,34.9702244,0 137.2339649,34.9702282,0 137.2339954,34.9702320,0 137.2340107,34.9702358,0 137.2340336,34.9702473,0 137.2340488,34.9702511,0 137.2340794,34.9702663,0 137.2340946,34.9702740,0 137.2341061,34.9702816,0 137.2341213,34.9702854,0 137.2341404,34.9702892,0 137.2341595,34.9702930,0 137.2341747,34.9702969,0 137.2342129,34.9702969,0 137.2342396,34.9702930,0 137.2342739,34.9702892,0 137.2342892,34.9702854,0 137.2343121,34.9702778,0 137.2343464,34.9702702,0 137.2343960,34.9702511,0 137.2345638,34.9701939,0 137.2347355,34.9701328,0 137.2348042,34.9701099,0 137.2348499,34.9700947,0 137.2348843,34.9700871,0 137.2349339,34.9700718,0 137.2351627,34.9700108,0 137.2353687,34.9699535,0 137.2354221,34.9699421,0 137.2354374,34.9699383,0 137.2354565,34.9699345,0 137.2354717,34.9699306,0 137.2354984,34.9699268,0 137.2355289,34.9699268,0 137.2355556,34.9699306,0 137.2355709,34.9699345,0 137.2355862,34.9699421,0 137.2356014,34.9699459,0 137.2356129,34.9699535,0 137.2356243,34.9699612,0 137.2356358,34.9699726,0 137.2356510,34.9699841,0 137.2356625,34.9699993,0 137.2356663,34.9700108,0 137.2356739,34.9700260,0 137.2356815,34.9700489,0 137.2356853,34.9700680,0 137.2356892,34.9700832,0 137.2356892,34.9700985,0 137.2356892,34.9701252,0 137.2356892,34.9701443,0 137.2356853,34.9701672,0 137.2356815,34.9701824,0 137.2356777,34.9701977,0 137.2356701,34.9702091,0 137.2356586,34.9702282,0 137.2356396,34.9702396,0 137.2356243,34.9702549,0 137.2356091,34.9702625,0 137.2355976,34.9702702,0 137.2355824,34.9702740,0 137.2355518,34.9702854,0 137.2355366,34.9702892,0 137.2355175,34.9702930,0 137.2355022,34.9702969,0 137.2354641,34.9703045,0 137.2354298,34.9703121,0 137.2354107,34.9703121,0 137.2353802,34.9703197,0 137.2352962,34.9703312,0 137.2352657,34.9703350,0 137.2352314,34.9703388,0 137.2352047,34.9703426,0 137.2351551,34.9703541,0 137.2351055,34.9703655,0 137.2350254,34.9703846,0 137.2349682,34.9703999,0 137.2349033,34.9704189,0 137.2348156,34.9704418,0 137.2347660,34.9704571,0 137.2347393,34.9704685,0 137.2347240,34.9704723,0 137.2346935,34.9704838,0 137.2346592,34.9704952,0 137.2346287,34.9705105,0 137.2345982,34.9705219,0 137.2345829,34.9705296,0 137.2345600,34.9705372,0 137.2345448,34.9705448,0 137.2345142,34.9705601,0 137.2344990,34.9705715,0 137.2344875,34.9705791,0 137.2344570,34.9705944,0 137.2344265,34.9706135,0 137.2343845,34.9706440,0 137.2343388,34.9706745,0 137.2343121,34.9706936,0 137.2342968,34.9707050,0 137.2342739,34.9707203,0 137.2342510,34.9707394,0 137.2342396,34.9707508,0 137.2342281,34.9707623,0 137.2342167,34.9707699,0 137.2342052,34.9707813,0 137.2341938,34.9707966,0 137.2341785,34.9708118,0 137.2341709,34.9708233,0 137.2341633,34.9708424,0 137.2341595,34.9708614,0 137.2341557,34.9708805,0 137.2341557,34.9708958,0 137.2341557,34.9709148,0 137.2341595,34.9709339,0 137.2341633,34.9709492,0 137.2341671,34.9709644,0 137.2341709,34.9709797,0 137.2341785,34.9709949,0 137.2341824,34.9710102,0 137.2341900,34.9710255,0 137.2342014,34.9710407,0 137.2342052,34.9710522,0 137.2342205,34.9710636,0 137.2342319,34.9710751,0 137.2342472,34.9710865,0 137.2342625,34.9710979,0 137.2342892,34.9711170,0 137.2344036,34.9711933,0 137.2344608,34.9712315,0 137.2344913,34.9712505,0 137.2345142,34.9712696,0 137.2345409,34.9712887,0 137.2345676,34.9713116,0 137.2345905,34.9713306,0 137.2346134,34.9713535,0 137.2346516,34.9713879,0 137.2347279,34.9714603,0 137.2347546,34.9714832,0 137.2347660,34.9714947,0 137.2347851,34.9715099,0 137.2348042,34.9715214,0 137.2348156,34.9715290,0 137.2348309,34.9715366,0 137.2348461,34.9715481,0 137.2348652,34.9715557,0 137.2348957,34.9715710,0 137.2349262,34.9715824,0 137.2349567,34.9715939,0 137.2349911,34.9716053,0 137.2350101,34.9716129,0 137.2350330,34.9716167,0 137.2350636,34.9716282,0 137.2351322,34.9716434,0 137.2352505,34.9716663,0 137.2353001,34.9716778,0 137.2353420,34.9716854,0 137.2353764,34.9716892,0 137.2353954,34.9716930,0 137.2354298,34.9716969,0 137.2354603,34.9717007,0 137.2355061,34.9717007,0 137.2355251,34.9717045,0 137.2355442,34.9717045,0 137.2355633,34.9717083,0 137.2355785,34.9717121,0 137.2355938,34.9717159,0 137.2356091,34.9717236,0 137.2356281,34.9717312,0 137.2356396,34.9717388,0 137.2356548,34.9717503,0 137.2356625,34.9717579,0 137.2356701,34.9717693,0 137.2356777,34.9717808,0 137.2356853,34.9717922,0 137.2356892,34.9718037,0 137.2356930,34.9718189,0 137.2356930,34.9718342,0 137.2356892,34.9718571,0 137.2356853,34.9718723,0 137.2356777,34.9718914,0 137.2356701,34.9719067,0 137.2356586,34.9719219,0 137.2356434,34.9719296,0 137.2356281,34.9719448,0 137.2356091,34.9719563,0 137.2355938,34.9719639,0 137.2355366,34.9719982,0 137.2355251,34.9720058,0 137.2355099,34.9720135,0 137.2354946,34.9720249,0 137.2354794,34.9720364,0 137.2354679,34.9720478,0 137.2354527,34.9720592,0 137.2354412,34.9720745,0 137.2354298,34.9720860,0 137.2354183,34.9720974,0 137.2354069,34.9721127,0 137.2353954,34.9721241,0 137.2353878,34.9721394,0 137.2353802,34.9721546,0 137.2353725,34.9721699,0 137.2353725,34.9721851,0 137.2353725,34.9722004,0 137.2353840,34.9722195,0 137.2353916,34.9722309,0 137.2354031,34.9722424,0 137.2354145,34.9722538,0 137.2354259,34.9722614,0 137.2354374,34.9722729,0 137.2354641,34.9722881,0 137.2354946,34.9723072,0 137.2355061,34.9723148,0 137.2355328,34.9723301,0 137.2355785,34.9723530,0 137.2358150,34.9724712,0 137.2358608,34.9724941,0 137.2359066,34.9725170,0 137.2359371,34.9725323,0 137.2359524,34.9725437,0 137.2359829,34.9725590,0 137.2360134,34.9725780,0 137.2361012,34.9726353,0 137.2361317,34.9726543,0 137.2361469,34.9726620,0 137.2361622,34.9726734,0 137.2361774,34.9726772,0 137.2361927,34.9726849,0 137.2362156,34.9726925,0 137.2362309,34.9726963,0 137.2362614,34.9726963,0 137.2362919,34.9726963,0 137.2363110,34.9726963,0 137.2363262,34.9726925,0 137.2363605,34.9726849,0 137.2363758,34.9726772,0 137.2363911,34.9726696,0 137.2364063,34.9726582,0 137.2364216,34.9726467,0 137.2364330,34.9726353,0 137.2364445,34.9726200,0 137.2364674,34.9725971,0 137.2365017,34.9725552,0 137.2365932,34.9724483,0 137.2366161,34.9724216,0 137.2366352,34.9723949,0 137.2366581,34.9723682,0 137.2366657,34.9723530,0 137.2366848,34.9723263,0 137.2367229,34.9722691,0 137.2367382,34.9722385,0 137.2367496,34.9722271,0 137.2367611,34.9722118,0 137.2367687,34.9722004,0 137.2367802,34.9721889,0 137.2367954,34.9721737,0 137.2368107,34.9721622,0 137.2368221,34.9721546,0 137.2368374,34.9721470,0 137.2368526,34.9721394,0 137.2368793,34.9721317,0 137.2369061,34.9721279,0 137.2369328,34.9721279,0 137.2369480,34.9721317,0 137.2369785,34.9721394,0 137.2369938,34.9721470,0 137.2370129,34.9721584,0 137.2370396,34.9721737,0 137.2370510,34.9721813,0 137.2370663,34.9721928,0 137.2370777,34.9722080,0 137.2370892,34.9722195,0 137.2371159,34.9722462,0 137.2371387,34.9722729,0 137.2371616,34.9723034,0 137.2371845,34.9723301,0 137.2371960,34.9723454,0 137.2372036,34.9723606,0 137.2372150,34.9723797,0 137.2372265,34.9723949,0 137.2372303,34.9724102,0 137.2372341,34.9724255,0 137.2372379,34.9724445,0 137.2372379,34.9724598,0 137.2372341,34.9724751,0 137.2372303,34.9724903,0 137.2372227,34.9725018,0 137.2372150,34.9725170,0 137.2372036,34.9725361,0 137.2371883,34.9725475,0 137.2371731,34.9725552,0 137.2371616,34.9725666,0 137.2371464,34.9725742,0 137.2371311,34.9725819,0 137.2371159,34.9725895,0 137.2370815,34.9726048,0 137.2369404,34.9726696,0 137.2367802,34.9727421,0 137.2367268,34.9727650,0 137.2366924,34.9727802,0 137.2366772,34.9727840,0 137.2366581,34.9727917,0 137.2366352,34.9727993,0 137.2366199,34.9728031,0 137.2366047,34.9728069,0 137.2365437,34.9728184,0 137.2365208,34.9728222,0 137.2365093,34.9728298,0 137.2364941,34.9728374,0 137.2364864,34.9728489,0 137.2364826,34.9728603,0 137.2364864,34.9728718,0 137.2364941,34.9728832,0 137.2365055,34.9729023,0 137.2365208,34.9729176,0 137.2365322,34.9729252,0 137.2365475,34.9729328,0 137.2365589,34.9729443,0 137.2365742,34.9729519,0 137.2365971,34.9729633,0 137.2366123,34.9729710,0 137.2366276,34.9729786,0 137.2366581,34.9729977,0 137.2368221,34.9730701,0 137.2369938,34.9731541,0 137.2370434,34.9731731,0 137.2370853,34.9731922,0 137.2371349,34.9732113,0 137.2371845,34.9732304,0 137.2373981,34.9733143,0 137.2375965,34.9733906,0 137.2376652,34.9734135,0 137.2376995,34.9734249,0 137.2377148,34.9734325,0 137.2377415,34.9734402,0 137.2377605,34.9734440,0 137.2377949,34.9734516,0 137.2378292,34.9734592,0 137.2378788,34.9734707,0 137.2379169,34.9734745,0 137.2379513,34.9734821,0 137.2379665,34.9734859,0 137.2379856,34.9734859,0 137.2380161,34.9734898,0 137.2380466,34.9734898,0 137.2380772,34.9734898,0 137.2381077,34.9734898,0 137.2381268,34.9734859,0 137.2381573,34.9734821,0 137.2381725,34.9734783,0 137.2381916,34.9734745,0 137.2382069,34.9734707,0 137.2382259,34.9734631,0 137.2382450,34.9734592,0 137.2382793,34.9734478,0 137.2383289,34.9734287,0 137.2384586,34.9733829,0 137.2384892,34.9733715,0 137.2385044,34.9733639,0 137.2385235,34.9733601,0 137.2385387,34.9733562,0 137.2385540,34.9733524,0 137.2385769,34.9733486,0 137.2385998,34.9733448,0 137.2386150,34.9733410,0 137.2386494,34.9733410,0 137.2386799,34.9733410,0 137.2387028,34.9733448,0 137.2387371,34.9733486,0 137.2387638,34.9733524,0 137.2387791,34.9733562,0 137.2388058,34.9733677,0 137.2388210,34.9733715,0 137.2388363,34.9733791,0 137.2388515,34.9733829,0 137.2389011,34.9734058,0 137.2389164,34.9734135,0 137.2389317,34.9734211,0 137.2389469,34.9734249,0 137.2389622,34.9734287,0 137.2389889,34.9734325,0 137.2390156,34.9734287,0 137.2390232,34.9734211,0 137.2390423,34.9734058,0 137.2390537,34.9733944,0 137.2390614,34.9733829,0 137.2390652,34.9733677,0 137.2390728,34.9733524,0 137.2390766,34.9733410,0 137.2390766,34.9733143,0 137.2390728,34.9733028,0 137.2390690,34.9732876,0 137.2390614,34.9732723,0 137.2390499,34.9732533,0 137.2390423,34.9732418,0 137.2390308,34.9732304,0 137.2390194,34.9732151,0 137.2390079,34.9732037,0 137.2389965,34.9731960,0 137.2389851,34.9731884,0 137.2389584,34.9731731,0 137.2389431,34.9731693,0 137.2389050,34.9731541,0 137.2388897,34.9731464,0 137.2388744,34.9731388,0 137.2388554,34.9731312,0 137.2388439,34.9731236,0 137.2388287,34.9731121,0 137.2388134,34.9731045,0 137.2388020,34.9730930,0 137.2387867,34.9730816,0 137.2387600,34.9730625,0 137.2386913,34.9730053,0 137.2386532,34.9729710,0 137.2386379,34.9729595,0 137.2386189,34.9729443,0 137.2385960,34.9729214,0 137.2385845,34.9729061,0 137.2385731,34.9728947,0 137.2385616,34.9728832,0 137.2385502,34.9728680,0 137.2385387,34.9728565,0 137.2385273,34.9728374,0 137.2385197,34.9728260,0 137.2385120,34.9728107,0 137.2385044,34.9727917,0 137.2385006,34.9727802,0 137.2384968,34.9727612,0 137.2384968,34.9727459,0 137.2385006,34.9727306,0 137.2385006,34.9727154,0 137.2385082,34.9727039,0 137.2385159,34.9726887,0 137.2385273,34.9726734,0 137.2385349,34.9726620,0 137.2385502,34.9726543,0 137.2385616,34.9726429,0 137.2385769,34.9726353,0 137.2385921,34.9726276,0 137.2386074,34.9726238,0 137.2386265,34.9726200,0 137.2386456,34.9726162,0 137.2386646,34.9726162,0 137.2386799,34.9726200,0 137.2386990,34.9726238,0 137.2387295,34.9726315,0 137.2387562,34.9726391,0 137.2387676,34.9726467,0 137.2387867,34.9726543,0 137.2388058,34.9726658,0 137.2388210,34.9726772,0 137.2388630,34.9727077,0 137.2388744,34.9727154,0 137.2388897,34.9727230,0 137.2389050,34.9727306,0 137.2389164,34.9727383,0 137.2389393,34.9727459,0 137.2389622,34.9727459,0 137.2389851,34.9727421,0 137.2390118,34.9727306,0 137.2390652,34.9727039,0 137.2390957,34.9726887,0 137.2391109,34.9726810,0 137.2391300,34.9726734,0 137.2391491,34.9726696,0 137.2391682,34.9726620,0 137.2392025,34.9726582,0 137.2392178,34.9726543,0 137.2392483,34.9726543,0 137.2392673,34.9726543,0 137.2392826,34.9726505,0 137.2393208,34.9726505,0 137.2393894,34.9726505,0 137.2394619,34.9726543,0 137.2394962,34.9726543,0 137.2395153,34.9726543,0 137.2395344,34.9726543,0 137.2395496,34.9726582,0 137.2395725,34.9726582,0 137.2395878,34.9726658,0 137.2396069,34.9726696,0 137.2396297,34.9726772,0 137.2396412,34.9726849,0 137.2396603,34.9726925,0 137.2396717,34.9727001,0 137.2396832,34.9727116,0 137.2396984,34.9727230,0 137.2397099,34.9727345,0 137.2397251,34.9727459,0 137.2397366,34.9727573,0 137.2397480,34.9727688,0 137.2397594,34.9727802,0 137.2397709,34.9727917,0 137.2397823,34.9728069,0 137.2397938,34.9728222,0 137.2398052,34.9728336,0 137.2398090,34.9728489,0 137.2398129,34.9728603,0 137.2398167,34.9728794,0 137.2398205,34.9728947,0 137.2398167,34.9729099,0 137.2398167,34.9729252,0 137.2398090,34.9729404,0 137.2398014,34.9729557,0 137.2397938,34.9729710,0 137.2397785,34.9729824,0 137.2397671,34.9729939,0 137.2397518,34.9730015,0 137.2397366,34.9730091,0 137.2397251,34.9730167,0 137.2397099,34.9730206,0 137.2396946,34.9730282,0 137.2396488,34.9730396,0 137.2396336,34.9730473,0 137.2396145,34.9730549,0 137.2395916,34.9730663,0 137.2395802,34.9730740,0 137.2395649,34.9730854,0 137.2395535,34.9730930,0 137.2395420,34.9731007,0 137.2395344,34.9731197,0 137.2395229,34.9731274,0 137.2395153,34.9731426,0 137.2395077,34.9731579,0 137.2395000,34.9731731,0 137.2394962,34.9731922,0 137.2394886,34.9732075,0 137.2394848,34.9732227,0 137.2394810,34.9732418,0 137.2394772,34.9732571,0 137.2394733,34.9732723,0 137.2394733,34.9732876,0 137.2394772,34.9733028,0 137.2394810,34.9733219,0 137.2394924,34.9733410,0 137.2395000,34.9733524,0 137.2395115,34.9733677,0 137.2395229,34.9733791,0 137.2395458,34.9734058,0 137.2395573,34.9734173,0 137.2395687,34.9734325,0 137.2395840,34.9734478,0 137.2395916,34.9734592,0 137.2395954,34.9734707,0 137.2396030,34.9734821,0 137.2396069,34.9734974,0 137.2396107,34.9735088,0 137.2396145,34.9735241,0 137.2396145,34.9735394,0 137.2396145,34.9735584,0 137.2396107,34.9735737,0 137.2396030,34.9735889,0 137.2395954,34.9736004,0 137.2395878,34.9736118,0 137.2395763,34.9736271,0 137.2395649,34.9736347,0 137.2395535,34.9736423,0 137.2395420,34.9736500,0 137.2395306,34.9736576,0 137.2395153,34.9736652,0 137.2394962,34.9736729,0 137.2394810,34.9736767,0 137.2394314,34.9736958,0 137.2393322,34.9737339,0 137.2392139,34.9737797,0 137.2391796,34.9737911,0 137.2391491,34.9738026,0 137.2391300,34.9738064,0 137.2391109,34.9738102,0 137.2390957,34.9738140,0 137.2390766,34.9738178,0 137.2390461,34.9738178,0 137.2390118,34.9738178,0 137.2389774,34.9738178,0 137.2389240,34.9738140,0 137.2388554,34.9738102,0 137.2388020,34.9738064,0 137.2387028,34.9737949,0 137.2386684,34.9737911,0 137.2386341,34.9737911,0 137.2386150,34.9737911,0 137.2385883,34.9737911,0 137.2385693,34.9737911,0 137.2385540,34.9737949,0 137.2385387,34.9737988,0 137.2385235,34.9738026,0 137.2385120,34.9738102,0 137.2384930,34.9738216,0 137.2384739,34.9738331,0 137.2384624,34.9738483,0 137.2384510,34.9738598,0 137.2384434,34.9738712,0 137.2384319,34.9738865,0 137.2384281,34.9738979,0 137.2384243,34.9739094,0 137.2384243,34.9739246,0 137.2384243,34.9739399,0 137.2384281,34.9739590,0 137.2384319,34.9739704,0 137.2384357,34.9739819,0 137.2384434,34.9739971,0 137.2384624,34.9740353,0 137.2384701,34.9740505,0 137.2384739,34.9740696,0 137.2384777,34.9740849,0 137.2384777,34.9741001,0 137.2384777,34.9741268,0 137.2384739,34.9741421,0 137.2384663,34.9741573,0 137.2384586,34.9741726,0 137.2384434,34.9741840,0 137.2384319,34.9741993,0 137.2384167,34.9742069,0 137.2383976,34.9742184,0 137.2383823,34.9742222,0 137.2383671,34.9742260,0 137.2383404,34.9742298,0 137.2383137,34.9742298,0 137.2382793,34.9742298,0 137.2382641,34.9742260,0 137.2382450,34.9742222,0 137.2382107,34.9742146,0 137.2381763,34.9742069,0 137.2380238,34.9741726,0 137.2379398,34.9741535,0 137.2378902,34.9741421,0 137.2378559,34.9741383,0 137.2378368,34.9741344,0 137.2378216,34.9741306,0 137.2378025,34.9741306,0 137.2377682,34.9741268,0 137.2377186,34.9741230,0 137.2376156,34.9741192,0 137.2375813,34.9741192,0 137.2375431,34.9741154,0 137.2375278,34.9741116,0 137.2374973,34.9741077,0 137.2374821,34.9741039,0 137.2374477,34.9740963,0 137.2374134,34.9740849,0 137.2373600,34.9740696,0 137.2373104,34.9740543,0 137.2372761,34.9740429,0 137.2372456,34.9740314,0 137.2371922,34.9740086,0 137.2371731,34.9740009,0 137.2371464,34.9739933,0 137.2371273,34.9739933,0 137.2370968,34.9739933,0 137.2370663,34.9739933,0 137.2370472,34.9739971,0 137.2370319,34.9740009,0 137.2370129,34.9740086,0 137.2369823,34.9740200,0 137.2369022,34.9740467,0 137.2368717,34.9740582,0 137.2368565,34.9740620,0 137.2368412,34.9740696,0 137.2368259,34.9740734,0 137.2368107,34.9740772,0 137.2367840,34.9740810,0 137.2367649,34.9740810,0 137.2367458,34.9740810,0 137.2367268,34.9740772,0 137.2367039,34.9740734,0 137.2366886,34.9740658,0 137.2366695,34.9740543,0 137.2366543,34.9740467,0 137.2366428,34.9740314,0 137.2366314,34.9740200,0 137.2366238,34.9740047,0 137.2366161,34.9739895,0 137.2366123,34.9739780,0 137.2366085,34.9739628,0 137.2366085,34.9739475,0 137.2366085,34.9739323,0 137.2366123,34.9739094,0 137.2366161,34.9738712,0 137.2366199,34.9738522,0 137.2366238,34.9738369,0 137.2366238,34.9738216,0 137.2366238,34.9738026,0 137.2366238,34.9737873,0 137.2366199,34.9737720,0 137.2366199,34.9737377,0 137.2366161,34.9737034,0 137.2366123,34.9736843,0 137.2366085,34.9736691,0 137.2366047,34.9736538,0 137.2366009,34.9736347,0 137.2365971,34.9736195,0 137.2365894,34.9736042,0 137.2365856,34.9735928,0 137.2365780,34.9735813,0 137.2365589,34.9735622,0 137.2365475,34.9735508,0 137.2365322,34.9735432,0 137.2365170,34.9735317,0 137.2365055,34.9735241,0 137.2364750,34.9735050,0 137.2362919,34.9733944,0 137.2362003,34.9733410,0 137.2361393,34.9733028,0 137.2360897,34.9732723,0 137.2360630,34.9732533,0 137.2359905,34.9732037,0 137.2359638,34.9731884,0 137.2359486,34.9731770,0 137.2359371,34.9731693,0 137.2359219,34.9731617,0 137.2359066,34.9731541,0 137.2358875,34.9731464,0 137.2358723,34.9731426,0 137.2358570,34.9731388,0 137.2358265,34.9731388,0 137.2358112,34.9731426,0 137.2357922,34.9731464,0 137.2357769,34.9731503,0 137.2357655,34.9731579,0 137.2357388,34.9731693,0 137.2357121,34.9731846,0 137.2357006,34.9731922,0 137.2356739,34.9731998,0 137.2356625,34.9732075,0 137.2356358,34.9732151,0 137.2356091,34.9732189,0 137.2355824,34.9732151,0 137.2355556,34.9732113,0 137.2355404,34.9732075,0 137.2355175,34.9731960,0 137.2354946,34.9731846,0 137.2354870,34.9731731,0 137.2354755,34.9731617,0 137.2354679,34.9731503,0 137.2354565,34.9731350,0 137.2354488,34.9731159,0 137.2354412,34.9731007,0 137.2354374,34.9730778,0 137.2354374,34.9730625,0 137.2354336,34.9730434,0 137.2354336,34.9730244,0 137.2354336,34.9730091,0 137.2354336,34.9729900,0 137.2354374,34.9729748,0 137.2354412,34.9729214,0 137.2354412,34.9729023,0 137.2354412,34.9728870,0 137.2354374,34.9728680,0 137.2354336,34.9728565,0 137.2354259,34.9728374,0 137.2354145,34.9728222,0 137.2353992,34.9728069,0 137.2353840,34.9727917,0 137.2353687,34.9727840,0 137.2353535,34.9727726,0 137.2353420,34.9727650,0 137.2353268,34.9727573,0 137.2353115,34.9727497,0 137.2352962,34.9727421,0 137.2352810,34.9727383,0 137.2352657,34.9727306,0 137.2352505,34.9727268,0 137.2352352,34.9727230,0 137.2352161,34.9727192,0 137.2352009,34.9727154,0 137.2351856,34.9727116,0 137.2351665,34.9727116,0 137.2351360,34.9727116,0 137.2350864,34.9727154,0 137.2350636,34.9727154,0 137.2350140,34.9727154,0 137.2349796,34.9727154,0 137.2349300,34.9727154,0 137.2349148,34.9727116,0 137.2348957,34.9727116,0 137.2348766,34.9727077,0 137.2348614,34.9727039,0 137.2348347,34.9726963,0 137.2348194,34.9726849,0 137.2347965,34.9726734,0 137.2347851,34.9726582,0 137.2347736,34.9726467,0 137.2347622,34.9726315,0 137.2347546,34.9726162,0 137.2347507,34.9726009,0 137.2347469,34.9725895,0 137.2347431,34.9725590,0 137.2347393,34.9725094,0 137.2347355,34.9724903,0 137.2347355,34.9724751,0 137.2347317,34.9724598,0 137.2347279,34.9724445,0 137.2347240,34.9724331,0 137.2347164,34.9724178,0 137.2347088,34.9724026,0 137.2346935,34.9723835,0 137.2346821,34.9723721,0 137.2346706,34.9723568,0 137.2346554,34.9723454,0 137.2346287,34.9723225,0 137.2346020,34.9722996,0 137.2345867,34.9722881,0 137.2345753,34.9722767,0 137.2345600,34.9722652,0 137.2345448,34.9722538,0 137.2345257,34.9722462,0 137.2345104,34.9722385,0 137.2344990,34.9722309,0 137.2344837,34.9722271,0 137.2344494,34.9722233,0 137.2344303,34.9722271,0 137.2344036,34.9722271,0 137.2343807,34.9722347,0 137.2343426,34.9722424,0 137.2343235,34.9722500,0 137.2343082,34.9722538,0 137.2342815,34.9722538,0 137.2342663,34.9722576,0 137.2342396,34.9722538,0 137.2342052,34.9722462,0 137.2341824,34.9722347,0 137.2341671,34.9722271,0 137.2341518,34.9722118,0 137.2341366,34.9721966,0 137.2341251,34.9721813,0 137.2341175,34.9721699,0 137.2341137,34.9721584,0 137.2341061,34.9721394,0 137.2340984,34.9721241,0 137.2340946,34.9721088,0 137.2340908,34.9720936,0 137.2340870,34.9720783,0 137.2340870,34.9720631,0 137.2340832,34.9720440,0 137.2340832,34.9720173,0 137.2340832,34.9720020,0 137.2340870,34.9719753,0 137.2340908,34.9719601,0 137.2340946,34.9719410,0 137.2340984,34.9719257,0 137.2341022,34.9719105,0 137.2341175,34.9718647,0 137.2341213,34.9718494,0 137.2341251,34.9718342,0 137.2341290,34.9718189,0 137.2341328,34.9717999,0 137.2341328,34.9717731,0 137.2341328,34.9717579,0 137.2341290,34.9717464,0 137.2341251,34.9717312,0 137.2341213,34.9717197,0 137.2341175,34.9717083,0 137.2341061,34.9716892,0 137.2340984,34.9716740,0 137.2340908,34.9716587,0 137.2340832,34.9716434,0 137.2340641,34.9716129,0 137.2340565,34.9715977,0 137.2340450,34.9715824,0 137.2340298,34.9715633,0 137.2340145,34.9715443,0 137.2340031,34.9715328,0 137.2339916,34.9715214,0 137.2339687,34.9714985,0 137.2339420,34.9714718,0 137.2339039,34.9714375,0 137.2338810,34.9714184,0 137.2338657,34.9714069,0 137.2338543,34.9713993,0 137.2338390,34.9713879,0 137.2338200,34.9713802,0 137.2338047,34.9713726,0 137.2337894,34.9713688,0 137.2337589,34.9713688,0 137.2337055,34.9713726,0 137.2336750,34.9713726,0 137.2336407,34.9713726,0 137.2336216,34.9713726,0 137.2335987,34.9713688,0 137.2335644,34.9713650,0 137.2335300,34.9713612,0 137.2333775,34.9713345,0 137.2332516,34.9713192,0 137.2332172,34.9713116,0 137.2331982,34.9713116,0 137.2331791,34.9713078,0 137.2331448,34.9713078,0 137.2331257,34.9713078,0 137.2331028,34.9713078,0 137.2330761,34.9713154,0 137.2330608,34.9713192,0 137.2330456,34.9713268,0 137.2330303,34.9713306,0 137.2330151,34.9713383,0 137.2329998,34.9713459,0 137.2329845,34.9713535,0 137.2329693,34.9713612,0 137.2329540,34.9713688,0 137.2329426,34.9713764,0 137.2329273,34.9713917,0 137.2329197,34.9713993,0 137.2329121,34.9714108,0 137.2329006,34.9714260,0 137.2328968,34.9714413,0 137.2328930,34.9714565,0 137.2328892,34.9714680,0 137.2328892,34.9714832,0 137.2328892,34.9715137,0 137.2328968,34.9715824,0 137.2328968,34.9716167,0 137.2329006,34.9716320,0 137.2329006,34.9716473,0 137.2328968,34.9716663,0 137.2328968,34.9716816,0 137.2328930,34.9717045,0 137.2328892,34.9717197,0 137.2328815,34.9717388,0 137.2328739,34.9717503,0 137.2328663,34.9717617,0 137.2328587,34.9717731,0 137.2328396,34.9717846,0 137.2328243,34.9717960,0 137.2328129,34.9718037,0 137.2327862,34.9718113,0 137.2327595,34.9718189,0 137.2327328,34.9718189,0 137.2327061,34.9718189,0 137.2326832,34.9718189,0 137.2326527,34.9718151,0 137.2326221,34.9718113,0 137.2326031,34.9718037,0 137.2325878,34.9717999,0 137.2325649,34.9717922,0 137.2325459,34.9717808,0 137.2325306,34.9717693,0 137.2325153,34.9717579,0 137.2325039,34.9717388,0 137.2324924,34.9717236,0 137.2324886,34.9717083,0 137.2324848,34.9716892,0 137.2324848,34.9716740,0 137.2324848,34.9716587,0 137.2324886,34.9716434,0 137.2324924,34.9716282,0 137.2324963,34.9716167,0 137.2325039,34.9716015,0 137.2325153,34.9715862,0 137.2325344,34.9715557,0 137.2325420,34.9715405,0 137.2325497,34.9715290,0 137.2325535,34.9715137,0 137.2325611,34.9715023,0 137.2325649,34.9714870,0 137.2325687,34.9714756,0 137.2325726,34.9714603,0 137.2325764,34.9714489,0 137.2325764,34.9714298,0 137.2325802,34.9714108,0 137.2325802,34.9713955,0 137.2325802,34.9713764,0 137.2325802,34.9713612,0 137.2325764,34.9713421,0 137.2325764,34.9713268,0 137.2325726,34.9713116,0 137.2325726,34.9712925,0 137.2325649,34.9712734,0 137.2325611,34.9712543,0 137.2325535,34.9712353,0 137.2325459,34.9712200,0 137.2325382,34.9712048,0 137.2325191,34.9711742,0 137.2324924,34.9711285,0 137.2324429,34.9710522,0 137.2324238,34.9710217,0 137.2324047,34.9709911,0 137.2323933,34.9709759,0 137.2323818,34.9709606,0 137.2323704,34.9709492,0 137.2323589,34.9709377,0 137.2323475,34.9709263,0 137.2323322,34.9709187,0 137.2323132,34.9709072,0 137.2322979,34.9708996,0 137.2322826,34.9708958,0 137.2322674,34.9708920,0 137.2322445,34.9708881,0 137.2322216,34.9708881,0 137.2322063,34.9708920,0 137.2321796,34.9709072,0 137.2321644,34.9709148,0 137.2321529,34.9709263,0 137.2321415,34.9709377,0 137.2321186,34.9709606,0 137.2320995,34.9709759,0 137.2320843,34.9709911,0 137.2320652,34.9710064,0 137.2320499,34.9710140,0 137.2320385,34.9710217,0 137.2320194,34.9710255,0 137.2319889,34.9710331,0 137.2319698,34.9710369,0 137.2319546,34.9710407,0 137.2319355,34.9710407,0 137.2319050,34.9710445,0 137.2318707,34.9710445,0 137.2318363,34.9710445,0 137.2317753,34.9710445,0 137.2317562,34.9710484,0 137.2317371,34.9710484,0 137.2317181,34.9710522,0 137.2316837,34.9710560,0 137.2316494,34.9710636,0 137.2316151,34.9710712,0 137.2315998,34.9710751,0 137.2315807,34.9710827,0 137.2315655,34.9710865,0 137.2315464,34.9710941,0 137.2315311,34.9710979,0 137.2315159,34.9711056,0 137.2315006,34.9711132,0 137.2314243,34.9711514,0 137.2314091,34.9711590,0 137.2313938,34.9711666,0 137.2313786,34.9711742,0 137.2313557,34.9711819,0 137.2313404,34.9711857,0 137.2313251,34.9711895,0 137.2313061,34.9711933,0 137.2312832,34.9711933,0 137.2312603,34.9711895,0 137.2312450,34.9711857,0 137.2312183,34.9711781,0 137.2311954,34.9711666,0 137.2311802,34.9711590,0 137.2311611,34.9711475,0 137.2311382,34.9711323,0 137.2310047,34.9710445,0 137.2309628,34.9710178,0 137.2309132,34.9709873,0 137.2308674,34.9709606,0 137.2306805,34.9708462,0 137.2306347,34.9708195,0 137.2306042,34.9708004,0 137.2305889,34.9707928,0 137.2305737,34.9707851,0 137.2305584,34.9707813,0 137.2305431,34.9707775,0 137.2305241,34.9707737,0 137.2304935,34.9707737,0 137.2304630,34.9707851,0 137.2304478,34.9707928,0 137.2304325,34.9708042,0 137.2304173,34.9708118,0 137.2304020,34.9708233,0 137.2303715,34.9708462,0 137.2302990,34.9708996,0 137.2302723,34.9709225,0 137.2302570,34.9709339,0 137.2302456,34.9709454,0 137.2302341,34.9709568,0 137.2302227,34.9709682,0 137.2302113,34.9709835,0 137.2302074,34.9709988,0 137.2302036,34.9710102,0 137.2302074,34.9710217,0 137.2302189,34.9710369,0 137.2302341,34.9710522,0 137.2302494,34.9710598,0 137.2302608,34.9710674,0 137.2302761,34.9710751,0 137.2302952,34.9710827,0 137.2303104,34.9710903,0 137.2303448,34.9711056,0 137.2304745,34.9711590,0 137.2307835,34.9712849,0 137.2308140,34.9712963,0 137.2308292,34.9713039,0 137.2308445,34.9713116,0 137.2308598,34.9713192,0 137.2308788,34.9713268,0 137.2308979,34.9713383,0 137.2309093,34.9713497,0 137.2309284,34.9713612,0 137.2309399,34.9713726,0 137.2309475,34.9713840,0 137.2309589,34.9713955,0 137.2309780,34.9714184,0 137.2309895,34.9714298,0 137.2310009,34.9714413,0 137.2310162,34.9714527,0 137.2310314,34.9714603,0 137.2310429,34.9714680,0 137.2310581,34.9714718,0 137.2310772,34.9714756,0 137.2311077,34.9714794,0 137.2311230,34.9714832,0 137.2311573,34.9714832,0 137.2311916,34.9714870,0 137.2312107,34.9714870,0 137.2312412,34.9714870,0 137.2312603,34.9714870,0 137.2313175,34.9714832,0 137.2313404,34.9714794,0 137.2313595,34.9714794,0 137.2313786,34.9714794,0 137.2313938,34.9714832,0 137.2314205,34.9714870,0 137.2314472,34.9714985,0 137.2314739,34.9715137,0 137.2314892,34.9715252,0 137.2315006,34.9715405,0 137.2315121,34.9715557,0 137.2315197,34.9715710,0 137.2315273,34.9715900,0 137.2315350,34.9716053,0 137.2315388,34.9716167,0 137.2315426,34.9716320,0 137.2315464,34.9716473,0 137.2315464,34.9716702,0 137.2315464,34.9716930,0 137.2315426,34.9717083,0 137.2315350,34.9717236,0 137.2315273,34.9717388,0 137.2315159,34.9717579,0 137.2315044,34.9717693,0 137.2314892,34.9717808,0 137.2314777,34.9717884,0 137.2314510,34.9718037,0 137.2314129,34.9718189,0 137.2314014,34.9718266,0 137.2313862,34.9718342,0 137.2313747,34.9718494,0 137.2313633,34.9718647,0 137.2313557,34.9718838,0 137.2313519,34.9718990,0 137.2313519,34.9719143,0 137.2313557,34.9719334,0 137.2313557,34.9719486,0 137.2313595,34.9719639,0 137.2313633,34.9719791,0 137.2313671,34.9719982,0 137.2313747,34.9720173,0 137.2313862,34.9720287,0 137.2313938,34.9720478,0 137.2314053,34.9720631,0 137.2314167,34.9720745,0 137.2314281,34.9720860,0 137.2314396,34.9720974,0 137.2314548,34.9721127,0 137.2314663,34.9721203,0 137.2314777,34.9721317,0 137.2314930,34.9721394,0 137.2315044,34.9721470,0 137.2315197,34.9721546,0 137.2315350,34.9721584,0 137.2315502,34.9721546,0 137.2315655,34.9721508,0 137.2315807,34.9721432,0 137.2315884,34.9721355,0 137.2315998,34.9721203,0 137.2316227,34.9720936,0 137.2316380,34.9720745,0 137.2316532,34.9720592,0 137.2316647,34.9720516,0 137.2316761,34.9720402,0 137.2316914,34.9720325,0 137.2317066,34.9720249,0 137.2317219,34.9720211,0 137.2317410,34.9720173,0 137.2317562,34.9720135,0 137.2317905,34.9720173,0 137.2318134,34.9720211,0 137.2318325,34.9720249,0 137.2318516,34.9720325,0 137.2318668,34.9720402,0 137.2318783,34.9720478,0 137.2318897,34.9720554,0 137.2319012,34.9720631,0 137.2319126,34.9720745,0 137.2319241,34.9720821,0 137.2319355,34.9720936,0 137.2319431,34.9721050,0 137.2319584,34.9721203,0 137.2319736,34.9721355,0 137.2319813,34.9721508,0 137.2319889,34.9721622,0 137.2319965,34.9721737,0 137.2320004,34.9721851,0 137.2320042,34.9721966,0 137.2320080,34.9722118,0 137.2320118,34.9722271,0 137.2320118,34.9722462,0 137.2320080,34.9722614,0 137.2320042,34.9722767,0 137.2319965,34.9722919,0 137.2319889,34.9723072,0 137.2319775,34.9723148,0 137.2319622,34.9723301,0 137.2319469,34.9723415,0 137.2319241,34.9723530,0 137.2319088,34.9723568,0 137.2318821,34.9723644,0 137.2318668,34.9723682,0 137.2318478,34.9723682,0 137.2318287,34.9723721,0 137.2317944,34.9723721,0 137.2317219,34.9723759,0 137.2316990,34.9723759,0 137.2316837,34.9723797,0 137.2316608,34.9723873,0 137.2316494,34.9723949,0 137.2316380,34.9724064,0 137.2316303,34.9724178,0 137.2316227,34.9724331,0 137.2316151,34.9724483,0 137.2316113,34.9724636,0 137.2316074,34.9724789,0 137.2316036,34.9724979,0 137.2316036,34.9725170,0 137.2315884,34.9726238,0 137.2315845,34.9726582,0 137.2315807,34.9726772,0 137.2315769,34.9726925,0 137.2315731,34.9727077,0 137.2315655,34.9727230,0 137.2315617,34.9727383,0 137.2315540,34.9727535,0 137.2315426,34.9727688,0 137.2315273,34.9727840,0 137.2315159,34.9727917,0 137.2315006,34.9728031,0 137.2314854,34.9728146,0 137.2314663,34.9728184,0 137.2314510,34.9728260,0 137.2314281,34.9728298,0 137.2314091,34.9728336,0 137.2313938,34.9728374,0 137.2313404,34.9728451,0 137.2311687,34.9728718,0 137.2311153,34.9728794,0 137.2310810,34.9728832,0 137.2310467,34.9728870,0 137.2309971,34.9728909,0 137.2309628,34.9728947,0 137.2309284,34.9728947,0 137.2309055,34.9728947,0 137.2308865,34.9728909,0 137.2308521,34.9728870,0 137.2308369,34.9728832,0 137.2308178,34.9728794,0 137.2307835,34.9728718,0 137.2305393,34.9728146,0 137.2305050,34.9728069,0 137.2304897,34.9728031,0 137.2304707,34.9727955,0 137.2304554,34.9727917,0 137.2304287,34.9727802,0 137.2304058,34.9727688,0 137.2303905,34.9727573,0 137.2303753,34.9727459,0 137.2303562,34.9727230,0 137.2303410,34.9727039,0 137.2303333,34.9726887,0 137.2303219,34.9726734,0 137.2303028,34.9726429,0 137.2302608,34.9725666,0 137.2302151,34.9724903,0 137.2301884,34.9724369,0 137.2301388,34.9723454,0 137.2301235,34.9723148,0 137.2301083,34.9722843,0 137.2301006,34.9722729,0 137.2300892,34.9722576,0 137.2300816,34.9722462,0 137.2300701,34.9722347,0 137.2300549,34.9722233,0 137.2300396,34.9722157,0 137.2300243,34.9722080,0 137.2300091,34.9722042,0 137.2299938,34.9722004,0 137.2299671,34.9722004,0 137.2299175,34.9722004,0 137.2298145,34.9722042,0 137.2297802,34.9722080,0 137.2297459,34.9722080,0 137.2297306,34.9722042,0 137.2297039,34.9722042,0 137.2296886,34.9722004,0 137.2296734,34.9721966,0 137.2296505,34.9721889,0 137.2296391,34.9721813,0 137.2296276,34.9721737,0 137.2296124,34.9721622,0 137.2295971,34.9721470,0 137.2295856,34.9721317,0 137.2295780,34.9721165,0 137.2295704,34.9721012,0 137.2295666,34.9720898,0 137.2295666,34.9720707,0 137.2295628,34.9720554,0 137.2295628,34.9720402,0 137.2295628,34.9720249,0 137.2295628,34.9720058,0 137.2295628,34.9719830,0 137.2295628,34.9719296,0 137.2295628,34.9719105,0 137.2295628,34.9718952,0 137.2295628,34.9718800,0 137.2295589,34.9718609,0 137.2295551,34.9718456,0 137.2295513,34.9718342,0 137.2295437,34.9718227,0 137.2295322,34.9718113,0 137.2295170,34.9718037,0 137.2294941,34.9717999,0 137.2294712,34.9717960,0 137.2294407,34.9717999,0 137.2293758,34.9718037,0 137.2293415,34.9718075,0 137.2293072,34.9718075,0 137.2292576,34.9718113,0 137.2292233,34.9718113,0 137.2292042,34.9718113,0 137.2291813,34.9718075,0 137.2291622,34.9718075,0 137.2291431,34.9718037,0 137.2291279,34.9717960,0 137.2291126,34.9717922,0 137.2291012,34.9717846,0 137.2290707,34.9717655,0 137.2290592,34.9717503,0 137.2290478,34.9717388,0 137.2290401,34.9717274,0 137.2290325,34.9717121,0 137.2290249,34.9716969,0 137.2290134,34.9716702,0 137.2290096,34.9716587,0 137.2290020,34.9716434,0 137.2289867,34.9716320,0 137.2289677,34.9716206,0 137.2289448,34.9716206,0 137.2289181,34.9716282,0 137.2289028,34.9716358,0 137.2288876,34.9716434,0 137.2288723,34.9716511,0 137.2288418,34.9716663,0 137.2288113,34.9716854,0 137.2287846,34.9717045,0 137.2287540,34.9717274,0 137.2287388,34.9717350,0 137.2287197,34.9717503,0 137.2287045,34.9717617,0 137.2286930,34.9717731,0 137.2286816,34.9717846,0 137.2286701,34.9717960,0 137.2286549,34.9718113,0 137.2286434,34.9718266,0 137.2286320,34.9718380,0 137.2286243,34.9718494,0 137.2286167,34.9718647,0 137.2286129,34.9718761,0 137.2286053,34.9718914,0 137.2286015,34.9719028,0 137.2286015,34.9719181,0 137.2285976,34.9719296,0 137.2285976,34.9719563,0 137.2286015,34.9719715,0 137.2286053,34.9719868,0 137.2286091,34.9720020,0 137.2286129,34.9720173,0 137.2286205,34.9720364,0 137.2286282,34.9720554,0 137.2286358,34.9720707,0 137.2286434,34.9720821,0 137.2286587,34.9721127,0 137.2286777,34.9721432,0 137.2287312,34.9722271,0 137.2287502,34.9722538,0 137.2287579,34.9722691,0 137.2287655,34.9722881,0 137.2287769,34.9723110,0 137.2287807,34.9723263,0 137.2287846,34.9723415,0 137.2287884,34.9723568,0 137.2287884,34.9723759,0 137.2287884,34.9723911,0 137.2287846,34.9724026,0 137.2287769,34.9724293,0 137.2287731,34.9724407,0 137.2287617,34.9724560,0 137.2287540,34.9724674,0 137.2287312,34.9725018,0 137.2287197,34.9725208,0 137.2287083,34.9725361,0 137.2287006,34.9725475,0 137.2286930,34.9725628,0 137.2286854,34.9725780,0 137.2286777,34.9725895,0 137.2286739,34.9726048,0 137.2286701,34.9726200,0 137.2286663,34.9726353,0 137.2286701,34.9726582,0 137.2286816,34.9726734,0 137.2286968,34.9726887,0 137.2287121,34.9726925,0 137.2287273,34.9727001,0 137.2287426,34.9727039,0 137.2287617,34.9727077,0 137.2287960,34.9727116,0 137.2288303,34.9727192,0 137.2288647,34.9727230,0 137.2289066,34.9727268,0 137.2290173,34.9727383,0 137.2290363,34.9727421,0 137.2290707,34.9727459,0 137.2290936,34.9727535,0 137.2291126,34.9727573,0 137.2291279,34.9727650,0 137.2291508,34.9727764,0 137.2291660,34.9727879,0 137.2291813,34.9728069,0 137.2291927,34.9728184,0 137.2291965,34.9728298,0 137.2292004,34.9728413,0 137.2292080,34.9728565,0 137.2292080,34.9728718,0 137.2292080,34.9728947,0 137.2292042,34.9729099,0 137.2291965,34.9729252,0 137.2291927,34.9729366,0 137.2291851,34.9729481,0 137.2291737,34.9729633,0 137.2291622,34.9729748,0 137.2291508,34.9729862,0 137.2291317,34.9729977,0 137.2291164,34.9730091,0 137.2290859,34.9730282,0 137.2290554,34.9730473,0 137.2290249,34.9730663,0 137.2289944,34.9730816,0 137.2289677,34.9730930,0 137.2289562,34.9731007,0 137.2289219,34.9731121,0 137.2288952,34.9731236,0 137.2288647,34.9731350,0 137.2288494,34.9731388,0 137.2288303,34.9731426,0 137.2288151,34.9731464,0 137.2287884,34.9731503,0 137.2287693,34.9731503,0 137.2287350,34.9731541,0 137.2287006,34.9731579,0 137.2285442,34.9731655,0 137.2285099,34.9731693,0 137.2284756,34.9731693,0 137.2284412,34.9731693,0 137.2284184,34.9731693,0 137.2283955,34.9731693,0 137.2283764,34.9731655,0 137.2283611,34.9731617,0 137.2283306,34.9731503,0 137.2283001,34.9731388,0 137.2282848,34.9731312,0 137.2282543,34.9731159,0 137.2282085,34.9730892,0 137.2280865,34.9730167,0 137.2280254,34.9729824,0 137.2279949,34.9729633,0 137.2279644,34.9729443,0 137.2279491,34.9729328,0 137.2279110,34.9729061,0 137.2278996,34.9728947,0 137.2278843,34.9728870,0 137.2278576,34.9728756,0 137.2278385,34.9728756,0 137.2278194,34.9728794,0 137.2277966,34.9728870,0 137.2277851,34.9728947,0 137.2277737,34.9729061,0 137.2277622,34.9729137,0 137.2277508,34.9729252,0 137.2277279,34.9729519,0 137.2277050,34.9729748,0 137.2276707,34.9730206,0 137.2276363,34.9730587,0 137.2276173,34.9730854,0 137.2276058,34.9731007,0 137.2275982,34.9731121,0 137.2275906,34.9731274,0 137.2275829,34.9731426,0 137.2275753,34.9731579,0 137.2275715,34.9731770,0 137.2275791,34.9731960,0 137.2275829,34.9732113,0 137.2275944,34.9732227,0 137.2276020,34.9732342,0 137.2276134,34.9732456,0 137.2276249,34.9732533,0 137.2276402,34.9732647,0 137.2276516,34.9732761,0 137.2276783,34.9732952,0 137.2277088,34.9733105,0 137.2277203,34.9733219,0 137.2277355,34.9733295,0 137.2277508,34.9733372,0 137.2277660,34.9733448,0 137.2277813,34.9733524,0 137.2277966,34.9733601,0 137.2278271,34.9733715,0 137.2278461,34.9733753,0 137.2278614,34.9733829,0 137.2279377,34.9734058,0 137.2279873,34.9734211,0 137.2280216,34.9734325,0 137.2280369,34.9734364,0 137.2280598,34.9734478,0 137.2280750,34.9734516,0 137.2280903,34.9734592,0 137.2281055,34.9734669,0 137.2281170,34.9734783,0 137.2281322,34.9734859,0 137.2281513,34.9734974,0 137.2281628,34.9735088,0 137.2281742,34.9735241,0 137.2281857,34.9735355,0 137.2281971,34.9735508,0 137.2282047,34.9735622,0 137.2282085,34.9735775,0 137.2282124,34.9735889,0 137.2282162,34.9736004,0 137.2282162,34.9736156,0 137.2282162,34.9736309,0 137.2282124,34.9736462,0 137.2282085,34.9736614,0 137.2282009,34.9736729,0 137.2281933,34.9736881,0 137.2281818,34.9736958,0 137.2281742,34.9737110,0 137.2281590,34.9737186,0 137.2281322,34.9737339,0 137.2281170,34.9737377,0 137.2281017,34.9737415,0 137.2280750,34.9737453,0 137.2280483,34.9737453,0 137.2280178,34.9737453,0 137.2279949,34.9737415,0 137.2279797,34.9737377,0 137.2279339,34.9737301,0 137.2279186,34.9737263,0 137.2279034,34.9737186,0 137.2278843,34.9737148,0 137.2278728,34.9737072,0 137.2278538,34.9736996,0 137.2278347,34.9736919,0 137.2278194,34.9736805,0 137.2278004,34.9736691,0 137.2277584,34.9736423,0 137.2277431,34.9736347,0 137.2277317,34.9736271,0 137.2277164,34.9736195,0 137.2276974,34.9736118,0 137.2276821,34.9736042,0 137.2276516,34.9735928,0 137.2276173,34.9735813,0 137.2275829,34.9735699,0 137.2272778,34.9734745,0 137.2272282,34.9734554,0 137.2271938,34.9734478,0 137.2271786,34.9734440,0 137.2271442,34.9734325,0 137.2271137,34.9734287,0 137.2270870,34.9734249,0 137.2270069,34.9734135,0 137.2269726,34.9734058,0 137.2269573,34.9734020,0 137.2269230,34.9733944,0 137.2268963,34.9733868,0 137.2268848,34.9733791,0 137.2268505,34.9733601,0 137.2268162,34.9733372,0 137.2268009,34.9733295,0 137.2267895,34.9733219,0 137.2267742,34.9733181,0 137.2267551,34.9733105,0 137.2267361,34.9733067,0 137.2267170,34.9733105,0 137.2266979,34.9733105,0 137.2266827,34.9733143,0 137.2266636,34.9733181,0 137.2266483,34.9733219,0 137.2266140,34.9733334,0 137.2264919,34.9733677,0 137.2263889,34.9733944,0 137.2263546,34.9734058,0 137.2263393,34.9734097,0 137.2263241,34.9734173,0 137.2263050,34.9734249,0 137.2262936,34.9734325,0 137.2262783,34.9734402,0 137.2262707,34.9734478,0 137.2262592,34.9734554,0 137.2262554,34.9734669,0 137.2262478,34.9734821,0 137.2262440,34.9734974,0 137.2262440,34.9735126,0 137.2262440,34.9735279,0 137.2262440,34.9735432,0 137.2262440,34.9735584,0 137.2262440,34.9735775,0 137.2262478,34.9736118,0 137.2262707,34.9738026,0 137.2262745,34.9738369,0 137.2262783,34.9738674,0 137.2262821,34.9738865,0 137.2262897,34.9739056,0 137.2262936,34.9739323,0 137.2263012,34.9739475,0 137.2263165,34.9739819,0 137.2263279,34.9740124,0 137.2263508,34.9740620,0 137.2263660,34.9740963,0 137.2263737,34.9741116,0 137.2263813,34.9741268,0 137.2263927,34.9741421,0 137.2264004,34.9741573,0 137.2264080,34.9741688,0 137.2264233,34.9741879,0 137.2264385,34.9741993,0 137.2264614,34.9742107,0 137.2264805,34.9742184,0 137.2264957,34.9742222,0 137.2265453,34.9742298,0 137.2265759,34.9742413,0 137.2265911,34.9742451,0 137.2266102,34.9742565,0 137.2266254,34.9742603,0 137.2266407,34.9742718,0 137.2266483,34.9742794,0 137.2266636,34.9742947,0 137.2266750,34.9743061,0 137.2266865,34.9743214,0 137.2266941,34.9743366,0 137.2267056,34.9743519,0 137.2267132,34.9743671,0 137.2267323,34.9743977,0 137.2267475,34.9744282,0 137.2268009,34.9745235,0 137.2268162,34.9745541,0 137.2268238,34.9745693,0 137.2268314,34.9745846,0 137.2268391,34.9746037,0 137.2268467,34.9746189,0 137.2268505,34.9746304,0 137.2268543,34.9746571,0 137.2268543,34.9746761,0 137.2268543,34.9746914,0 137.2268505,34.9747028,0 137.2268467,34.9747143,0 137.2268429,34.9747295,0 137.2268276,34.9747448,0 137.2268124,34.9747639,0 137.2267971,34.9747753,0 137.2267742,34.9747868,0 137.2267628,34.9747944,0 137.2267475,34.9747982,0 137.2266941,34.9748173,0 137.2266750,34.9748287,0 137.2266598,34.9748363,0 137.2266445,34.9748478,0 137.2266331,34.9748554,0 137.2266216,34.9748669,0 137.2266102,34.9748783,0 137.2265987,34.9748898,0 137.2265797,34.9749165,0 137.2265377,34.9749699,0 137.2265186,34.9749966,0 137.2265072,34.9750118,0 137.2264957,34.9750233,0 137.2264843,34.9750347,0 137.2264690,34.9750462,0 137.2264576,34.9750576,0 137.2264423,34.9750652,0 137.2264309,34.9750767,0 137.2264004,34.9750957,0 137.2263317,34.9751415,0 137.2263165,34.9751492,0 137.2263012,34.9751606,0 137.2262897,34.9751682,0 137.2262745,34.9751835,0 137.2262630,34.9751949,0 137.2262554,34.9752140,0 137.2262516,34.9752331,0 137.2262516,34.9752522,0 137.2262554,34.9752674,0 137.2262592,34.9752827,0 137.2262630,34.9752979,0 137.2262707,34.9753170,0 137.2262783,34.9753323,0 137.2262859,34.9753475,0 137.2262936,34.9753628,0 137.2263050,34.9753857,0 137.2263126,34.9754009,0 137.2263393,34.9754467,0 137.2264042,34.9755497,0 137.2264233,34.9755802,0 137.2264309,34.9755955,0 137.2264385,34.9756107,0 137.2264462,34.9756260,0 137.2264500,34.9756413,0 137.2264576,34.9756565,0 137.2264614,34.9756718,0 137.2259641,34.9756796,0 137.2259502,34.9756565,0 137.2259350,34.9756260,0 137.2259197,34.9756031,0 137.2259083,34.9755878,0 137.2259007,34.9755764,0 137.2258778,34.9755459,0 137.2258549,34.9755192,0 137.2257137,34.9753437,0 137.2256794,34.9753017,0 137.2256565,34.9752712,0 137.2255611,34.9751492,0 137.2255001,34.9750652,0 137.2254696,34.9750271,0 137.2254429,34.9749889,0 137.2254047,34.9749317,0 137.2253246,34.9748135,0 137.2252941,34.9747677,0 137.2252750,34.9747372,0 137.2252598,34.9747105,0 137.2252445,34.9746799,0 137.2252293,34.9746494,0 137.2252216,34.9746342,0 137.2252178,34.9746189,0 137.2252102,34.9745998,0 137.2252064,34.9745846,0 137.2252026,34.9745617,0 137.2252064,34.9745502,0 137.2252102,34.9745235,0 137.2252140,34.9745121,0 137.2252216,34.9745007,0 137.2252293,34.9744892,0 137.2252369,34.9744778,0 137.2252522,34.9744625,0 137.2252674,34.9744511,0 137.2252789,34.9744434,0 137.2252979,34.9744320,0 137.2253170,34.9744244,0 137.2253857,34.9743938,0 137.2254162,34.9743824,0 137.2254467,34.9743671,0 137.2254620,34.9743595,0 137.2254772,34.9743481,0 137.2255077,34.9743328,0 137.2255344,34.9743137,0 137.2255802,34.9742832,0 137.2256374,34.9742451,0 137.2256794,34.9742146,0 137.2257099,34.9741917,0 137.2257214,34.9741802,0 137.2257366,34.9741688,0 137.2257481,34.9741611,0 137.2257595,34.9741497,0 137.2257671,34.9741383,0 137.2257786,34.9741230,0 137.2257824,34.9741039,0 137.2257824,34.9740887,0 137.2257748,34.9740696,0 137.2257633,34.9740582,0 137.2257481,34.9740467,0 137.2257328,34.9740391,0 137.2257175,34.9740314,0 137.2257023,34.9740238,0 137.2256832,34.9740200,0 137.2256680,34.9740162,0 137.2255955,34.9739933,0 137.2255802,34.9739895,0 137.2255573,34.9739819,0 137.2255383,34.9739742,0 137.2255154,34.9739666,0 137.2255001,34.9739590,0 137.2254696,34.9739475,0 137.2254543,34.9739399,0 137.2254391,34.9739323,0 137.2254200,34.9739170,0 137.2254047,34.9739094,0 137.2253895,34.9738941,0 137.2253780,34.9738827,0 137.2253666,34.9738712,0 137.2253590,34.9738598,0 137.2253513,34.9738483,0 137.2253437,34.9738369,0 137.2253399,34.9738216,0 137.2253323,34.9738064,0 137.2253284,34.9737835,0 137.2253323,34.9737606,0 137.2253323,34.9737453,0 137.2253399,34.9737301,0 137.2253475,34.9737072,0 137.2253742,34.9736500,0 137.2253780,34.9736309,0 137.2253933,34.9736004,0 137.2253971,34.9735851,0 137.2254047,34.9735699,0 137.2254086,34.9735546,0 137.2254124,34.9735432,0 137.2254162,34.9735241,0 137.2254162,34.9735050,0 137.2254200,34.9734898,0 137.2254200,34.9734707,0 137.2254238,34.9734554,0 137.2254238,34.9734364,0 137.2254200,34.9734211,0 137.2254200,34.9734058,0 137.2254162,34.9733906,0 137.2254124,34.9733791,0 137.2254009,34.9733601,0 137.2253895,34.9733524,0 137.2253780,34.9733448,0 137.2253666,34.9733372,0 137.2253513,34.9733334,0 137.2253323,34.9733257,0 137.2253170,34.9733219,0 137.2252979,34.9733219,0 137.2252827,34.9733181,0 137.2252598,34.9733181,0 137.2252407,34.9733181,0 137.2252216,34.9733219,0 137.2252026,34.9733257,0 137.2251835,34.9733334,0 137.2251682,34.9733372,0 137.2251530,34.9733448,0 137.2251339,34.9733524,0 137.2251034,34.9733715,0 137.2250729,34.9733868,0 137.2250385,34.9734058,0 137.2250080,34.9734249,0 137.2249775,34.9734440,0 137.2249622,34.9734516,0 137.2249432,34.9734669,0 137.2249088,34.9734974,0 137.2248936,34.9735088,0 137.2248783,34.9735203,0 137.2248631,34.9735279,0 137.2248478,34.9735355,0 137.2248211,34.9735432,0 137.2247944,34.9735470,0 137.2247639,34.9735508,0 137.2247486,34.9735470,0 137.2247181,34.9735432,0 137.2247028,34.9735355,0 137.2246914,34.9735279,0 137.2246799,34.9735203,0 137.2246685,34.9735126,0 137.2246532,34.9734974,0 137.2246418,34.9734821,0 137.2246304,34.9734669,0 137.2246227,34.9734516,0 137.2246151,34.9734364,0 137.2245998,34.9734058,0 137.2245922,34.9733906,0 137.2245884,34.9733791,0 137.2245770,34.9733677,0 137.2245693,34.9733524,0 137.2245617,34.9733372,0 137.2245502,34.9733257,0 137.2245388,34.9733143,0 137.2245274,34.9733028,0 137.2245159,34.9732952,0 137.2244968,34.9732876,0 137.2244663,34.9732876,0 137.2244473,34.9732914,0 137.2244205,34.9732990,0 137.2243595,34.9733143,0 137.2243404,34.9733219,0 137.2243137,34.9733257,0 137.2242870,34.9733295,0 137.2242641,34.9733295,0 137.2242413,34.9733295,0 137.2242260,34.9733257,0 137.2242069,34.9733257,0 137.2241917,34.9733219,0 137.2241573,34.9733143,0 137.2239628,34.9732761,0 137.2239094,34.9732647,0 137.2238941,34.9732609,0 137.2238750,34.9732533,0 137.2238522,34.9732456,0 137.2238293,34.9732380,0 137.2238140,34.9732304,0 137.2237988,34.9732189,0 137.2237835,34.9732075,0 137.2237720,34.9731922,0 137.2237644,34.9731808,0 137.2237568,34.9731693,0 137.2237492,34.9731541,0 137.2237453,34.9731388,0 137.2237453,34.9731236,0 137.2237415,34.9731045,0 137.2237415,34.9730854,0 137.2237415,34.9730549,0 137.2237415,34.9730396,0 137.2237453,34.9730015,0 137.2237492,34.9729671,0 137.2237568,34.9729328,0 137.2237606,34.9728985,0 137.2237644,34.9728794,0 137.2237682,34.9728642,0 137.2237720,34.9728489,0 137.2237797,34.9728260,0 137.2237835,34.9728107,0 137.2237873,34.9727993,0 137.2237988,34.9727840,0 137.2238102,34.9727650,0 137.2238255,34.9727497,0 137.2238331,34.9727383,0 137.2238712,34.9727001,0 137.2238865,34.9726849,0 137.2238979,34.9726696,0 137.2239056,34.9726505,0 137.2239094,34.9726353,0 137.2239132,34.9726162,0 137.2239132,34.9726009,0 137.2239094,34.9725819,0 137.2239094,34.9725666,0 137.2239094,34.9725475,0 137.2239017,34.9725132,0 137.2238979,34.9724789,0 137.2238903,34.9724445,0 137.2238865,34.9724293,0 137.2238827,34.9724140,0 137.2238750,34.9723949,0 137.2238712,34.9723835,0 137.2238636,34.9723682,0 137.2238560,34.9723606,0 137.2238407,34.9723454,0 137.2238255,34.9723415,0 137.2238026,34.9723377,0 137.2237720,34.9723377,0 137.2237492,34.9723454,0 137.2237339,34.9723492,0 137.2236996,34.9723606,0 137.2236691,34.9723721,0 137.2234859,34.9724407,0 137.2234516,34.9724560,0 137.2234364,34.9724636,0 137.2234211,34.9724674,0 137.2234058,34.9724751,0 137.2233906,34.9724865,0 137.2233715,34.9724979,0 137.2233524,34.9725132,0 137.2233410,34.9725246,0 137.2233257,34.9725475,0 137.2233105,34.9725628,0 137.2232990,34.9725742,0 137.2232838,34.9725857,0 137.2232685,34.9725971,0 137.2232456,34.9726124,0 137.2232189,34.9726238,0 137.2232037,34.9726315,0 137.2231731,34.9726429,0 137.2231236,34.9726582,0 137.2230091,34.9726925,0 137.2229595,34.9727077,0 137.2229252,34.9727192,0 137.2229099,34.9727268,0 137.2228947,34.9727306,0 137.2228794,34.9727383,0 137.2228642,34.9727459,0 137.2228489,34.9727535,0 137.2228374,34.9727612,0 137.2228298,34.9727688,0 137.2228146,34.9727764,0 137.2227879,34.9728031,0 137.2227764,34.9728146,0 137.2227612,34.9728260,0 137.2227383,34.9728413,0 137.2227230,34.9728489,0 137.2227039,34.9728603,0 137.2226887,34.9728642,0 137.2226734,34.9728718,0 137.2226582,34.9728756,0 137.2226429,34.9728794,0 137.2226124,34.9728870,0 137.2225971,34.9728909,0 137.2225628,34.9728947,0 137.2225437,34.9728985,0 137.2225246,34.9728985,0 137.2225056,34.9728947,0 137.2224865,34.9728909,0 137.2224522,34.9728832,0 137.2224369,34.9728756,0 137.2224178,34.9728642,0 137.2224064,34.9728527,0 137.2223911,34.9728413,0 137.2223797,34.9728260,0 137.2223606,34.9728069,0 137.2223492,34.9727955,0 137.2223339,34.9727802,0 137.2223186,34.9727726,0 137.2223034,34.9727688,0 137.2222881,34.9727612,0 137.2222729,34.9727535,0 137.2222385,34.9727459,0 137.2222042,34.9727345,0 137.2221737,34.9727268,0 137.2221394,34.9727192,0 137.2221012,34.9727116,0 137.2220516,34.9727001,0 137.2218761,34.9726696,0 137.2218380,34.9726620,0 137.2218037,34.9726582,0 137.2217846,34.9726543,0 137.2217617,34.9726505,0 137.2217426,34.9726505,0 137.2217236,34.9726505,0 137.2216854,34.9726505,0 137.2216663,34.9726505,0 137.2216511,34.9726543,0 137.2216320,34.9726543,0 137.2216167,34.9726582,0 137.2216015,34.9726620,0 137.2215862,34.9726658,0 137.2215710,34.9726696,0 137.2215519,34.9726734,0 137.2215405,34.9726810,0 137.2215252,34.9726849,0 137.2215137,34.9726925,0 137.2214985,34.9727001,0 137.2214870,34.9727077,0 137.2214718,34.9727192,0 137.2214565,34.9727306,0 137.2214375,34.9727459,0 137.2214260,34.9727612,0 137.2214146,34.9727726,0 137.2214031,34.9727840,0 137.2213879,34.9728031,0 137.2213802,34.9728184,0 137.2213688,34.9728336,0 137.2213459,34.9728680,0 137.2213383,34.9728794,0 137.2213268,34.9728909,0 137.2213154,34.9729023,0 137.2213039,34.9729137,0 137.2212887,34.9729252,0 137.2212772,34.9729328,0 137.2212582,34.9729404,0 137.2212429,34.9729519,0 137.2212276,34.9729557,0 137.2211971,34.9729710,0 137.2211628,34.9729862,0 137.2211285,34.9729977,0 137.2211132,34.9730053,0 137.2210941,34.9730091,0 137.2210560,34.9730206,0 137.2210293,34.9730282,0 137.2210140,34.9730396,0 137.2209873,34.9730549,0 137.2209682,34.9730740,0 137.2209568,34.9730892,0 137.2209492,34.9731007,0 137.2209454,34.9731159,0 137.2209377,34.9731312,0 137.2209339,34.9731464,0 137.2209301,34.9731731,0 137.2209301,34.9731922,0 137.2209263,34.9732227,0 137.2209263,34.9732838,0 137.2209263,34.9733181,0 137.2209225,34.9733486,0 137.2209225,34.9733677,0 137.2209187,34.9733868,0 137.2209148,34.9734211,0 137.2209110,34.9734554,0 137.2209034,34.9735088,0 137.2208958,34.9735432,0 137.2208958,34.9735622,0 137.2208881,34.9735889,0 137.2208843,34.9736004,0 137.2208805,34.9736118,0 137.2208767,34.9736271,0 137.2208729,34.9736385,0 137.2208652,34.9736500,0 137.2208576,34.9736691,0 137.2208462,34.9736881,0 137.2208347,34.9737072,0 137.2208233,34.9737186,0 137.2208080,34.9737301,0 137.2207928,34.9737415,0 137.2207813,34.9737530,0 137.2207623,34.9737606,0 137.2207470,34.9737682,0 137.2207317,34.9737720,0 137.2207088,34.9737797,0 137.2206936,34.9737835,0 137.2206745,34.9737873,0 137.2206554,34.9737949,0 137.2206211,34.9737988,0 137.2205715,34.9738064,0 137.2205563,34.9738102,0 137.2205410,34.9738140,0 137.2205219,34.9738178,0 137.2205067,34.9738216,0 137.2204952,34.9738293,0 137.2204723,34.9738407,0 137.2204609,34.9738522,0 137.2204533,34.9738598,0 137.2204494,34.9738750,0 137.2204418,34.9738865,0 137.2204380,34.9738979,0 137.2204380,34.9739132,0 137.2204380,34.9739285,0 137.2204418,34.9739475,0 137.2204456,34.9739628,0 137.2204533,34.9739895,0 137.2204571,34.9740047,0 137.2204647,34.9740200,0 137.2204723,34.9740353,0 137.2204800,34.9740505,0 137.2204876,34.9740620,0 137.2204952,34.9740772,0 137.2205067,34.9740963,0 137.2205219,34.9741154,0 137.2205296,34.9741306,0 137.2205410,34.9741421,0 137.2205982,34.9742069,0 137.2206097,34.9742222,0 137.2206211,34.9742374,0 137.2206287,34.9742489,0 137.2206364,34.9742641,0 137.2206478,34.9742832,0 137.2206516,34.9742947,0 137.2206554,34.9743099,0 137.2206593,34.9743290,0 137.2206631,34.9743443,0 137.2206631,34.9743595,0 137.2206631,34.9743748,0 137.2206631,34.9743900,0 137.2206631,34.9744053,0 137.2206631,34.9744205,0 137.2206631,34.9744434,0 137.2206593,34.9744625,0 137.2206554,34.9744816,0 137.2206516,34.9745159,0 137.2206478,34.9745312,0 137.2206440,34.9745502,0 137.2206402,34.9745655,0 137.2206326,34.9745846,0 137.2206287,34.9746037,0 137.2206211,34.9746189,0 137.2206173,34.9746304,0 137.2206059,34.9746456,0 137.2205906,34.9746647,0 137.2205753,34.9746761,0 137.2205601,34.9746914,0 137.2205410,34.9747028,0 137.2205296,34.9747105,0 137.2205143,34.9747181,0 137.2204838,34.9747372,0 137.2203922,34.9747829,0 137.2203655,34.9747982,0 137.2203503,34.9748096,0 137.2203350,34.9748173,0 137.2203197,34.9748287,0 137.2203045,34.9748440,0 137.2202930,34.9748554,0 137.2202854,34.9748669,0 137.2202740,34.9748821,0 137.2202663,34.9748974,0 137.2202549,34.9749088,0 137.2202473,34.9749241,0 137.2202320,34.9749584,0 137.2202168,34.9749889,0 137.2202015,34.9750195,0 137.2201900,34.9750538,0 137.2201786,34.9750729,0 137.2201748,34.9750919,0 137.2201595,34.9751263,0 137.2201405,34.9751911,0 137.2201252,34.9752254,0 137.2201214,34.9752407,0 137.2201138,34.9752560,0 137.2201061,34.9752674,0 137.2200947,34.9752865,0 137.2200832,34.9753017,0 137.2200680,34.9753170,0 137.2200489,34.9753323,0 137.2200375,34.9753399,0 137.2200222,34.9753513,0 137.2199993,34.9753590,0 137.2199841,34.9753666,0 137.2199688,34.9753742,0 137.2199535,34.9753780,0 137.2199383,34.9753857,0 137.2199192,34.9753895,0 137.2199001,34.9753971,0 137.2198505,34.9754086,0 137.2196789,34.9754505,0 137.2195072,34.9754925,0 137.2194576,34.9755039,0 137.2194233,34.9755116,0 137.2193890,34.9755192,0 137.2193356,34.9755268,0 137.2191105,34.9755611,0 137.2190609,34.9755688,0 137.2190418,34.9755726,0 137.2190075,34.9755764,0 137.2189732,34.9755764,0 137.2189579,34.9755726,0 137.2189388,34.9755688,0 137.2189045,34.9755611,0 137.2188702,34.9755535,0 137.2188396,34.9755421,0 137.2188206,34.9755383,0 137.2188053,34.9755306,0 137.2187901,34.9755268,0 137.2187710,34.9755192,0 137.2187557,34.9755116,0 137.2187405,34.9755039,0 137.2187214,34.9754887,0 137.2187099,34.9754772,0 137.2186947,34.9754658,0 137.2186718,34.9754391,0 137.2186451,34.9754162,0 137.2186222,34.9753895,0 137.2184772,34.9752331,0 137.2184544,34.9752102,0 137.2184277,34.9751835,0 137.2184162,34.9751720,0 137.2184010,34.9751606,0 137.2183895,34.9751492,0 137.2183743,34.9751415,0 137.2183552,34.9751339,0 137.2183399,34.9751301,0 137.2183132,34.9751339,0 137.2182865,34.9751453,0 137.2182713,34.9751530,0 137.2182560,34.9751606,0 137.2182407,34.9751682,0 137.2182293,34.9751797,0 137.2181988,34.9751987,0 137.2181149,34.9752636,0 137.2180767,34.9752941,0 137.2180424,34.9753170,0 137.2180119,34.9753361,0 137.2179546,34.9753780,0 137.2179127,34.9754047,0 137.2178822,34.9754238,0 137.2178593,34.9754353,0 137.2178440,34.9754467,0 137.2178288,34.9754543,0 137.2178097,34.9754620,0 137.2177792,34.9754772,0 137.2177639,34.9754848,0 137.2177448,34.9754887,0 137.2177143,34.9755039,0 137.2175694,34.9755573,0 137.2175350,34.9755688,0 137.2174854,34.9755917,0 137.2173214,34.9756603,0 137.2172828,34.9756796,0 137.2159537,34.9756796,0 137.2159748,34.9756527,0 137.2159824,34.9756374,0 137.2159901,34.9756222,0 137.2159977,34.9756107,0 137.2160053,34.9755917,0 137.2160130,34.9755726,0 137.2160168,34.9755573,0 137.2160206,34.9755383,0 137.2160244,34.9755230,0 137.2160282,34.9755116,0 137.2160282,34.9754963,0 137.2160320,34.9754810,0 137.2160320,34.9754658,0 137.2160320,34.9754505,0 137.2160282,34.9754353,0 137.2160282,34.9754200,0 137.2160244,34.9754086,0 137.2160168,34.9753819,0 137.2160130,34.9753666,0 137.2160015,34.9753513,0 137.2159939,34.9753361,0 137.2159863,34.9753208,0 137.2159748,34.9753056,0 137.2159634,34.9752941,0 137.2159519,34.9752827,0 137.2159367,34.9752712,0 137.2159252,34.9752598,0 137.2159100,34.9752522,0 137.2158947,34.9752407,0 137.2158794,34.9752293,0 137.2158642,34.9752216,0 137.2158337,34.9752026,0 137.2157536,34.9751606,0 137.2157078,34.9751339,0 137.2156925,34.9751263,0 137.2156773,34.9751186,0 137.2156582,34.9751148,0 137.2156429,34.9751072,0 137.2156277,34.9751034,0 137.2156124,34.9750996,0 137.2155857,34.9751034,0 137.2155704,34.9751072,0 137.2155437,34.9751186,0 137.2155132,34.9751339,0 137.2154980,34.9751415,0 137.2154713,34.9751530,0 137.2154560,34.9751568,0 137.2154369,34.9751606,0 137.2154064,34.9751606,0 137.2153873,34.9751606,0 137.2153568,34.9751606,0 137.2153378,34.9751568,0 137.2153225,34.9751530,0 137.2152882,34.9751492,0 137.2150784,34.9751072,0 137.2150440,34.9750996,0 137.2149982,34.9750881,0 137.2149487,34.9750767,0 137.2148991,34.9750652,0 137.2148685,34.9750576,0 137.2148533,34.9750538,0 137.2148380,34.9750462,0 137.2148190,34.9750423,0 137.2148075,34.9750347,0 137.2147923,34.9750233,0 137.2147694,34.9750118,0 137.2147617,34.9750004,0 137.2147503,34.9749889,0 137.2147427,34.9749775,0 137.2147312,34.9749622,0 137.2147198,34.9749470,0 137.2147160,34.9749317,0 137.2147083,34.9749165,0 137.2147007,34.9749012,0 137.2146969,34.9748859,0 137.2146854,34.9748592,0 137.2146778,34.9748325,0 137.2146740,34.9748173,0 137.2146664,34.9747829,0 137.2146549,34.9747295,0 137.2146397,34.9746799,0 137.2146358,34.9746456,0 137.2146282,34.9746189,0 137.2146244,34.9745884,0 137.2146244,34.9745731,0 137.2146206,34.9745388,0 137.2146168,34.9744854,0 137.2146168,34.9744549,0 137.2146167,34.9743865,0 137.2146168,34.9743671,0 137.2146206,34.9743443,0 137.2146244,34.9743290,0 137.2146320,34.9743176,0 137.2146435,34.9742985,0 137.2146511,34.9742832,0 137.2146664,34.9742756,0 137.2146740,34.9742641,0 137.2146854,34.9742565,0 137.2146969,34.9742489,0 137.2147236,34.9742374,0 137.2147388,34.9742336,0 137.2147617,34.9742298,0 137.2147923,34.9742298,0 137.2148075,34.9742336,0 137.2148228,34.9742374,0 137.2148380,34.9742413,0 137.2148533,34.9742489,0 137.2148724,34.9742603,0 137.2148876,34.9742718,0 137.2148991,34.9742794,0 137.2149181,34.9742947,0 137.2149296,34.9743099,0 137.2149372,34.9743252,0 137.2149487,34.9743366,0 137.2149982,34.9744053,0 137.2150173,34.9744320,0 137.2150288,34.9744473,0 137.2150402,34.9744625,0 137.2150593,34.9744816,0 137.2150707,34.9744930,0 137.2150822,34.9745045,0 137.2150974,34.9745159,0 137.2151089,34.9745274,0 137.2151318,34.9745426,0 137.2151470,34.9745541,0 137.2151623,34.9745617,0 137.2152042,34.9745922,0 137.2153111,34.9746532,0 137.2153721,34.9746914,0 137.2154026,34.9747105,0 137.2154331,34.9747257,0 137.2154560,34.9747410,0 137.2154751,34.9747486,0 137.2155056,34.9747601,0 137.2155361,34.9747753,0 137.2155704,34.9747868,0 137.2156010,34.9747982,0 137.2156277,34.9748058,0 137.2156429,34.9748096,0 137.2156582,34.9748135,0 137.2157192,34.9748249,0 137.2157345,34.9748287,0 137.2157574,34.9748363,0 137.2157803,34.9748440,0 137.2157955,34.9748478,0 137.2158070,34.9748554,0 137.2158375,34.9748669,0 137.2158527,34.9748707,0 137.2158756,34.9748859,0 137.2158909,34.9748936,0 137.2159023,34.9749012,0 137.2159252,34.9749165,0 137.2159367,34.9749241,0 137.2159557,34.9749355,0 137.2159672,34.9749432,0 137.2159786,34.9749546,0 137.2159901,34.9749660,0 137.2159977,34.9749775,0 137.2160091,34.9749851,0 137.2160206,34.9750042,0 137.2160320,34.9750156,0 137.2160358,34.9750271,0 137.2160435,34.9750385,0 137.2160549,34.9750576,0 137.2160625,34.9750729,0 137.2160778,34.9750996,0 137.2160854,34.9751148,0 137.2160931,34.9751263,0 137.2161007,34.9751377,0 137.2161121,34.9751492,0 137.2161350,34.9751606,0 137.2161541,34.9751682,0 137.2161694,34.9751720,0 137.2161846,34.9751759,0 137.2162037,34.9751835,0 137.2162380,34.9751911,0 137.2162724,34.9751987,0 137.2163067,34.9752026,0 137.2163258,34.9752064,0 137.2163563,34.9752102,0 137.2163754,34.9752102,0 137.2164021,34.9752064,0 137.2164326,34.9752026,0 137.2164516,34.9751987,0 137.2164669,34.9751949,0 137.2165356,34.9751759,0 137.2165508,34.9751720,0 137.2165699,34.9751682,0 137.2165852,34.9751644,0 137.2166042,34.9751644,0 137.2166386,34.9751644,0 137.2166538,34.9751682,0 137.2166729,34.9751720,0 137.2166882,34.9751759,0 137.2167034,34.9751797,0 137.2167225,34.9751873,0 137.2167568,34.9751987,0 137.2167721,34.9752026,0 137.2167873,34.9752102,0 137.2168064,34.9752178,0 137.2168217,34.9752254,0 137.2168369,34.9752331,0 137.2168522,34.9752483,0 137.2168674,34.9752560,0 137.2168865,34.9752750,0 137.2168980,34.9752827,0 137.2169094,34.9752941,0 137.2169247,34.9753017,0 137.2169476,34.9753094,0 137.2169628,34.9753170,0 137.2169781,34.9753208,0 137.2169933,34.9753246,0 137.2170086,34.9753284,0 137.2170238,34.9753323,0 137.2170391,34.9753361,0 137.2170544,34.9753399,0 137.2170734,34.9753399,0 137.2170887,34.9753437,0 137.2171192,34.9753475,0 137.2171574,34.9753475,0 137.2171841,34.9753437,0 137.2172298,34.9753399,0 137.2172489,34.9753361,0 137.2172718,34.9753323,0 137.2173023,34.9753246,0 137.2173367,34.9753170,0 137.2173672,34.9753094,0 137.2173862,34.9753056,0 137.2174053,34.9752979,0 137.2174358,34.9752865,0 137.2174664,34.9752750,0 137.2174816,34.9752712,0 137.2175045,34.9752598,0 137.2175388,34.9752445,0 137.2175694,34.9752293,0 137.2175884,34.9752178,0 137.2176380,34.9751911,0 137.2176838,34.9751644,0 137.2177296,34.9751377,0 137.2177601,34.9751186,0 137.2177753,34.9751110,0 137.2177944,34.9750957,0 137.2178135,34.9750843,0 137.2178249,34.9750729,0 137.2178364,34.9750614,0 137.2178516,34.9750500,0 137.2178669,34.9750347,0 137.2178822,34.9750195,0 137.2178936,34.9750042,0 137.2179165,34.9749775,0 137.2179279,34.9749584,0 137.2179508,34.9749317,0 137.2179661,34.9749050,0 137.2179775,34.9748898,0 137.2179966,34.9748592,0 137.2180157,34.9748287,0 137.2180843,34.9747028,0 137.2181568,34.9745808,0 137.2181759,34.9745464,0 137.2181835,34.9745312,0 137.2181911,34.9745159,0 137.2181988,34.9745007,0 137.2182026,34.9744854,0 137.2182102,34.9744701,0 137.2182102,34.9744473,0 137.2182102,34.9744244,0 137.2182102,34.9744091,0 137.2182064,34.9743900,0 137.2182064,34.9743748,0 137.2182026,34.9743557,0 137.2181950,34.9743214,0 137.2181492,34.9741497,0 137.2181377,34.9740963,0 137.2181301,34.9740620,0 137.2181263,34.9740429,0 137.2181225,34.9740276,0 137.2181225,34.9740086,0 137.2181225,34.9739933,0 137.2181225,34.9739780,0 137.2181263,34.9739590,0 137.2181301,34.9739437,0 137.2181339,34.9739285,0 137.2181416,34.9739132,0 137.2181683,34.9738522,0 137.2181721,34.9738407,0 137.2181759,34.9738255,0 137.2181797,34.9738064,0 137.2181759,34.9737873,0 137.2181644,34.9737682,0 137.2181492,34.9737568,0 137.2181377,34.9737492,0 137.2181225,34.9737415,0 137.2181072,34.9737377,0 137.2180805,34.9737263,0 137.2180614,34.9737186,0 137.2180462,34.9737148,0 137.2180347,34.9737072,0 137.2180233,34.9736996,0 137.2180080,34.9736881,0 137.2179928,34.9736767,0 137.2179813,34.9736652,0 137.2179661,34.9736462,0 137.2179546,34.9736309,0 137.2179470,34.9736195,0 137.2179356,34.9736042,0 137.2179165,34.9735737,0 137.2178059,34.9733982,0 137.2177753,34.9733524,0 137.2177486,34.9733105,0 137.2177258,34.9732838,0 137.2177143,34.9732685,0 137.2177067,34.9732533,0 137.2176914,34.9732418,0 137.2176647,34.9732151,0 137.2176533,34.9731998,0 137.2176456,34.9731884,0 137.2176380,34.9731731,0 137.2176342,34.9731617,0 137.2176266,34.9731426,0 137.2176228,34.9731236,0 137.2176228,34.9731083,0 137.2176228,34.9730930,0 137.2176304,34.9730778,0 137.2176380,34.9730625,0 137.2176418,34.9730473,0 137.2176495,34.9730358,0 137.2176571,34.9730206,0 137.2176685,34.9730091,0 137.2176800,34.9729939,0 137.2177029,34.9729671,0 137.2177410,34.9729290,0 137.2177753,34.9728870,0 137.2178020,34.9728642,0 137.2178135,34.9728489,0 137.2178288,34.9728374,0 137.2178402,34.9728260,0 137.2178516,34.9728184,0 137.2178631,34.9728107,0 137.2178936,34.9728031,0 137.2179089,34.9727955,0 137.2179356,34.9727917,0 137.2179623,34.9727879,0 137.2179813,34.9727917,0 137.2180080,34.9727955,0 137.2180233,34.9728031,0 137.2180386,34.9728107,0 137.2180538,34.9728146,0 137.2180691,34.9728260,0 137.2180843,34.9728374,0 137.2180996,34.9728451,0 137.2181110,34.9728565,0 137.2181416,34.9728832,0 137.2181911,34.9729252,0 137.2182140,34.9729443,0 137.2182293,34.9729557,0 137.2182407,34.9729671,0 137.2182522,34.9729748,0 137.2182713,34.9729900,0 137.2182903,34.9729977,0 137.2183056,34.9730053,0 137.2183208,34.9730091,0 137.2183475,34.9730129,0 137.2183781,34.9730091,0 137.2184124,34.9730053,0 137.2184429,34.9729977,0 137.2184658,34.9729939,0 137.2185001,34.9729862,0 137.2186184,34.9729519,0 137.2186489,34.9729443,0 137.2186680,34.9729404,0 137.2186832,34.9729328,0 137.2186985,34.9729290,0 137.2187138,34.9729214,0 137.2187290,34.9729137,0 137.2187443,34.9729061,0 137.2187595,34.9728947,0 137.2187634,34.9728832,0 137.2187710,34.9728756,0 137.2187748,34.9728603,0 137.2187786,34.9728489,0 137.2187824,34.9728222,0 137.2187862,34.9728107,0 137.2187939,34.9727917,0 137.2188015,34.9727764,0 137.2188091,34.9727612,0 137.2188206,34.9727497,0 137.2188320,34.9727345,0 137.2188473,34.9727230,0 137.2188587,34.9727154,0 137.2188702,34.9727077,0 137.2188931,34.9726963,0 137.2189312,34.9726849,0 137.2189426,34.9726772,0 137.2189732,34.9726620,0 137.2189884,34.9726505,0 137.2190037,34.9726391,0 137.2190151,34.9726276,0 137.2190266,34.9726162,0 137.2190380,34.9726009,0 137.2190495,34.9725895,0 137.2190571,34.9725780,0 137.2190762,34.9725590,0 137.2190952,34.9725285,0 137.2191067,34.9725132,0 137.2191143,34.9724979,0 137.2191296,34.9724789,0 137.2191372,34.9724598,0 137.2191448,34.9724483,0 137.2191486,34.9724331,0 137.2191525,34.9724178,0 137.2191486,34.9723988,0 137.2191448,34.9723835,0 137.2191296,34.9723721,0 137.2191143,34.9723682,0 137.2190876,34.9723644,0 137.2190609,34.9723682,0 137.2190418,34.9723721,0 137.2190228,34.9723759,0 137.2190037,34.9723797,0 137.2189884,34.9723873,0 137.2189007,34.9724178,0 137.2188663,34.9724293,0 137.2188511,34.9724369,0 137.2188129,34.9724445,0 137.2187824,34.9724483,0 137.2187557,34.9724445,0 137.2187366,34.9724445,0 137.2187214,34.9724369,0 137.2187061,34.9724331,0 137.2186832,34.9724216,0 137.2186680,34.9724102,0 137.2186604,34.9724026,0 137.2186451,34.9723911,0 137.2186413,34.9723797,0 137.2186298,34.9723644,0 137.2186222,34.9723492,0 137.2186184,34.9723301,0 137.2186108,34.9723110,0 137.2186069,34.9722958,0 137.2186069,34.9722767,0 137.2185993,34.9722424,0 137.2185955,34.9722080,0 137.2185917,34.9721737,0 137.2185917,34.9721394,0 137.2185917,34.9721012,0 137.2185917,34.9720554,0 137.2185917,34.9720402,0 137.2185879,34.9720249,0 137.2185841,34.9720058,0 137.2185802,34.9719906,0 137.2185688,34.9719753,0 137.2185574,34.9719639,0 137.2185459,34.9719524,0 137.2185383,34.9719410,0 137.2185268,34.9719334,0 137.2185116,34.9719219,0 137.2185001,34.9719143,0 137.2184772,34.9719067,0 137.2184620,34.9719028,0 137.2184467,34.9718990,0 137.2184315,34.9719028,0 137.2184048,34.9719067,0 137.2183666,34.9719219,0 137.2183475,34.9719296,0 137.2183285,34.9719334,0 137.2183094,34.9719410,0 137.2182903,34.9719410,0 137.2182674,34.9719410,0 137.2182484,34.9719410,0 137.2182293,34.9719372,0 137.2181988,34.9719334,0 137.2181835,34.9719296,0 137.2181683,34.9719257,0 137.2181377,34.9719143,0 137.2181225,34.9719105,0 137.2181072,34.9719028,0 137.2180920,34.9718952,0 137.2180767,34.9718914,0 137.2180614,34.9718838,0 137.2180462,34.9718723,0 137.2180309,34.9718609,0 137.2180157,34.9718494,0 137.2180042,34.9718342,0 137.2179928,34.9718151,0 137.2179813,34.9717999,0 137.2179737,34.9717846,0 137.2179661,34.9717693,0 137.2179623,34.9717541,0 137.2179546,34.9717350,0 137.2179394,34.9716892,0 137.2179012,34.9715710,0 137.2178860,34.9715214,0 137.2178822,34.9715061,0 137.2178783,34.9714909,0 137.2178745,34.9714718,0 137.2178707,34.9714565,0 137.2178707,34.9714375,0 137.2178707,34.9714222,0 137.2178707,34.9714031,0 137.2178707,34.9713879,0 137.2178783,34.9713573,0 137.2178783,34.9713383,0 137.2178745,34.9713192,0 137.2178707,34.9713039,0 137.2178669,34.9712887,0 137.2178593,34.9712734,0 137.2178516,34.9712582,0 137.2178326,34.9712276,0 137.2178135,34.9711971,0 137.2177868,34.9711514,0 137.2177639,34.9711246,0 137.2177563,34.9711094,0 137.2177448,34.9710941,0 137.2177334,34.9710789,0 137.2177219,34.9710674,0 137.2177105,34.9710560,0 137.2176991,34.9710407,0 137.2176838,34.9710293,0 137.2176685,34.9710178,0 137.2176571,34.9710102,0 137.2176418,34.9709988,0 137.2176266,34.9709911,0 137.2176113,34.9709835,0 137.2175961,34.9709759,0 137.2175770,34.9709682,0 137.2175617,34.9709644,0 137.2175465,34.9709568,0 137.2175236,34.9709530,0 137.2174969,34.9709454,0 137.2174664,34.9709377,0 137.2173824,34.9709301,0 137.2173519,34.9709263,0 137.2173367,34.9709225,0 137.2173176,34.9709187,0 137.2173023,34.9709148,0 137.2172832,34.9709110,0 137.2172642,34.9709034,0 137.2172489,34.9708996,0 137.2172298,34.9708920,0 137.2172146,34.9708843,0 137.2171993,34.9708767,0 137.2171841,34.9708691,0 137.2171726,34.9708576,0 137.2171535,34.9708462,0 137.2171307,34.9708271,0 137.2171116,34.9708118,0 137.2171001,34.9708004,0 137.2170887,34.9707851,0 137.2170773,34.9707699,0 137.2170734,34.9707584,0 137.2170620,34.9707355,0 137.2170544,34.9707203,0 137.2170506,34.9706936,0 137.2170544,34.9706745,0 137.2170582,34.9706593,0 137.2170620,34.9706440,0 137.2170734,34.9706287,0 137.2170811,34.9706135,0 137.2170963,34.9706020,0 137.2171040,34.9705906,0 137.2171154,34.9705830,0 137.2171268,34.9705753,0 137.2171421,34.9705677,0 137.2171612,34.9705563,0 137.2171803,34.9705524,0 137.2171955,34.9705448,0 137.2172298,34.9705334,0 137.2172832,34.9705181,0 137.2173176,34.9705067,0 137.2173328,34.9705029,0 137.2173634,34.9704952,0 137.2173862,34.9704914,0 137.2174015,34.9704876,0 137.2174511,34.9704800,0 137.2174854,34.9704723,0 137.2175045,34.9704723,0 137.2175350,34.9704685,0 137.2175655,34.9704685,0 137.2175808,34.9704723,0 137.2175999,34.9704762,0 137.2176304,34.9704838,0 137.2176495,34.9704914,0 137.2176647,34.9705029,0 137.2176800,34.9705143,0 137.2176914,34.9705296,0 137.2177029,34.9705486,0 137.2177105,34.9705639,0 137.2177143,34.9705753,0 137.2177181,34.9705906,0 137.2177219,34.9706059,0 137.2177219,34.9706593,0 137.2177258,34.9706707,0 137.2177296,34.9706860,0 137.2177334,34.9707012,0 137.2177410,34.9707165,0 137.2177486,34.9707355,0 137.2177601,34.9707470,0 137.2177677,34.9707623,0 137.2177792,34.9707737,0 137.2177906,34.9707890,0 137.2178020,34.9708004,0 137.2178135,34.9708118,0 137.2178249,34.9708233,0 137.2178364,34.9708347,0 137.2178593,34.9708576,0 137.2178860,34.9708767,0 137.2179127,34.9708996,0 137.2179241,34.9709072,0 137.2179546,34.9709263,0 137.2179813,34.9709454,0 137.2180271,34.9709721,0 137.2180576,34.9709911,0 137.2180882,34.9710064,0 137.2181034,34.9710140,0 137.2181187,34.9710217,0 137.2181339,34.9710293,0 137.2181530,34.9710369,0 137.2181797,34.9710445,0 137.2181988,34.9710445,0 137.2182140,34.9710484,0 137.2182331,34.9710484,0 137.2182674,34.9710484,0 137.2183208,34.9710484,0 137.2183933,34.9710445,0 137.2184315,34.9710445,0 137.2184658,34.9710407,0 137.2185078,34.9710331,0 137.2185230,34.9710293,0 137.2185535,34.9710140,0 137.2185688,34.9710064,0 137.2185841,34.9709988,0 137.2186108,34.9709797,0 137.2186375,34.9709568,0 137.2187061,34.9709072,0 137.2187366,34.9708881,0 137.2187481,34.9708767,0 137.2187634,34.9708691,0 137.2187786,34.9708614,0 137.2187939,34.9708538,0 137.2188053,34.9708462,0 137.2188206,34.9708424,0 137.2188396,34.9708347,0 137.2188625,34.9708309,0 137.2188816,34.9708309,0 137.2189045,34.9708309,0 137.2189236,34.9708347,0 137.2189426,34.9708385,0 137.2189617,34.9708462,0 137.2189808,34.9708576,0 137.2189960,34.9708691,0 137.2190075,34.9708805,0 137.2190228,34.9708958,0 137.2190304,34.9709034,0 137.2190380,34.9709187,0 137.2190456,34.9709339,0 137.2190533,34.9709492,0 137.2190609,34.9709682,0 137.2190685,34.9709835,0 137.2190800,34.9710178,0 137.2191410,34.9711704,0 137.2192211,34.9713688,0 137.2192440,34.9714375,0 137.2192554,34.9714718,0 137.2192631,34.9714870,0 137.2192669,34.9715061,0 137.2192745,34.9715214,0 137.2192783,34.9715481,0 137.2192898,34.9715977,0 137.2192936,34.9716129,0 137.2193012,34.9716282,0 137.2193089,34.9716434,0 137.2193203,34.9716587,0 137.2193356,34.9716702,0 137.2193623,34.9716778,0 137.2193813,34.9716778,0 137.2194118,34.9716778,0 137.2194424,34.9716740,0 137.2194576,34.9716702,0 137.2194729,34.9716663,0 137.2194881,34.9716625,0 137.2195034,34.9716587,0 137.2195187,34.9716549,0 137.2195339,34.9716473,0 137.2195492,34.9716434,0 137.2195721,34.9716358,0 137.2195835,34.9716282,0 137.2195988,34.9716206,0 137.2196140,34.9716129,0 137.2196255,34.9716015,0 137.2196407,34.9715939,0 137.2196522,34.9715824,0 137.2196636,34.9715710,0 137.2196789,34.9715595,0 137.2196903,34.9715481,0 137.2197018,34.9715328,0 137.2197132,34.9715176,0 137.2197247,34.9715061,0 137.2197399,34.9714870,0 137.2197475,34.9714680,0 137.2197552,34.9714527,0 137.2197857,34.9713955,0 137.2197933,34.9713802,0 137.2198048,34.9713650,0 137.2198124,34.9713497,0 137.2198238,34.9713345,0 137.2198353,34.9713192,0 137.2198544,34.9712925,0 137.2198772,34.9712658,0 137.2199230,34.9712086,0 137.2199917,34.9711285,0 137.2200260,34.9710865,0 137.2200565,34.9710522,0 137.2200794,34.9710293,0 137.2201977,34.9708996,0 137.2202320,34.9708614,0 137.2202549,34.9708347,0 137.2202702,34.9708157,0 137.2202816,34.9708004,0 137.2202930,34.9707851,0 137.2203007,34.9707699,0 137.2203083,34.9707546,0 137.2203197,34.9707394,0 137.2203236,34.9707279,0 137.2203312,34.9707127,0 137.2203350,34.9706974,0 137.2203465,34.9706669,0 137.2203655,34.9706211,0 137.2203846,34.9705563,0 137.2204762,34.9702702,0 137.2204952,34.9702206,0 137.2205067,34.9701862,0 137.2205181,34.9701519,0 137.2205257,34.9701366,0 137.2205334,34.9701176,0 137.2205448,34.9701023,0 137.2205524,34.9700871,0 137.2205601,34.9700718,0 137.2205715,34.9700603,0 137.2205906,34.9700336,0 137.2206211,34.9699917,0 137.2206402,34.9699650,0 137.2206516,34.9699535,0 137.2206593,34.9699383,0 137.2206707,34.9699192,0 137.2206745,34.9699039,0 137.2206821,34.9698887,0 137.2206860,34.9698734,0 137.2206898,34.9698582,0 137.2206936,34.9698429,0 137.2207012,34.9697933,0 137.2207050,34.9697742,0 137.2207127,34.9697590,0 137.2207165,34.9697475,0 137.2207203,34.9697361,0 137.2207279,34.9697247,0 137.2207394,34.9697056,0 137.2207546,34.9696865,0 137.2207699,34.9696751,0 137.2207813,34.9696674,0 137.2207966,34.9696598,0 137.2208080,34.9696522,0 137.2208233,34.9696484,0 137.2208462,34.9696445,0 137.2208767,34.9696445,0 137.2209110,34.9696445,0 137.2209454,34.9696560,0 137.2209606,34.9696598,0 137.2209911,34.9696712,0 137.2210217,34.9696827,0 137.2210674,34.9697018,0 137.2210979,34.9697170,0 137.2211323,34.9697323,0 137.2211475,34.9697399,0 137.2211704,34.9697514,0 137.2211895,34.9697628,0 137.2212048,34.9697742,0 137.2212162,34.9697819,0 137.2212276,34.9697895,0 137.2212391,34.9698009,0 137.2212582,34.9698162,0 137.2212696,34.9698277,0 137.2212811,34.9698391,0 137.2212963,34.9698544,0 137.2213039,34.9698658,0 137.2213116,34.9698772,0 137.2213230,34.9698925,0 137.2213306,34.9699078,0 137.2213459,34.9699383,0 137.2213726,34.9699917,0 137.2213802,34.9700146,0 137.2213879,34.9700260,0 137.2213993,34.9700413,0 137.2214108,34.9700603,0 137.2214222,34.9700756,0 137.2214298,34.9700871,0 137.2214413,34.9700985,0 137.2214527,34.9701061,0 137.2214642,34.9701176,0 137.2214756,34.9701252,0 137.2214870,34.9701366,0 137.2215061,34.9701481,0 137.2215290,34.9701557,0 137.2215443,34.9701633,0 137.2215595,34.9701710,0 137.2215748,34.9701786,0 137.2216053,34.9701862,0 137.2216358,34.9701977,0 137.2216702,34.9702053,0 137.2217121,34.9702168,0 137.2218533,34.9702511,0 137.2219028,34.9702625,0 137.2219219,34.9702663,0 137.2219372,34.9702740,0 137.2219563,34.9702778,0 137.2219715,34.9702854,0 137.2219868,34.9702930,0 137.2220020,34.9703007,0 137.2220325,34.9703159,0 137.2220631,34.9703312,0 137.2220936,34.9703503,0 137.2223225,34.9704876,0 137.2223644,34.9705143,0 137.2223873,34.9705296,0 137.2224064,34.9705410,0 137.2224331,34.9705601,0 137.2224598,34.9705791,0 137.2224865,34.9706020,0 137.2225208,34.9706287,0 137.2226048,34.9706936,0 137.2226391,34.9707203,0 137.2226658,34.9707394,0 137.2227077,34.9707699,0 137.2227345,34.9707890,0 137.2227497,34.9707966,0 137.2227650,34.9708080,0 137.2227764,34.9708157,0 137.2227917,34.9708195,0 137.2228107,34.9708271,0 137.2228336,34.9708309,0 137.2228527,34.9708309,0 137.2228756,34.9708233,0 137.2228909,34.9708118,0 137.2229061,34.9708004,0 137.2229176,34.9707890,0 137.2229328,34.9707775,0 137.2229824,34.9707317,0 137.2229939,34.9707165,0 137.2230206,34.9706936,0 137.2230473,34.9706707,0 137.2231007,34.9706287,0 137.2231426,34.9705944,0 137.2231693,34.9705753,0 137.2231960,34.9705524,0 137.2232113,34.9705410,0 137.2232227,34.9705334,0 137.2232456,34.9705181,0 137.2232685,34.9705029,0 137.2232838,34.9704952,0 137.2233105,34.9704800,0 137.2233257,34.9704723,0 137.2233715,34.9704533,0 137.2234821,34.9704037,0 137.2235165,34.9703922,0 137.2235470,34.9703770,0 137.2235622,34.9703693,0 137.2235813,34.9703579,0 137.2235966,34.9703503,0 137.2236080,34.9703388,0 137.2236233,34.9703274,0 137.2236385,34.9703121,0 137.2236462,34.9703007,0 137.2236500,34.9702854,0 137.2236538,34.9702740,0 137.2236576,34.9702625,0 137.2236576,34.9702358,0 137.2236538,34.9702129,0 137.2236538,34.9701977,0 137.2236462,34.9701824,0 137.2236385,34.9701481,0 137.2236271,34.9701138,0 137.2235928,34.9699955,0 137.2235813,34.9699574,0 137.2235661,34.9699039,0 137.2235584,34.9698696,0 137.2235470,34.9698353,0 137.2235432,34.9698200,0 137.2235394,34.9698009,0 137.2235355,34.9697857,0 137.2235355,34.9697666,0 137.2235355,34.9697514,0 137.2235355,34.9697285,0 137.2235394,34.9697132,0 137.2235432,34.9697018,0 137.2235470,34.9696903,0 137.2235546,34.9696789,0 137.2235661,34.9696674,0 137.2235699,34.9696560,0 137.2235813,34.9696484,0 137.2235966,34.9696369,0 137.2236118,34.9696255,0 137.2236233,34.9696178,0 137.2236385,34.9696102,0 137.2236576,34.9696026,0 137.2236729,34.9695988,0 137.2237072,34.9695835,0 137.2237568,34.9695644,0 137.2237911,34.9695568,0 137.2238140,34.9695492,0 137.2238407,34.9695415,0 137.2238636,34.9695377,0 137.2238903,34.9695339,0 137.2239475,34.9695225,0 137.2239628,34.9695187,0 137.2239819,34.9695148,0 137.2239971,34.9695110,0 137.2240162,34.9695072,0 137.2240238,34.9694996,0 137.2240353,34.9694920,0 137.2240505,34.9694805,0 137.2240620,34.9694653,0 137.2240696,34.9694500,0 137.2240734,34.9694386,0 137.2240772,34.9694233,0 137.2240810,34.9694118,0 137.2240810,34.9693966,0 137.2240772,34.9693775,0 137.2240696,34.9693661,0 137.2240582,34.9693546,0 137.2240467,34.9693432,0 137.2239971,34.9693241,0 137.2239857,34.9693165,0 137.2239666,34.9693089,0 137.2239552,34.9693012,0 137.2239361,34.9692860,0 137.2239246,34.9692707,0 137.2239132,34.9692593,0 137.2239056,34.9692478,0 137.2239017,34.9692364,0 137.2238941,34.9692211,0 137.2238865,34.9692059,0 137.2238827,34.9691906,0 137.2238750,34.9691753,0 137.2238674,34.9691372,0 137.2238445,34.9690418,0 137.2238369,34.9690113,0 137.2238293,34.9689808,0 137.2238255,34.9689655,0 137.2238178,34.9689503,0 137.2238140,34.9689350,0 137.2238102,34.9689198,0 137.2238026,34.9689045,0 137.2237949,34.9688892,0 137.2237835,34.9688778,0 137.2237759,34.9688625,0 137.2237644,34.9688473,0 137.2237415,34.9688206,0 137.2237072,34.9687824,0 137.2236233,34.9686909,0 137.2235966,34.9686680,0 137.2235737,34.9686413,0 137.2235622,34.9686298,0 137.2235508,34.9686184,0 137.2235355,34.9686069,0 137.2235165,34.9685917,0 137.2235012,34.9685841,0 137.2234821,34.9685764,0 137.2234707,34.9685688,0 137.2234554,34.9685650,0 137.2234402,34.9685612,0 137.2234249,34.9685574,0 137.2234097,34.9685535,0 137.2233906,34.9685535,0 137.2233601,34.9685535,0 137.2233410,34.9685535,0 137.2233257,34.9685574,0 137.2233105,34.9685612,0 137.2232952,34.9685650,0 137.2232761,34.9685726,0 137.2232609,34.9685764,0 137.2232494,34.9685841,0 137.2232342,34.9685879,0 137.2232113,34.9685993,0 137.2231922,34.9686069,0 137.2231617,34.9686260,0 137.2231007,34.9686565,0 137.2230854,34.9686680,0 137.2230701,34.9686756,0 137.2230473,34.9686832,0 137.2230358,34.9686909,0 137.2230091,34.9686985,0 137.2229824,34.9687023,0 137.2229557,34.9687023,0 137.2229290,34.9687023,0 137.2229061,34.9686985,0 137.2228756,34.9686909,0 137.2228603,34.9686832,0 137.2228260,34.9686718,0 137.2227917,34.9686604,0 137.2225475,34.9685688,0 137.2224789,34.9685459,0 137.2223682,34.9685001,0 137.2222881,34.9684658,0 137.2222385,34.9684467,0 137.2222080,34.9684315,0 137.2221775,34.9684162,0 137.2221622,34.9684086,0 137.2221470,34.9684010,0 137.2221317,34.9683933,0 137.2221165,34.9683819,0 137.2221012,34.9683743,0 137.2220860,34.9683628,0 137.2220745,34.9683514,0 137.2220631,34.9683437,0 137.2220287,34.9683094,0 137.2220173,34.9682980,0 137.2220058,34.9682865,0 137.2219906,34.9682789,0 137.2219715,34.9682713,0 137.2219563,34.9682636,0 137.2219296,34.9682636,0 137.2219105,34.9682674,0 137.2218952,34.9682713,0 137.2218761,34.9682789,0 137.2218609,34.9682827,0 137.2218266,34.9682980,0 137.2216625,34.9683704,0 137.2216320,34.9683895,0 137.2216167,34.9683971,0 137.2216015,34.9684048,0 137.2215900,34.9684124,0 137.2215748,34.9684200,0 137.2215595,34.9684353,0 137.2215481,34.9684467,0 137.2215443,34.9684620,0 137.2215405,34.9684734,0 137.2215366,34.9684963,0 137.2215405,34.9685116,0 137.2215443,34.9685268,0 137.2215481,34.9685421,0 137.2215633,34.9685764,0 137.2215672,34.9685917,0 137.2215710,34.9686031,0 137.2215748,34.9686146,0 137.2215786,34.9686298,0 137.2215786,34.9686604,0 137.2215786,34.9686832,0 137.2215748,34.9686985,0 137.2215748,34.9687138,0 137.2215710,34.9687290,0 137.2215672,34.9687405,0 137.2215633,34.9687557,0 137.2215557,34.9687824,0 137.2215443,34.9688168,0 137.2215366,34.9688320,0 137.2215328,34.9688473,0 137.2215290,34.9688663,0 137.2215252,34.9688816,0 137.2215252,34.9688969,0 137.2215252,34.9689159,0 137.2215290,34.9689312,0 137.2215328,34.9689465,0 137.2215366,34.9689655,0 137.2215405,34.9689808,0 137.2215443,34.9689960,0 137.2215672,34.9690647,0 137.2215710,34.9690762,0 137.2215748,34.9690876,0 137.2215786,34.9691143,0 137.2215786,34.9691296,0 137.2215786,34.9691486,0 137.2215748,34.9691639,0 137.2215710,34.9691753,0 137.2215633,34.9691906,0 137.2215519,34.9692059,0 137.2215443,34.9692173,0 137.2215290,34.9692287,0 137.2215137,34.9692402,0 137.2214947,34.9692478,0 137.2214794,34.9692554,0 137.2214603,34.9692631,0 137.2214451,34.9692669,0 137.2214260,34.9692707,0 137.2214108,34.9692745,0 137.2213612,34.9692822,0 137.2213078,34.9692898,0 137.2212734,34.9692974,0 137.2212429,34.9693012,0 137.2212238,34.9693050,0 137.2211933,34.9693050,0 137.2211628,34.9693050,0 137.2211437,34.9693012,0 137.2211132,34.9692974,0 137.2210941,34.9692898,0 137.2210789,34.9692783,0 137.2210674,34.9692707,0 137.2210522,34.9692554,0 137.2210407,34.9692402,0 137.2210293,34.9692287,0 137.2210255,34.9692173,0 137.2210217,34.9692059,0 137.2210178,34.9691906,0 137.2210178,34.9691677,0 137.2210217,34.9691525,0 137.2210217,34.9691372,0 137.2210293,34.9691257,0 137.2210369,34.9691067,0 137.2210445,34.9690876,0 137.2210560,34.9690762,0 137.2210674,34.9690609,0 137.2211170,34.9689922,0 137.2211285,34.9689770,0 137.2211361,34.9689655,0 137.2211437,34.9689503,0 137.2211514,34.9689350,0 137.2211590,34.9689198,0 137.2211628,34.9689083,0 137.2211628,34.9688854,0 137.2211628,34.9688702,0 137.2211590,34.9688549,0 137.2211590,34.9688396,0 137.2211514,34.9688244,0 137.2211475,34.9688091,0 137.2211399,34.9687939,0 137.2211323,34.9687748,0 137.2211208,34.9687557,0 137.2211132,34.9687405,0 137.2211056,34.9687290,0 137.2210979,34.9687138,0 137.2210865,34.9686985,0 137.2210712,34.9686832,0 137.2210636,34.9686718,0 137.2210522,34.9686565,0 137.2210407,34.9686451,0 137.2210293,34.9686337,0 137.2210140,34.9686184,0 137.2209949,34.9686031,0 137.2209835,34.9685917,0 137.2209530,34.9685726,0 137.2208805,34.9685192,0 137.2208424,34.9684887,0 137.2208195,34.9684696,0 137.2207928,34.9684467,0 137.2207699,34.9684277,0 137.2207584,34.9684162,0 137.2207470,34.9684048,0 137.2207355,34.9683971,0 137.2207279,34.9683857,0 137.2207165,34.9683743,0 137.2207088,34.9683628,0 137.2206936,34.9683437,0 137.2206821,34.9683285,0 137.2206631,34.9683018,0 137.2206554,34.9682903,0 137.2206478,34.9682789,0 137.2206364,34.9682674,0 137.2206249,34.9682560,0 137.2206135,34.9682446,0 137.2205982,34.9682369,0 137.2205830,34.9682255,0 137.2205677,34.9682178,0 137.2205524,34.9682102,0 137.2205372,34.9682026,0 137.2205067,34.9681873,0 137.2203579,34.9681263,0 137.2203083,34.9681034,0 137.2202740,34.9680882,0 137.2202473,34.9680767,0 137.2202168,34.9680614,0 137.2201862,34.9680424,0 137.2200565,34.9679775,0 137.2199650,34.9679317,0 137.2199078,34.9678974,0 137.2198772,34.9678822,0 137.2198467,34.9678631,0 137.2198162,34.9678440,0 137.2197742,34.9678173,0 137.2197437,34.9677944,0 137.2197094,34.9677715,0 137.2196712,34.9677410,0 137.2196293,34.9677105,0 137.2196026,34.9676914,0 137.2195835,34.9676723,0 137.2195606,34.9676571,0 137.2195339,34.9676342,0 137.2194958,34.9675961,0 137.2194576,34.9675579,0 137.2194309,34.9675350,0 137.2194080,34.9675121,0 137.2193851,34.9674854,0 137.2193470,34.9674473,0 137.2191792,34.9672604,0 137.2191563,34.9672337,0 137.2191219,34.9671955,0 137.2190075,34.9670658,0 137.2189655,34.9670162,0 137.2189465,34.9669933,0 137.2189236,34.9669704,0 137.2188969,34.9669399,0 137.2188587,34.9669056,0 137.2188129,34.9668598,0 137.2187748,34.9668255,0 137.2187443,34.9667950,0 137.2187023,34.9667606,0 137.2186642,34.9667301,0 137.2186375,34.9667110,0 137.2186222,34.9666996,0 137.2186069,34.9666882,0 137.2185879,34.9666767,0 137.2185612,34.9666615,0 137.2185345,34.9666462,0 137.2185154,34.9666386,0 137.2185001,34.9666271,0 137.2184696,34.9666195,0 137.2184582,34.9666119,0 137.2184429,34.9666080,0 137.2184238,34.9666042,0 137.2183971,34.9665966,0 137.2183781,34.9665928,0 137.2183437,34.9665890,0 137.2183018,34.9665890,0 137.2182522,34.9665890,0 137.2182217,34.9665890,0 137.2181530,34.9665890,0 137.2178745,34.9666004,0 137.2178135,34.9666042,0 137.2177448,34.9666080,0 137.2176456,34.9666157,0 137.2175922,34.9666195,0 137.2175617,34.9666233,0 137.2175426,34.9666271,0 137.2175236,34.9666309,0 137.2175007,34.9666386,0 137.2174854,34.9666424,0 137.2174702,34.9666500,0 137.2174549,34.9666576,0 137.2174397,34.9666653,0 137.2174091,34.9666843,0 137.2173634,34.9667072,0 137.2171574,34.9668293,0 137.2169933,34.9669285,0 137.2169628,34.9669437,0 137.2169323,34.9669628,0 137.2169170,34.9669704,0 137.2169018,34.9669743,0 137.2168903,34.9669819,0 137.2168636,34.9669895,0 137.2168369,34.9669971,0 137.2168064,34.9669971,0 137.2167873,34.9669971,0 137.2167645,34.9669933,0 137.2167492,34.9669895,0 137.2167301,34.9669819,0 137.2167072,34.9669743,0 137.2166920,34.9669666,0 137.2166615,34.9669514,0 137.2166157,34.9669247,0 137.2165699,34.9669018,0 137.2165394,34.9668827,0 137.2165241,34.9668751,0 137.2165051,34.9668598,0 137.2164898,34.9668484,0 137.2164745,34.9668369,0 137.2164669,34.9668255,0 137.2164555,34.9668140,0 137.2164173,34.9667797,0 137.2164059,34.9667683,0 137.2163944,34.9667568,0 137.2163830,34.9667454,0 137.2163715,34.9667377,0 137.2163563,34.9667301,0 137.2163410,34.9667263,0 137.2163105,34.9667263,0 137.2162952,34.9667339,0 137.2162762,34.9667416,0 137.2162647,34.9667492,0 137.2162495,34.9667606,0 137.2162380,34.9667721,0 137.2162075,34.9667950,0 137.2161694,34.9668293,0 137.2161312,34.9668674,0 137.2161045,34.9668903,0 137.2160931,34.9669018,0 137.2160778,34.9669170,0 137.2160664,34.9669285,0 137.2160435,34.9669552,0 137.2159977,34.9670124,0 137.2159100,34.9671192,0 137.2158871,34.9671459,0 137.2158756,34.9671612,0 137.2158642,34.9671726,0 137.2158489,34.9671879,0 137.2158375,34.9671993,0 137.2158222,34.9672108,0 137.2158108,34.9672184,0 137.2157993,34.9672260,0 137.2157726,34.9672375,0 137.2157574,34.9672413,0 137.2157307,34.9672489,0 137.2157078,34.9672489,0 137.2156811,34.9672489,0 137.2156506,34.9672413,0 137.2156315,34.9672337,0 137.2156124,34.9672260,0 137.2155972,34.9672146,0 137.2155781,34.9671993,0 137.2155628,34.9671879,0 137.2155514,34.9671764,0 137.2155437,34.9671612,0 137.2155209,34.9671383,0 137.2155094,34.9671230,0 137.2154903,34.9670963,0 137.2154598,34.9670544,0 137.2154408,34.9670277,0 137.2154255,34.9670010,0 137.2153988,34.9669514,0 137.2153912,34.9669399,0 137.2153759,34.9669285,0 137.2153606,34.9669170,0 137.2153454,34.9669094,0 137.2153263,34.9669056,0 137.2153072,34.9669018,0 137.2152767,34.9669018,0 137.2152576,34.9669018,0 137.2152424,34.9669056,0 137.2152081,34.9669056,0 137.2151508,34.9669132,0 137.2150478,34.9669247,0 137.2150135,34.9669285,0 137.2149982,34.9669323,0 137.2149792,34.9669323,0 137.2149639,34.9669361,0 137.2149487,34.9669399,0 137.2149334,34.9669514,0 137.2149181,34.9669590,0 137.2149105,34.9669704,0 137.2148991,34.9669819,0 137.2148914,34.9669933,0 137.2148876,34.9670048,0 137.2148838,34.9670162,0 137.2148838,34.9670315,0 137.2148838,34.9670849,0 137.2148838,34.9671001,0 137.2148800,34.9671116,0 137.2148762,34.9671345,0 137.2148685,34.9671535,0 137.2148609,34.9671650,0 137.2148571,34.9671803,0 137.2148418,34.9671917,0 137.2148266,34.9672031,0 137.2148151,34.9672108,0 137.2147999,34.9672184,0 137.2147846,34.9672260,0 137.2147694,34.9672298,0 137.2147503,34.9672337,0 137.2147198,34.9672375,0 137.2146854,34.9672375,0 137.2146702,34.9672337,0 137.2146358,34.9672337,0 137.2146167,34.9672315,0 137.2146167,34.9756796,0 137.2475006,34.9756796,0</coordinates></LinearRing></outerBoundaryIs></Polygon></Placemark><Placemark><styleUrl>#minyu</styleUrl><Polygon><outerBoundaryIs><LinearRing><coordinates>137.2475006,34.9485485,0 137.2475006,34.9640220,0 137.2474155,34.9639416,0 137.2473888,34.9639149,0 137.2473774,34.9639034,0 137.2473621,34.9638844,0 137.2473469,34.9638653,0 137.2473354,34.9638538,0 137.2473278,34.9638424,0 137.2473164,34.9638271,0 137.2473125,34.9638157,0 137.2473049,34.9638004,0 137.2473011,34.9637852,0 137.2472973,34.9637699,0 137.2472973,34.9637470,0 137.2473011,34.9637318,0 137.2473049,34.9637203,0 137.2473087,34.9637089,0 137.2473125,34.9636974,0 137.2473202,34.9636822,0 137.2473316,34.9636669,0 137.2473392,34.9636555,0 137.2473507,34.9636402,0 137.2473621,34.9636288,0 137.2473850,34.9636021,0 137.2474766,34.9634953,0 137.2475006,34.9634672,0 137.2475006,34.9628281,0 137.2474079,34.9629421,0 137.2473087,34.9630642,0 137.2472858,34.9630909,0 137.2472744,34.9631062,0 137.2472630,34.9631176,0 137.2472515,34.9631290,0 137.2472363,34.9631481,0 137.2472210,34.9631557,0 137.2472095,34.9631672,0 137.2471981,34.9631786,0 137.2471828,34.9631863,0 137.2471676,34.9631939,0 137.2471523,34.9632015,0 137.2471409,34.9632092,0 137.2471142,34.9632168,0 137.2470951,34.9632244,0 137.2470722,34.9632244,0 137.2470531,34.9632244,0 137.2470341,34.9632244,0 137.2470036,34.9632206,0 137.2469845,34.9632130,0 137.2469692,34.9632053,0 137.2469540,34.9631939,0 137.2469387,34.9631824,0 137.2469273,34.9631672,0 137.2469158,34.9631557,0 137.2469082,34.9631443,0 137.2469044,34.9631329,0 137.2469006,34.9631214,0 137.2468967,34.9631062,0 137.2468929,34.9630871,0 137.2468891,34.9630718,0 137.2468853,34.9630566,0 137.2468853,34.9630413,0 137.2468853,34.9630260,0 137.2468853,34.9630108,0 137.2468853,34.9629841,0 137.2468853,34.9629612,0 137.2468853,34.9629459,0 137.2468853,34.9629307,0 137.2468891,34.9629154,0 137.2468929,34.9629002,0 137.2468929,34.9628849,0 137.2469006,34.9628696,0 137.2469044,34.9628544,0 137.2469120,34.9628391,0 137.2469196,34.9628201,0 137.2469273,34.9628086,0 137.2469387,34.9627934,0 137.2469654,34.9627552,0 137.2469769,34.9627361,0 137.2469845,34.9627209,0 137.2469921,34.9627056,0 137.2469959,34.9626942,0 137.2469959,34.9626789,0 137.2469921,34.9626598,0 137.2469921,34.9626408,0 137.2469883,34.9626255,0 137.2469807,34.9626102,0 137.2469769,34.9625950,0 137.2469692,34.9625759,0 137.2469578,34.9625416,0 137.2469501,34.9625263,0 137.2469425,34.9625111,0 137.2469387,34.9624958,0 137.2469311,34.9624805,0 137.2469196,34.9624653,0 137.2469120,34.9624500,0 137.2469044,34.9624386,0 137.2468929,34.9624310,0 137.2468777,34.9624233,0 137.2468662,34.9624157,0 137.2468433,34.9624119,0 137.2468243,34.9624119,0 137.2468090,34.9624157,0 137.2467937,34.9624195,0 137.2467747,34.9624233,0 137.2467594,34.9624271,0 137.2467442,34.9624348,0 137.2467289,34.9624386,0 137.2467136,34.9624462,0 137.2466984,34.9624538,0 137.2466793,34.9624653,0 137.2466640,34.9624767,0 137.2466488,34.9624882,0 137.2466373,34.9625034,0 137.2466221,34.9625225,0 137.2466106,34.9625340,0 137.2466030,34.9625492,0 137.2465916,34.9625645,0 137.2465839,34.9625797,0 137.2465687,34.9626102,0 137.2465496,34.9626408,0 137.2465420,34.9626598,0 137.2465382,34.9626751,0 137.2465305,34.9626904,0 137.2465229,34.9627056,0 137.2465191,34.9627171,0 137.2465153,34.9627361,0 137.2465115,34.9627514,0 137.2465115,34.9627666,0 137.2465076,34.9627819,0 137.2465076,34.9627972,0 137.2465076,34.9628124,0 137.2465076,34.9628353,0 137.2465076,34.9628544,0 137.2465115,34.9629002,0 137.2465115,34.9629154,0 137.2465115,34.9629345,0 137.2465115,34.9629498,0 137.2465076,34.9629726,0 137.2465000,34.9629993,0 137.2464962,34.9630146,0 137.2464886,34.9630299,0 137.2464771,34.9630451,0 137.2464695,34.9630604,0 137.2464581,34.9630756,0 137.2464504,34.9630909,0 137.2464390,34.9631062,0 137.2464237,34.9631252,0 137.2464085,34.9631405,0 137.2463932,34.9631557,0 137.2463818,34.9631672,0 137.2463703,34.9631786,0 137.2463551,34.9631901,0 137.2463398,34.9632015,0 137.2463207,34.9632130,0 137.2463017,34.9632244,0 137.2462864,34.9632320,0 137.2462711,34.9632397,0 137.2462559,34.9632473,0 137.2462406,34.9632549,0 137.2462215,34.9632626,0 137.2461987,34.9632702,0 137.2461643,34.9632816,0 137.2460651,34.9633083,0 137.2460308,34.9633198,0 137.2460155,34.9633236,0 137.2460003,34.9633312,0 137.2459812,34.9633350,0 137.2459698,34.9633427,0 137.2459545,34.9633503,0 137.2459354,34.9633579,0 137.2459202,34.9633656,0 137.2459049,34.9633732,0 137.2458935,34.9633846,0 137.2458782,34.9633961,0 137.2458630,34.9634037,0 137.2458553,34.9634151,0 137.2458439,34.9634266,0 137.2458363,34.9634380,0 137.2458286,34.9634495,0 137.2458210,34.9634647,0 137.2458134,34.9634762,0 137.2458057,34.9634914,0 137.2457981,34.9635067,0 137.2457943,34.9635258,0 137.2457867,34.9635487,0 137.2457829,34.9635639,0 137.2457638,34.9636326,0 137.2457600,34.9636517,0 137.2457561,34.9636669,0 137.2457485,34.9636860,0 137.2457409,34.9637051,0 137.2457294,34.9637203,0 137.2457180,34.9637394,0 137.2457066,34.9637508,0 137.2456875,34.9637623,0 137.2456722,34.9637699,0 137.2456532,34.9637775,0 137.2456341,34.9637852,0 137.2456150,34.9637852,0 137.2455883,34.9637890,0 137.2455730,34.9637852,0 137.2455463,34.9637814,0 137.2455196,34.9637737,0 137.2455082,34.9637661,0 137.2454967,34.9637585,0 137.2454700,34.9637394,0 137.2454510,34.9637241,0 137.2454395,34.9637127,0 137.2454319,34.9636974,0 137.2454205,34.9636822,0 137.2454128,34.9636631,0 137.2454052,34.9636478,0 137.2454052,34.9636326,0 137.2454014,34.9636135,0 137.2454052,34.9635906,0 137.2454090,34.9635639,0 137.2454166,34.9635487,0 137.2454243,34.9635220,0 137.2454433,34.9634762,0 137.2454510,34.9634609,0 137.2454548,34.9634457,0 137.2454624,34.9634266,0 137.2454662,34.9634037,0 137.2454700,34.9633884,0 137.2454739,34.9633732,0 137.2454739,34.9633579,0 137.2454739,34.9633427,0 137.2454739,34.9633274,0 137.2454700,34.9633083,0 137.2454662,34.9632893,0 137.2454624,34.9632702,0 137.2454548,34.9632587,0 137.2454510,34.9632473,0 137.2454395,34.9632320,0 137.2454319,34.9632206,0 137.2454166,34.9632053,0 137.2454052,34.9631939,0 137.2453899,34.9631824,0 137.2453632,34.9631596,0 137.2453213,34.9631290,0 137.2451534,34.9630070,0 137.2451267,34.9629841,0 137.2450962,34.9629650,0 137.2450657,34.9629421,0 137.2450504,34.9629345,0 137.2450237,34.9629192,0 137.2449818,34.9628925,0 137.2449589,34.9628811,0 137.2449131,34.9628582,0 137.2448978,34.9628506,0 137.2448864,34.9628391,0 137.2448711,34.9628315,0 137.2448559,34.9628201,0 137.2448444,34.9628086,0 137.2448292,34.9627972,0 137.2448177,34.9627857,0 137.2447910,34.9627628,0 137.2447567,34.9627247,0 137.2446194,34.9625835,0 137.2445698,34.9625301,0 137.2445316,34.9624920,0 137.2445202,34.9624805,0 137.2445049,34.9624691,0 137.2444935,34.9624577,0 137.2444782,34.9624462,0 137.2444630,34.9624348,0 137.2444515,34.9624271,0 137.2444210,34.9624043,0 137.2443905,34.9623852,0 137.2442417,34.9622898,0 137.2441082,34.9621983,0 137.2440777,34.9621792,0 137.2440624,34.9621716,0 137.2440510,34.9621639,0 137.2440357,34.9621563,0 137.2440205,34.9621487,0 137.2440052,34.9621410,0 137.2439747,34.9621372,0 137.2439594,34.9621410,0 137.2439442,34.9621449,0 137.2439213,34.9621525,0 137.2438831,34.9621716,0 137.2438564,34.9621830,0 137.2438412,34.9621868,0 137.2438259,34.9621906,0 137.2438107,34.9621944,0 137.2437840,34.9621983,0 137.2437420,34.9621983,0 137.2437267,34.9621944,0 137.2437077,34.9621944,0 137.2436924,34.9621906,0 137.2436581,34.9621868,0 137.2436237,34.9621830,0 137.2436047,34.9621792,0 137.2435894,34.9621754,0 137.2435741,34.9621716,0 137.2435513,34.9621639,0 137.2435246,34.9621563,0 137.2435131,34.9621487,0 137.2434978,34.9621372,0 137.2434826,34.9621258,0 137.2434711,34.9621143,0 137.2434635,34.9620991,0 137.2434559,34.9620838,0 137.2434521,34.9620724,0 137.2434483,34.9620571,0 137.2434444,34.9620457,0 137.2434483,34.9620190,0 137.2434521,34.9619961,0 137.2434559,34.9619846,0 137.2434635,34.9619694,0 137.2434673,34.9619541,0 137.2434750,34.9619389,0 137.2434864,34.9619236,0 137.2435017,34.9618931,0 137.2435360,34.9618320,0 137.2435551,34.9618015,0 137.2435741,34.9617710,0 137.2435818,34.9617596,0 137.2435932,34.9617443,0 137.2436085,34.9617252,0 137.2436237,34.9617062,0 137.2436428,34.9616909,0 137.2436581,34.9616795,0 137.2436733,34.9616718,0 137.2436886,34.9616642,0 137.2437153,34.9616604,0 137.2437458,34.9616566,0 137.2437649,34.9616566,0 137.2437878,34.9616604,0 137.2438030,34.9616642,0 137.2438335,34.9616756,0 137.2438526,34.9616871,0 137.2438679,34.9616947,0 137.2438908,34.9617100,0 137.2439022,34.9617176,0 137.2439594,34.9617634,0 137.2439747,34.9617748,0 137.2439899,34.9617825,0 137.2440128,34.9617977,0 137.2440243,34.9618053,0 137.2440548,34.9618206,0 137.2440739,34.9618282,0 137.2440891,34.9618359,0 137.2441196,34.9618473,0 137.2442036,34.9618816,0 137.2442341,34.9618931,0 137.2442684,34.9619083,0 137.2442951,34.9619198,0 137.2443104,34.9619274,0 137.2443371,34.9619427,0 137.2443600,34.9619579,0 137.2443790,34.9619694,0 137.2444134,34.9619923,0 137.2444706,34.9620342,0 137.2444973,34.9620533,0 137.2445278,34.9620724,0 137.2445431,34.9620800,0 137.2445621,34.9620914,0 137.2445889,34.9621029,0 137.2446156,34.9621143,0 137.2446346,34.9621181,0 137.2446499,34.9621220,0 137.2446690,34.9621296,0 137.2446842,34.9621334,0 137.2447071,34.9621372,0 137.2447300,34.9621410,0 137.2447643,34.9621449,0 137.2447987,34.9621487,0 137.2448711,34.9621525,0 137.2449589,34.9621601,0 137.2450161,34.9621639,0 137.2451038,34.9621677,0 137.2451763,34.9621716,0 137.2452106,34.9621716,0 137.2452450,34.9621716,0 137.2452641,34.9621716,0 137.2452946,34.9621677,0 137.2453480,34.9621639,0 137.2453671,34.9621601,0 137.2453899,34.9621601,0 137.2454166,34.9621601,0 137.2454319,34.9621639,0 137.2454472,34.9621677,0 137.2454624,34.9621716,0 137.2454891,34.9621830,0 137.2455044,34.9621944,0 137.2455235,34.9622097,0 137.2455349,34.9622211,0 137.2455425,34.9622326,0 137.2455502,34.9622478,0 137.2455540,34.9622631,0 137.2455578,34.9622746,0 137.2455578,34.9622974,0 137.2455540,34.9623241,0 137.2455502,34.9623432,0 137.2455425,34.9623547,0 137.2455387,34.9623699,0 137.2455273,34.9623852,0 137.2455196,34.9623966,0 137.2455120,34.9624081,0 137.2454967,34.9624195,0 137.2454815,34.9624386,0 137.2454624,34.9624500,0 137.2454510,34.9624577,0 137.2454357,34.9624653,0 137.2453976,34.9624844,0 137.2453785,34.9624920,0 137.2453632,34.9625034,0 137.2453556,34.9625149,0 137.2453518,34.9625263,0 137.2453556,34.9625492,0 137.2453632,34.9625607,0 137.2453747,34.9625721,0 137.2453861,34.9625797,0 137.2454014,34.9625874,0 137.2454166,34.9625950,0 137.2454319,34.9626026,0 137.2454472,34.9626102,0 137.2454624,34.9626141,0 137.2454815,34.9626217,0 137.2455082,34.9626293,0 137.2455273,34.9626293,0 137.2455540,34.9626331,0 137.2455845,34.9626293,0 137.2456150,34.9626255,0 137.2456303,34.9626217,0 137.2456570,34.9626102,0 137.2456722,34.9626064,0 137.2456875,34.9625988,0 137.2457180,34.9625835,0 137.2457485,34.9625683,0 137.2457714,34.9625568,0 137.2458134,34.9625301,0 137.2458591,34.9625034,0 137.2459049,34.9624767,0 137.2459621,34.9624386,0 137.2459888,34.9624195,0 137.2460194,34.9623966,0 137.2460461,34.9623775,0 137.2460613,34.9623699,0 137.2460728,34.9623585,0 137.2460842,34.9623508,0 137.2460957,34.9623394,0 137.2461109,34.9623241,0 137.2461262,34.9623089,0 137.2461338,34.9622974,0 137.2461414,34.9622822,0 137.2461491,34.9622707,0 137.2461529,34.9622593,0 137.2461567,34.9622440,0 137.2461605,34.9622288,0 137.2461605,34.9622135,0 137.2461605,34.9621944,0 137.2461605,34.9621754,0 137.2461605,34.9621601,0 137.2461567,34.9621449,0 137.2461529,34.9621334,0 137.2461491,34.9621220,0 137.2461414,34.9621067,0 137.2461338,34.9620953,0 137.2461224,34.9620800,0 137.2461147,34.9620686,0 137.2461033,34.9620609,0 137.2460918,34.9620533,0 137.2460766,34.9620419,0 137.2460651,34.9620342,0 137.2460499,34.9620304,0 137.2460346,34.9620228,0 137.2460194,34.9620190,0 137.2460041,34.9620152,0 137.2459660,34.9620152,0 137.2458973,34.9620152,0 137.2458706,34.9620152,0 137.2458363,34.9620152,0 137.2458210,34.9620113,0 137.2457943,34.9620075,0 137.2457790,34.9619999,0 137.2457638,34.9619923,0 137.2457409,34.9619808,0 137.2457294,34.9619694,0 137.2457142,34.9619541,0 137.2457066,34.9619427,0 137.2457027,34.9619312,0 137.2456951,34.9619160,0 137.2456913,34.9619045,0 137.2456875,34.9618931,0 137.2456837,34.9618702,0 137.2456837,34.9618435,0 137.2456837,34.9618244,0 137.2456875,34.9617901,0 137.2456913,34.9617558,0 137.2457027,34.9616528,0 137.2457066,34.9616222,0 137.2457066,34.9616032,0 137.2457066,34.9615879,0 137.2457066,34.9615726,0 137.2457066,34.9615574,0 137.2457066,34.9615383,0 137.2457027,34.9615231,0 137.2456989,34.9615116,0 137.2456951,34.9614964,0 137.2456875,34.9614811,0 137.2456760,34.9614658,0 137.2456684,34.9614544,0 137.2456570,34.9614429,0 137.2456455,34.9614315,0 137.2456341,34.9614239,0 137.2455959,34.9613934,0 137.2455769,34.9613781,0 137.2455616,34.9613590,0 137.2455540,34.9613438,0 137.2455425,34.9613285,0 137.2455387,34.9613171,0 137.2455349,34.9612865,0 137.2455349,34.9612713,0 137.2455387,34.9612560,0 137.2455425,34.9612446,0 137.2455463,34.9612293,0 137.2455540,34.9612141,0 137.2455654,34.9611988,0 137.2455769,34.9611874,0 137.2455921,34.9611721,0 137.2456188,34.9611568,0 137.2456303,34.9611454,0 137.2456455,34.9611378,0 137.2456760,34.9611187,0 137.2457066,34.9611034,0 137.2457371,34.9610882,0 137.2457676,34.9610729,0 137.2457829,34.9610653,0 137.2457981,34.9610577,0 137.2458134,34.9610538,0 137.2458401,34.9610462,0 137.2458706,34.9610386,0 137.2458935,34.9610386,0 137.2459164,34.9610348,0 137.2459660,34.9610348,0 137.2460461,34.9610386,0 137.2460766,34.9610386,0 137.2460995,34.9610386,0 137.2461338,34.9610386,0 137.2461529,34.9610348,0 137.2461681,34.9610310,0 137.2461910,34.9610310,0 137.2462063,34.9610233,0 137.2462215,34.9610195,0 137.2462482,34.9610081,0 137.2462749,34.9609966,0 137.2462864,34.9609890,0 137.2463017,34.9609776,0 137.2463169,34.9609661,0 137.2463284,34.9609547,0 137.2463474,34.9609394,0 137.2463589,34.9609241,0 137.2463703,34.9609127,0 137.2463779,34.9609013,0 137.2463894,34.9608822,0 137.2463970,34.9608593,0 137.2464046,34.9608440,0 137.2464123,34.9608250,0 137.2464161,34.9608021,0 137.2464161,34.9607868,0 137.2464199,34.9607716,0 137.2464199,34.9607525,0 137.2464199,34.9607372,0 137.2464199,34.9607105,0 137.2464199,34.9606915,0 137.2464199,34.9606762,0 137.2464161,34.9606419,0 137.2464046,34.9605350,0 137.2464046,34.9605007,0 137.2464008,34.9604702,0 137.2464008,34.9604435,0 137.2464046,34.9604282,0 137.2464046,34.9604130,0 137.2464046,34.9603977,0 137.2464085,34.9603786,0 137.2464123,34.9603596,0 137.2464199,34.9603405,0 137.2464237,34.9603291,0 137.2464314,34.9603176,0 137.2464390,34.9603024,0 137.2464504,34.9602871,0 137.2464619,34.9602718,0 137.2464733,34.9602604,0 137.2464886,34.9602489,0 137.2465229,34.9602108,0 137.2465382,34.9601994,0 137.2465534,34.9601841,0 137.2465649,34.9601727,0 137.2465763,34.9601574,0 137.2465878,34.9601421,0 137.2465954,34.9601269,0 137.2466030,34.9601116,0 137.2466106,34.9600925,0 137.2466183,34.9600773,0 137.2466259,34.9600620,0 137.2466450,34.9600124,0 137.2466869,34.9599094,0 137.2466984,34.9598751,0 137.2467098,34.9598446,0 137.2467136,34.9598255,0 137.2467175,34.9598103,0 137.2467251,34.9597874,0 137.2467251,34.9597721,0 137.2467251,34.9597530,0 137.2467251,34.9597378,0 137.2467213,34.9597187,0 137.2467213,34.9596996,0 137.2467175,34.9596653,0 137.2467098,34.9596310,0 137.2467060,34.9595966,0 137.2466946,34.9595432,0 137.2466869,34.9595089,0 137.2466831,34.9594898,0 137.2466755,34.9594669,0 137.2466602,34.9594250,0 137.2466526,34.9593945,0 137.2466488,34.9593716,0 137.2466450,34.9593563,0 137.2466412,34.9593449,0 137.2466412,34.9593296,0 137.2466412,34.9593143,0 137.2466450,34.9592953,0 137.2466488,34.9592724,0 137.2466526,34.9592495,0 137.2466564,34.9592342,0 137.2466679,34.9592037,0 137.2466755,34.9591885,0 137.2466869,34.9591579,0 137.2466946,34.9591351,0 137.2467060,34.9591122,0 137.2467213,34.9590816,0 137.2467365,34.9590511,0 137.2467976,34.9589291,0 137.2468319,34.9588680,0 137.2468433,34.9588451,0 137.2468624,34.9588146,0 137.2469234,34.9587116,0 137.2469425,34.9586811,0 137.2469578,34.9586506,0 137.2469692,34.9586315,0 137.2469769,34.9586124,0 137.2469921,34.9585781,0 137.2470074,34.9585323,0 137.2470798,34.9583340,0 137.2470913,34.9582996,0 137.2470989,34.9582844,0 137.2471027,34.9582653,0 137.2471066,34.9582500,0 137.2471104,34.9582348,0 137.2471104,34.9582195,0 137.2471104,34.9582005,0 137.2471066,34.9581814,0 137.2470951,34.9581699,0 137.2470837,34.9581623,0 137.2470646,34.9581585,0 137.2470341,34.9581623,0 137.2470150,34.9581661,0 137.2469997,34.9581738,0 137.2469501,34.9581890,0 137.2469234,34.9581966,0 137.2469006,34.9582043,0 137.2468777,34.9582119,0 137.2468624,34.9582157,0 137.2468281,34.9582195,0 137.2468090,34.9582233,0 137.2467785,34.9582272,0 137.2467594,34.9582310,0 137.2467251,34.9582310,0 137.2466717,34.9582348,0 137.2465878,34.9582348,0 137.2464123,34.9582386,0 137.2463589,34.9582424,0 137.2463245,34.9582424,0 137.2463055,34.9582424,0 137.2462902,34.9582462,0 137.2462711,34.9582500,0 137.2462559,34.9582539,0 137.2462368,34.9582577,0 137.2462215,34.9582615,0 137.2462063,34.9582653,0 137.2461872,34.9582729,0 137.2461720,34.9582767,0 137.2461567,34.9582844,0 137.2461414,34.9582958,0 137.2461224,34.9583035,0 137.2461109,34.9583149,0 137.2460995,34.9583225,0 137.2460880,34.9583340,0 137.2460766,34.9583454,0 137.2460651,34.9583569,0 137.2460537,34.9583683,0 137.2460423,34.9583797,0 137.2460346,34.9583950,0 137.2460232,34.9584103,0 137.2460117,34.9584255,0 137.2459927,34.9584522,0 137.2459736,34.9584827,0 137.2459660,34.9584980,0 137.2459583,34.9585133,0 137.2459507,34.9585285,0 137.2459469,34.9585438,0 137.2459431,34.9585552,0 137.2459469,34.9585819,0 137.2459507,34.9585934,0 137.2459583,34.9586048,0 137.2459774,34.9586124,0 137.2460041,34.9586201,0 137.2460308,34.9586163,0 137.2460575,34.9586048,0 137.2460728,34.9585934,0 137.2460842,34.9585857,0 137.2460918,34.9585743,0 137.2461033,34.9585590,0 137.2461338,34.9585209,0 137.2461452,34.9585094,0 137.2461529,34.9584980,0 137.2461643,34.9584904,0 137.2461758,34.9584789,0 137.2461910,34.9584713,0 137.2462063,34.9584637,0 137.2462177,34.9584560,0 137.2462368,34.9584484,0 137.2462559,34.9584446,0 137.2462826,34.9584370,0 137.2463093,34.9584332,0 137.2463322,34.9584293,0 137.2463589,34.9584293,0 137.2463932,34.9584293,0 137.2464237,34.9584293,0 137.2464428,34.9584293,0 137.2464695,34.9584332,0 137.2465038,34.9584370,0 137.2465382,34.9584408,0 137.2465534,34.9584446,0 137.2465801,34.9584522,0 137.2465992,34.9584599,0 137.2466221,34.9584675,0 137.2466373,34.9584789,0 137.2466488,34.9584866,0 137.2466602,34.9584942,0 137.2466717,34.9585056,0 137.2466869,34.9585247,0 137.2466946,34.9585400,0 137.2466984,34.9585552,0 137.2467022,34.9585667,0 137.2467022,34.9585819,0 137.2467022,34.9586048,0 137.2467022,34.9586201,0 137.2466984,34.9586391,0 137.2466908,34.9586582,0 137.2466869,34.9586735,0 137.2466755,34.9587078,0 137.2466145,34.9588757,0 137.2465954,34.9589252,0 137.2465801,34.9589596,0 137.2465687,34.9589825,0 137.2465611,34.9589977,0 137.2465534,34.9590130,0 137.2465420,34.9590321,0 137.2465267,34.9590511,0 137.2465153,34.9590664,0 137.2464962,34.9590969,0 137.2464848,34.9591084,0 137.2464619,34.9591351,0 137.2464504,34.9591503,0 137.2464390,34.9591618,0 137.2464237,34.9591732,0 137.2464085,34.9591846,0 137.2464008,34.9591961,0 137.2463589,34.9592266,0 137.2463512,34.9592342,0 137.2463436,34.9592457,0 137.2463360,34.9592571,0 137.2463284,34.9592724,0 137.2463284,34.9592876,0 137.2463322,34.9593143,0 137.2463360,34.9593334,0 137.2463398,34.9593487,0 137.2463436,34.9593639,0 137.2463512,34.9593830,0 137.2463818,34.9594669,0 137.2463932,34.9594975,0 137.2463970,34.9595165,0 137.2464008,34.9595318,0 137.2464046,34.9595470,0 137.2464085,34.9595585,0 137.2464085,34.9595814,0 137.2464085,34.9596043,0 137.2464046,34.9596195,0 137.2463970,34.9596348,0 137.2463932,34.9596462,0 137.2463856,34.9596577,0 137.2463741,34.9596729,0 137.2463627,34.9596806,0 137.2463436,34.9596958,0 137.2463322,34.9597034,0 137.2463207,34.9597111,0 137.2463017,34.9597187,0 137.2462749,34.9597263,0 137.2462597,34.9597301,0 137.2462406,34.9597378,0 137.2462063,34.9597454,0 137.2461529,34.9597569,0 137.2460995,34.9597683,0 137.2460651,34.9597721,0 137.2460499,34.9597759,0 137.2460308,34.9597797,0 137.2460003,34.9597797,0 137.2459698,34.9597759,0 137.2459393,34.9597683,0 137.2459240,34.9597645,0 137.2459049,34.9597569,0 137.2458858,34.9597416,0 137.2458744,34.9597301,0 137.2458591,34.9597111,0 137.2458515,34.9596958,0 137.2458439,34.9596844,0 137.2458401,34.9596691,0 137.2458363,34.9596539,0 137.2458363,34.9596386,0 137.2458324,34.9596233,0 137.2458324,34.9596043,0 137.2458324,34.9595890,0 137.2458363,34.9595356,0 137.2458363,34.9595203,0 137.2458363,34.9595013,0 137.2458363,34.9594822,0 137.2458324,34.9594707,0 137.2458324,34.9594555,0 137.2458286,34.9594402,0 137.2458248,34.9594212,0 137.2458172,34.9594059,0 137.2458134,34.9593906,0 137.2458057,34.9593754,0 137.2458019,34.9593601,0 137.2457943,34.9593487,0 137.2457829,34.9593334,0 137.2457752,34.9593220,0 137.2457638,34.9593105,0 137.2457523,34.9592991,0 137.2457409,34.9592915,0 137.2457294,34.9592800,0 137.2456913,34.9592571,0 137.2456722,34.9592457,0 137.2456570,34.9592304,0 137.2456455,34.9592190,0 137.2456303,34.9592037,0 137.2456188,34.9591923,0 137.2456074,34.9591808,0 137.2455997,34.9591656,0 137.2455807,34.9591389,0 137.2455235,34.9590549,0 137.2455006,34.9590282,0 137.2454891,34.9590130,0 137.2454739,34.9589977,0 137.2454510,34.9589710,0 137.2454395,34.9589596,0 137.2454166,34.9589329,0 137.2454052,34.9589214,0 137.2453899,34.9589100,0 137.2453709,34.9588947,0 137.2453556,34.9588833,0 137.2452869,34.9588261,0 137.2452602,34.9588032,0 137.2452488,34.9587917,0 137.2452335,34.9587765,0 137.2452221,34.9587650,0 137.2452106,34.9587536,0 137.2451992,34.9587383,0 137.2451878,34.9587269,0 137.2451687,34.9587002,0 137.2451382,34.9586582,0 137.2451191,34.9586277,0 137.2451115,34.9586124,0 137.2451000,34.9585972,0 137.2450924,34.9585857,0 137.2450848,34.9585667,0 137.2450771,34.9585514,0 137.2450542,34.9585056,0 137.2450428,34.9584866,0 137.2450352,34.9584713,0 137.2450275,34.9584560,0 137.2450161,34.9584446,0 137.2450047,34.9584255,0 137.2449894,34.9584103,0 137.2449665,34.9583950,0 137.2449551,34.9583874,0 137.2449398,34.9583797,0 137.2449245,34.9583721,0 137.2448902,34.9583607,0 137.2448750,34.9583530,0 137.2448444,34.9583416,0 137.2447910,34.9583225,0 137.2447376,34.9583035,0 137.2447186,34.9582958,0 137.2447033,34.9582920,0 137.2446918,34.9582844,0 137.2446651,34.9582691,0 137.2446537,34.9582615,0 137.2446461,34.9582500,0 137.2446346,34.9582348,0 137.2446270,34.9582195,0 137.2446232,34.9582043,0 137.2446194,34.9581852,0 137.2446156,34.9581699,0 137.2446194,34.9581585,0 137.2446232,34.9581394,0 137.2446270,34.9581280,0 137.2446384,34.9581127,0 137.2446499,34.9580936,0 137.2446690,34.9580784,0 137.2446842,34.9580669,0 137.2446995,34.9580593,0 137.2447186,34.9580479,0 137.2447338,34.9580402,0 137.2447491,34.9580326,0 137.2447643,34.9580288,0 137.2447910,34.9580173,0 137.2448139,34.9580135,0 137.2448330,34.9580097,0 137.2448521,34.9580059,0 137.2448864,34.9580021,0 137.2449093,34.9580021,0 137.2449436,34.9580021,0 137.2449970,34.9580021,0 137.2453403,34.9580021,0 137.2455540,34.9580021,0 137.2455883,34.9580021,0 137.2456074,34.9580021,0 137.2456264,34.9580021,0 137.2456570,34.9579983,0 137.2456799,34.9579945,0 137.2456913,34.9579868,0 137.2457180,34.9579716,0 137.2457256,34.9579563,0 137.2457485,34.9579220,0 137.2457600,34.9579105,0 137.2457714,34.9578953,0 137.2457867,34.9578876,0 137.2458019,34.9578724,0 137.2458210,34.9578609,0 137.2458401,34.9578533,0 137.2458591,34.9578495,0 137.2458782,34.9578457,0 137.2458973,34.9578419,0 137.2459126,34.9578457,0 137.2459316,34.9578457,0 137.2459621,34.9578533,0 137.2459888,34.9578609,0 137.2460232,34.9578724,0 137.2460423,34.9578762,0 137.2460690,34.9578838,0 137.2460842,34.9578876,0 137.2461033,34.9578915,0 137.2461300,34.9578915,0 137.2461452,34.9578876,0 137.2461681,34.9578838,0 137.2461834,34.9578762,0 137.2462063,34.9578686,0 137.2462215,34.9578571,0 137.2462864,34.9578190,0 137.2463131,34.9578037,0 137.2463322,34.9577961,0 137.2463474,34.9577885,0 137.2463665,34.9577808,0 137.2463970,34.9577694,0 137.2464275,34.9577656,0 137.2464542,34.9577618,0 137.2464848,34.9577579,0 137.2465115,34.9577579,0 137.2465305,34.9577579,0 137.2465458,34.9577618,0 137.2465801,34.9577618,0 137.2465954,34.9577656,0 137.2466106,34.9577694,0 137.2466335,34.9577732,0 137.2466640,34.9577770,0 137.2466946,34.9577885,0 137.2467289,34.9577961,0 137.2467976,34.9578228,0 137.2468128,34.9578266,0 137.2468319,34.9578342,0 137.2468624,34.9578381,0 137.2468929,34.9578381,0 137.2469120,34.9578381,0 137.2469387,34.9578342,0 137.2469692,34.9578304,0 137.2469845,34.9578228,0 137.2469997,34.9578190,0 137.2470112,34.9578114,0 137.2470264,34.9578037,0 137.2470417,34.9577923,0 137.2470531,34.9577847,0 137.2470684,34.9577732,0 137.2470798,34.9577618,0 137.2470913,34.9577503,0 137.2471027,34.9577389,0 137.2471180,34.9577236,0 137.2471256,34.9577084,0 137.2471371,34.9576969,0 137.2471447,34.9576855,0 137.2471523,34.9576740,0 137.2471638,34.9576511,0 137.2471790,34.9576206,0 137.2471943,34.9575901,0 137.2472019,34.9575787,0 137.2472095,34.9575558,0 137.2472210,34.9575214,0 137.2472324,34.9574909,0 137.2472401,34.9574604,0 137.2472477,34.9574261,0 137.2472553,34.9574070,0 137.2472591,34.9573879,0 137.2472668,34.9573574,0 137.2472858,34.9572544,0 137.2472935,34.9572239,0 137.2473011,34.9571896,0 137.2473049,34.9571743,0 137.2473087,34.9571552,0 137.2473164,34.9571400,0 137.2473278,34.9571095,0 137.2473469,34.9570599,0 137.2473927,34.9569492,0 137.2474041,34.9569149,0 137.2474117,34.9568996,0 137.2474155,34.9568844,0 137.2474194,34.9568653,0 137.2474270,34.9568501,0 137.2474270,34.9568310,0 137.2474308,34.9568157,0 137.2474346,34.9567966,0 137.2474384,34.9567623,0 137.2474422,34.9567432,0 137.2474422,34.9567242,0 137.2474422,34.9567089,0 137.2474422,34.9566860,0 137.2474422,34.9566631,0 137.2474384,34.9566441,0 137.2474308,34.9566212,0 137.2474270,34.9566021,0 137.2474155,34.9565716,0 137.2473965,34.9565220,0 137.2473888,34.9565067,0 137.2473850,34.9564877,0 137.2473774,34.9564724,0 137.2473736,34.9564571,0 137.2473698,34.9564419,0 137.2473660,34.9564266,0 137.2473621,34.9564114,0 137.2473621,34.9563923,0 137.2473583,34.9563770,0 137.2473583,34.9563618,0 137.2473545,34.9563427,0 137.2473545,34.9563274,0 137.2473545,34.9563007,0 137.2473583,34.9562855,0 137.2473621,34.9562168,0 137.2473660,34.9561863,0 137.2473660,34.9561634,0 137.2473660,34.9561443,0 137.2473621,34.9561291,0 137.2473583,34.9560986,0 137.2473583,34.9560795,0 137.2473545,34.9560642,0 137.2473469,34.9560299,0 137.2473316,34.9559650,0 137.2473278,34.9559460,0 137.2473240,34.9559269,0 137.2473202,34.9559116,0 137.2473202,34.9558926,0 137.2473164,34.9558773,0 137.2473164,34.9558506,0 137.2473202,34.9558239,0 137.2473240,34.9558048,0 137.2473316,34.9557858,0 137.2473354,34.9557667,0 137.2473431,34.9557514,0 137.2473660,34.9557056,0 137.2473736,34.9556904,0 137.2473812,34.9556751,0 137.2473850,34.9556599,0 137.2473888,34.9556484,0 137.2473927,34.9556179,0 137.2473927,34.9556026,0 137.2473927,34.9555836,0 137.2473888,34.9555683,0 137.2473888,34.9555492,0 137.2473850,34.9555340,0 137.2473812,34.9554996,0 137.2473698,34.9554310,0 137.2473583,34.9553776,0 137.2473507,34.9553280,0 137.2473431,34.9552937,0 137.2473278,34.9552441,0 137.2473240,34.9552250,0 137.2473202,34.9551983,0 137.2473240,34.9551792,0 137.2473240,34.9551640,0 137.2473240,34.9551487,0 137.2473278,34.9551334,0 137.2473316,34.9551182,0 137.2473392,34.9550838,0 137.2473431,34.9550686,0 137.2473545,34.9550343,0 137.2473660,34.9550037,0 137.2473698,34.9549885,0 137.2473774,34.9549694,0 137.2473850,34.9549503,0 137.2474003,34.9549198,0 137.2474155,34.9548893,0 137.2474384,34.9548435,0 137.2474537,34.9548130,0 137.2474728,34.9547863,0 137.2474804,34.9547710,0 137.2474918,34.9547520,0 137.2475006,34.9547411,0 137.2475006,34.9545730,0 137.2474728,34.9545803,0 137.2474575,34.9545879,0 137.2474422,34.9545956,0 137.2474270,34.9546032,0 137.2473965,34.9546185,0 137.2473507,34.9546452,0 137.2473202,34.9546642,0 137.2472897,34.9546795,0 137.2472706,34.9546947,0 137.2472515,34.9547062,0 137.2472248,34.9547253,0 137.2472019,34.9547482,0 137.2471905,34.9547596,0 137.2471790,34.9547710,0 137.2471638,34.9547863,0 137.2471485,34.9548016,0 137.2471294,34.9548283,0 137.2470875,34.9548779,0 137.2470798,34.9548893,0 137.2470646,34.9549084,0 137.2470417,34.9549351,0 137.2470188,34.9549580,0 137.2470074,34.9549732,0 137.2469845,34.9549961,0 137.2469692,34.9550076,0 137.2469578,34.9550190,0 137.2469425,34.9550266,0 137.2469273,34.9550381,0 137.2469158,34.9550457,0 137.2468853,34.9550610,0 137.2468624,34.9550686,0 137.2468014,34.9550953,0 137.2467747,34.9551029,0 137.2467442,34.9551182,0 137.2467136,34.9551296,0 137.2466984,34.9551411,0 137.2466831,34.9551487,0 137.2466679,34.9551563,0 137.2466526,34.9551678,0 137.2466450,34.9551754,0 137.2466259,34.9551868,0 137.2466145,34.9551983,0 137.2466030,34.9552135,0 137.2465916,34.9552288,0 137.2465839,34.9552441,0 137.2465763,34.9552593,0 137.2465725,34.9552746,0 137.2465649,34.9552937,0 137.2465611,34.9553089,0 137.2465496,34.9553432,0 137.2465420,34.9553738,0 137.2465343,34.9554081,0 137.2465229,34.9554424,0 137.2465229,34.9554577,0 137.2465191,34.9554768,0 137.2465153,34.9554920,0 137.2465153,34.9555073,0 137.2465153,34.9555225,0 137.2465153,34.9555416,0 137.2465191,34.9555569,0 137.2465229,34.9555759,0 137.2465343,34.9556103,0 137.2465382,34.9556217,0 137.2465420,34.9556446,0 137.2465420,34.9556599,0 137.2465382,34.9556828,0 137.2465343,34.9557133,0 137.2465267,34.9557247,0 137.2465191,34.9557400,0 137.2465076,34.9557476,0 137.2465000,34.9557629,0 137.2464848,34.9557705,0 137.2464695,34.9557781,0 137.2464542,34.9557858,0 137.2464390,34.9557896,0 137.2464237,34.9557934,0 137.2464085,34.9557972,0 137.2463818,34.9557972,0 137.2463551,34.9557934,0 137.2463245,34.9557896,0 137.2463093,34.9557858,0 137.2462902,34.9557781,0 137.2462749,34.9557743,0 137.2462406,34.9557629,0 137.2462101,34.9557514,0 137.2461948,34.9557476,0 137.2461758,34.9557362,0 137.2461491,34.9557247,0 137.2461262,34.9557095,0 137.2460995,34.9556942,0 137.2460804,34.9556789,0 137.2460537,34.9556599,0 137.2459888,34.9556065,0 137.2459431,34.9555721,0 137.2459164,34.9555531,0 137.2459011,34.9555416,0 137.2458858,34.9555340,0 137.2458706,34.9555225,0 137.2458477,34.9555149,0 137.2458324,34.9555111,0 137.2458134,34.9555111,0 137.2457905,34.9555149,0 137.2457714,34.9555225,0 137.2457600,34.9555302,0 137.2457485,34.9555378,0 137.2457218,34.9555607,0 137.2457104,34.9555759,0 137.2456913,34.9555836,0 137.2456799,34.9555912,0 137.2456646,34.9556026,0 137.2456455,34.9556103,0 137.2456303,34.9556179,0 137.2456112,34.9556217,0 137.2455959,34.9556255,0 137.2455807,34.9556332,0 137.2455463,34.9556408,0 137.2454472,34.9556675,0 137.2453976,34.9556789,0 137.2453632,34.9556866,0 137.2453327,34.9556904,0 137.2453060,34.9556904,0 137.2452755,34.9556904,0 137.2452602,34.9556866,0 137.2452374,34.9556828,0 137.2452259,34.9556751,0 137.2451992,34.9556637,0 137.2451839,34.9556561,0 137.2451725,34.9556446,0 137.2451572,34.9556332,0 137.2451458,34.9556179,0 137.2451344,34.9556065,0 137.2451229,34.9555912,0 137.2451000,34.9555645,0 137.2450657,34.9555225,0 137.2450466,34.9554958,0 137.2450352,34.9554806,0 137.2450275,34.9554653,0 137.2450199,34.9554539,0 137.2450123,34.9554424,0 137.2450085,34.9554310,0 137.2450008,34.9554195,0 137.2449970,34.9554081,0 137.2449894,34.9553890,0 137.2449780,34.9553585,0 137.2449665,34.9553242,0 137.2448902,34.9551029,0 137.2448711,34.9550533,0 137.2448597,34.9550190,0 137.2448559,34.9550037,0 137.2448521,34.9549809,0 137.2448483,34.9549618,0 137.2448444,34.9549351,0 137.2448444,34.9549160,0 137.2448444,34.9549007,0 137.2448444,34.9548664,0 137.2448444,34.9548321,0 137.2448444,34.9547977,0 137.2448444,34.9547634,0 137.2448444,34.9547443,0 137.2448483,34.9547291,0 137.2448521,34.9547100,0 137.2448559,34.9546947,0 137.2448635,34.9546680,0 137.2448711,34.9546528,0 137.2448826,34.9546375,0 137.2448940,34.9546223,0 137.2449055,34.9546108,0 137.2449207,34.9545994,0 137.2449322,34.9545879,0 137.2449474,34.9545765,0 137.2449627,34.9545650,0 137.2449780,34.9545574,0 137.2449932,34.9545460,0 137.2450123,34.9545345,0 137.2450314,34.9545231,0 137.2450466,34.9545155,0 137.2450771,34.9545002,0 137.2451229,34.9544811,0 137.2451534,34.9544659,0 137.2451839,34.9544506,0 137.2452106,34.9544392,0 137.2452374,34.9544315,0 137.2452679,34.9544201,0 137.2453022,34.9544086,0 137.2454319,34.9543629,0 137.2457027,34.9542789,0 137.2457523,34.9542599,0 137.2457943,34.9542446,0 137.2458286,34.9542332,0 137.2458782,34.9542141,0 137.2459087,34.9541988,0 137.2459507,34.9541836,0 137.2459965,34.9541607,0 137.2460957,34.9541149,0 137.2461643,34.9540844,0 137.2461948,34.9540691,0 137.2462139,34.9540577,0 137.2462330,34.9540501,0 137.2462482,34.9540386,0 137.2462635,34.9540310,0 137.2462788,34.9540234,0 137.2462902,34.9540119,0 137.2463055,34.9540005,0 137.2463093,34.9539890,0 137.2463131,34.9539700,0 137.2463055,34.9539509,0 137.2462978,34.9539394,0 137.2462711,34.9539280,0 137.2462559,34.9539242,0 137.2462406,34.9539165,0 137.2462215,34.9539127,0 137.2461872,34.9539089,0 137.2461338,34.9539013,0 137.2460995,34.9538937,0 137.2460613,34.9538898,0 137.2460232,34.9538860,0 137.2459812,34.9538822,0 137.2459278,34.9538784,0 137.2457905,34.9538746,0 137.2457561,34.9538708,0 137.2457218,34.9538708,0 137.2456875,34.9538670,0 137.2456532,34.9538631,0 137.2455158,34.9538479,0 137.2454624,34.9538403,0 137.2454281,34.9538364,0 137.2453938,34.9538364,0 137.2453747,34.9538403,0 137.2453556,34.9538441,0 137.2453403,34.9538479,0 137.2453251,34.9538517,0 137.2453098,34.9538593,0 137.2452793,34.9538708,0 137.2452641,34.9538746,0 137.2452335,34.9538898,0 137.2452030,34.9539051,0 137.2451725,34.9539204,0 137.2451572,34.9539280,0 137.2451305,34.9539433,0 137.2451153,34.9539547,0 137.2450962,34.9539623,0 137.2450809,34.9539700,0 137.2450657,34.9539738,0 137.2450504,34.9539776,0 137.2450352,34.9539814,0 137.2450161,34.9539814,0 137.2449894,34.9539776,0 137.2449741,34.9539738,0 137.2449551,34.9539700,0 137.2449398,34.9539661,0 137.2449245,34.9539585,0 137.2449093,34.9539471,0 137.2448902,34.9539356,0 137.2448750,34.9539242,0 137.2448330,34.9538937,0 137.2448177,34.9538822,0 137.2447987,34.9538708,0 137.2447796,34.9538593,0 137.2447681,34.9538517,0 137.2447529,34.9538441,0 137.2447376,34.9538403,0 137.2447071,34.9538326,0 137.2446842,34.9538288,0 137.2446537,34.9538288,0 137.2446194,34.9538326,0 137.2445583,34.9538403,0 137.2445240,34.9538403,0 137.2444897,34.9538441,0 137.2444592,34.9538441,0 137.2444210,34.9538441,0 137.2444019,34.9538441,0 137.2443867,34.9538403,0 137.2443600,34.9538326,0 137.2443409,34.9538250,0 137.2443256,34.9538174,0 137.2443142,34.9538097,0 137.2442989,34.9537983,0 137.2442799,34.9537830,0 137.2442684,34.9537678,0 137.2442608,34.9537563,0 137.2442493,34.9537411,0 137.2442417,34.9537296,0 137.2442341,34.9537144,0 137.2442265,34.9536991,0 137.2442188,34.9536839,0 137.2442112,34.9536724,0 137.2442036,34.9536572,0 137.2441959,34.9536419,0 137.2441921,34.9536304,0 137.2441883,34.9536190,0 137.2441845,34.9535885,0 137.2441845,34.9535656,0 137.2441845,34.9535427,0 137.2441883,34.9535275,0 137.2441921,34.9534893,0 137.2441959,34.9534550,0 137.2442188,34.9533138,0 137.2442265,34.9532604,0 137.2442303,34.9532261,0 137.2442341,34.9532070,0 137.2442341,34.9531918,0 137.2442341,34.9531727,0 137.2442341,34.9531498,0 137.2442341,34.9531307,0 137.2442303,34.9531116,0 137.2442265,34.9530773,0 137.2442074,34.9529896,0 137.2441998,34.9529514,0 137.2441998,34.9529362,0 137.2441959,34.9529171,0 137.2441959,34.9529018,0 137.2441959,34.9528828,0 137.2441998,34.9528561,0 137.2442036,34.9528408,0 137.2442112,34.9528294,0 137.2442188,34.9528141,0 137.2442341,34.9527988,0 137.2442417,34.9527874,0 137.2442532,34.9527798,0 137.2442684,34.9527683,0 137.2442837,34.9527645,0 137.2442989,34.9527531,0 137.2443256,34.9527454,0 137.2443447,34.9527416,0 137.2443790,34.9527302,0 137.2444134,34.9527264,0 137.2445545,34.9526958,0 137.2446079,34.9526844,0 137.2446384,34.9526806,0 137.2446728,34.9526768,0 137.2447262,34.9526691,0 137.2448177,34.9526577,0 137.2448521,34.9526539,0 137.2448711,34.9526501,0 137.2448864,34.9526463,0 137.2449017,34.9526424,0 137.2449207,34.9526386,0 137.2449360,34.9526310,0 137.2449551,34.9526196,0 137.2449627,34.9526043,0 137.2449703,34.9525852,0 137.2449703,34.9525661,0 137.2449703,34.9525509,0 137.2449665,34.9525356,0 137.2449665,34.9525166,0 137.2449589,34.9525013,0 137.2449551,34.9524822,0 137.2449322,34.9523945,0 137.2449207,34.9523602,0 137.2449169,34.9523373,0 137.2449131,34.9523144,0 137.2449093,34.9522991,0 137.2449055,34.9522839,0 137.2449055,34.9522686,0 137.2449017,34.9522533,0 137.2449017,34.9522381,0 137.2449017,34.9522228,0 137.2449017,34.9522076,0 137.2449055,34.9521923,0 137.2449093,34.9521656,0 137.2449131,34.9521503,0 137.2449169,34.9521351,0 137.2449284,34.9521008,0 137.2449627,34.9519978,0 137.2449665,34.9519787,0 137.2449703,34.9519634,0 137.2449741,34.9519482,0 137.2449780,34.9519291,0 137.2449780,34.9519138,0 137.2449780,34.9518948,0 137.2449741,34.9518833,0 137.2449703,34.9518719,0 137.2449589,34.9518566,0 137.2449436,34.9518414,0 137.2449322,34.9518337,0 137.2449169,34.9518261,0 137.2449017,34.9518147,0 137.2448864,34.9518070,0 137.2447910,34.9517612,0 137.2447758,34.9517536,0 137.2447605,34.9517460,0 137.2447376,34.9517345,0 137.2447109,34.9517155,0 137.2446957,34.9517002,0 137.2446842,34.9516888,0 137.2446728,34.9516811,0 137.2446613,34.9516697,0 137.2446499,34.9516582,0 137.2446423,34.9516430,0 137.2446308,34.9516277,0 137.2446156,34.9516125,0 137.2446079,34.9515972,0 137.2446003,34.9515820,0 137.2445889,34.9515667,0 137.2445812,34.9515476,0 137.2445583,34.9515018,0 137.2445240,34.9514179,0 137.2445087,34.9513874,0 137.2445011,34.9513683,0 137.2444973,34.9513531,0 137.2444897,34.9513378,0 137.2444859,34.9513187,0 137.2444820,34.9512997,0 137.2444782,34.9512882,0 137.2444782,34.9512730,0 137.2444744,34.9512539,0 137.2444744,34.9512348,0 137.2444744,34.9512196,0 137.2444744,34.9512005,0 137.2444744,34.9511814,0 137.2444744,34.9511662,0 137.2444782,34.9511433,0 137.2444820,34.9511204,0 137.2444897,34.9510975,0 137.2444935,34.9510822,0 137.2444973,34.9510632,0 137.2445049,34.9510479,0 137.2445126,34.9510136,0 137.2445278,34.9509830,0 137.2445316,34.9509640,0 137.2445393,34.9509487,0 137.2445507,34.9509296,0 137.2445583,34.9509144,0 137.2445660,34.9508991,0 137.2445736,34.9508839,0 137.2445850,34.9508686,0 137.2445965,34.9508533,0 137.2446156,34.9508266,0 137.2448292,34.9505482,0 137.2448597,34.9505062,0 137.2448826,34.9504795,0 137.2449017,34.9504566,0 137.2449398,34.9504147,0 137.2450809,34.9502583,0 137.2451153,34.9502201,0 137.2451382,34.9501934,0 137.2451496,34.9501781,0 137.2451649,34.9501591,0 137.2451878,34.9501324,0 137.2452183,34.9500904,0 137.2452679,34.9500179,0 137.2453175,34.9499454,0 137.2453480,34.9498997,0 137.2453594,34.9498806,0 137.2453785,34.9498539,0 137.2454052,34.9498081,0 137.2455425,34.9495792,0 137.2456646,34.9493771,0 137.2456799,34.9493465,0 137.2456875,34.9493313,0 137.2456951,34.9493160,0 137.2457027,34.9493008,0 137.2457104,34.9492855,0 137.2457142,34.9492664,0 137.2457142,34.9492512,0 137.2457142,34.9492359,0 137.2457104,34.9492207,0 137.2457104,34.9492054,0 137.2457066,34.9491940,0 137.2456989,34.9491787,0 137.2456951,34.9491673,0 137.2456875,34.9491558,0 137.2456760,34.9491444,0 137.2456646,34.9491367,0 137.2456379,34.9491291,0 137.2456226,34.9491253,0 137.2456036,34.9491253,0 137.2455883,34.9491215,0 137.2455692,34.9491215,0 137.2455196,34.9491215,0 137.2453442,34.9491177,0 137.2452869,34.9491177,0 137.2452526,34.9491177,0 137.2452183,34.9491177,0 137.2451839,34.9491177,0 137.2451458,34.9491215,0 137.2451267,34.9491215,0 137.2450542,34.9491329,0 137.2450237,34.9491329,0 137.2449894,34.9491329,0 137.2449627,34.9491291,0 137.2449474,34.9491253,0 137.2449245,34.9491177,0 137.2449131,34.9491100,0 137.2449017,34.9491024,0 137.2448788,34.9490910,0 137.2448673,34.9490795,0 137.2448521,34.9490681,0 137.2448254,34.9490452,0 137.2447987,34.9490223,0 137.2447758,34.9489956,0 137.2447491,34.9489727,0 137.2447376,34.9489574,0 137.2447262,34.9489460,0 137.2447109,34.9489307,0 137.2447033,34.9489193,0 137.2446918,34.9489079,0 137.2446842,34.9488926,0 137.2446766,34.9488811,0 137.2446690,34.9488659,0 137.2446575,34.9488506,0 137.2446537,34.9488392,0 137.2446499,34.9488239,0 137.2446461,34.9488125,0 137.2446423,34.9488010,0 137.2446384,34.9487858,0 137.2446384,34.9487705,0 137.2446384,34.9487553,0 137.2446423,34.9487324,0 137.2446461,34.9487171,0 137.2446575,34.9487019,0 137.2446690,34.9486866,0 137.2446766,34.9486713,0 137.2446880,34.9486599,0 137.2446995,34.9486485,0 137.2447491,34.9486065,0 137.2447681,34.9485912,0 137.2447796,34.9485798,0 137.2447910,34.9485683,0 137.2448025,34.9485531,0 137.2475006,34.9485485,0</coordinates></LinearRing></outerBoundaryIs></Polygon></Placemark><Placemark><styleUrl>#minyu</styleUrl><Polygon><outerBoundaryIs><LinearRing><coordinates>137.2388561,34.9485485,0 137.2388935,34.9485722,0 137.2389660,34.9486141,0 137.2389965,34.9486294,0 137.2390118,34.9486408,0 137.2390232,34.9486485,0 137.2390461,34.9486637,0 137.2390614,34.9486828,0 137.2390728,34.9486942,0 137.2390842,34.9487057,0 137.2390919,34.9487171,0 137.2391033,34.9487286,0 137.2391376,34.9487820,0 137.2391491,34.9488010,0 137.2391605,34.9488163,0 137.2391720,34.9488277,0 137.2391796,34.9488392,0 137.2391987,34.9488583,0 137.2392101,34.9488697,0 137.2392216,34.9488811,0 137.2392330,34.9488926,0 137.2392445,34.9489002,0 137.2392597,34.9489155,0 137.2392826,34.9489307,0 137.2392941,34.9489384,0 137.2393246,34.9489574,0 137.2393398,34.9489689,0 137.2393665,34.9489841,0 137.2393818,34.9489918,0 137.2394085,34.9490070,0 137.2394390,34.9490185,0 137.2394543,34.9490261,0 137.2394733,34.9490337,0 137.2395000,34.9490414,0 137.2395153,34.9490452,0 137.2395458,34.9490490,0 137.2395649,34.9490490,0 137.2395916,34.9490490,0 137.2396183,34.9490414,0 137.2396450,34.9490261,0 137.2396564,34.9490185,0 137.2396679,34.9490070,0 137.2397099,34.9489765,0 137.2397289,34.9489613,0 137.2397404,34.9489536,0 137.2397518,34.9489460,0 137.2397747,34.9489346,0 137.2398014,34.9489269,0 137.2398281,34.9489231,0 137.2398548,34.9489231,0 137.2398701,34.9489269,0 137.2398891,34.9489269,0 137.2399158,34.9489346,0 137.2399426,34.9489460,0 137.2399578,34.9489536,0 137.2399731,34.9489613,0 137.2400074,34.9489765,0 137.2401600,34.9490604,0 137.2403126,34.9491444,0 137.2403584,34.9491673,0 137.2403889,34.9491863,0 137.2404079,34.9491978,0 137.2404194,34.9492054,0 137.2404308,34.9492130,0 137.2404423,34.9492245,0 137.2404613,34.9492359,0 137.2404728,34.9492474,0 137.2404842,34.9492626,0 137.2404957,34.9492741,0 137.2405033,34.9492855,0 137.2405109,34.9492970,0 137.2405186,34.9493084,0 137.2405300,34.9493237,0 137.2405376,34.9493389,0 137.2405415,34.9493542,0 137.2405491,34.9493694,0 137.2405529,34.9493847,0 137.2405567,34.9493999,0 137.2405643,34.9494305,0 137.2405682,34.9494457,0 137.2405758,34.9494724,0 137.2405758,34.9494915,0 137.2405796,34.9495068,0 137.2405796,34.9495220,0 137.2405796,34.9495373,0 137.2405834,34.9495525,0 137.2405834,34.9495792,0 137.2405796,34.9496059,0 137.2405758,34.9496403,0 137.2405758,34.9496555,0 137.2405720,34.9496746,0 137.2405720,34.9496899,0 137.2405682,34.9497089,0 137.2405643,34.9497280,0 137.2405567,34.9497471,0 137.2405491,34.9497623,0 137.2405415,34.9497776,0 137.2405338,34.9497890,0 137.2405262,34.9498005,0 137.2405148,34.9498158,0 137.2404995,34.9498310,0 137.2404766,34.9498539,0 137.2404652,34.9498653,0 137.2404575,34.9498768,0 137.2404499,34.9498882,0 137.2404461,34.9499035,0 137.2404423,34.9499226,0 137.2404423,34.9499378,0 137.2404499,34.9499531,0 137.2404537,34.9499683,0 137.2404652,34.9499798,0 137.2404728,34.9499950,0 137.2404919,34.9500217,0 137.2405224,34.9500637,0 137.2405338,34.9500790,0 137.2405453,34.9500904,0 137.2405529,34.9501057,0 137.2405605,34.9501209,0 137.2405720,34.9501362,0 137.2405758,34.9501514,0 137.2405796,34.9501667,0 137.2405834,34.9501820,0 137.2405834,34.9502010,0 137.2405796,34.9502125,0 137.2405758,34.9502277,0 137.2405720,34.9502392,0 137.2405643,34.9502506,0 137.2405567,34.9502621,0 137.2405453,34.9502773,0 137.2405262,34.9502926,0 137.2405148,34.9503040,0 137.2405033,34.9503117,0 137.2404881,34.9503231,0 137.2404385,34.9503574,0 137.2404232,34.9503689,0 137.2404079,34.9503803,0 137.2403889,34.9503956,0 137.2403774,34.9504070,0 137.2403660,34.9504147,0 137.2403545,34.9504261,0 137.2403431,34.9504375,0 137.2403316,34.9504528,0 137.2403240,34.9504642,0 137.2403126,34.9504757,0 137.2403049,34.9504910,0 137.2402973,34.9505024,0 137.2402897,34.9505177,0 137.2402630,34.9505634,0 137.2402554,34.9505749,0 137.2402477,34.9505901,0 137.2402401,34.9506016,0 137.2402287,34.9506168,0 137.2402172,34.9506283,0 137.2401981,34.9506474,0 137.2401829,34.9506588,0 137.2401714,34.9506664,0 137.2401600,34.9506741,0 137.2401333,34.9506931,0 137.2400875,34.9507160,0 137.2400608,34.9507351,0 137.2400455,34.9507427,0 137.2400341,34.9507542,0 137.2400227,34.9507618,0 137.2400074,34.9507694,0 137.2399960,34.9507809,0 137.2399845,34.9507923,0 137.2399731,34.9508038,0 137.2399578,34.9508228,0 137.2399464,34.9508381,0 137.2399044,34.9508915,0 137.2398930,34.9509068,0 137.2398777,34.9509220,0 137.2398624,34.9509373,0 137.2398472,34.9509449,0 137.2398357,34.9509525,0 137.2398243,34.9509602,0 137.2398014,34.9509678,0 137.2397861,34.9509716,0 137.2397709,34.9509754,0 137.2397518,34.9509754,0 137.2397213,34.9509716,0 137.2397060,34.9509678,0 137.2396908,34.9509640,0 137.2396641,34.9509525,0 137.2396488,34.9509411,0 137.2396374,34.9509335,0 137.2396259,34.9509220,0 137.2396107,34.9509068,0 137.2395992,34.9508877,0 137.2395916,34.9508762,0 137.2395840,34.9508610,0 137.2395802,34.9508495,0 137.2395763,34.9508305,0 137.2395725,34.9508152,0 137.2395725,34.9507923,0 137.2395725,34.9507771,0 137.2395763,34.9507580,0 137.2395802,34.9507465,0 137.2395840,34.9507313,0 137.2395878,34.9507160,0 137.2395954,34.9507008,0 137.2396030,34.9506855,0 137.2396107,34.9506741,0 137.2396374,34.9506283,0 137.2396450,34.9506130,0 137.2396526,34.9505978,0 137.2396641,34.9505749,0 137.2396679,34.9505596,0 137.2396679,34.9505444,0 137.2396679,34.9505291,0 137.2396641,34.9505177,0 137.2396603,34.9505062,0 137.2396526,34.9504986,0 137.2396412,34.9504871,0 137.2396221,34.9504757,0 137.2396069,34.9504719,0 137.2395840,34.9504681,0 137.2395649,34.9504642,0 137.2395458,34.9504642,0 137.2394924,34.9504681,0 137.2394009,34.9504719,0 137.2393665,34.9504719,0 137.2393360,34.9504719,0 137.2392979,34.9504719,0 137.2392635,34.9504719,0 137.2390308,34.9504642,0 137.2389965,34.9504642,0 137.2389584,34.9504642,0 137.2389431,34.9504604,0 137.2389164,34.9504566,0 137.2388821,34.9504490,0 137.2388668,34.9504452,0 137.2388515,34.9504375,0 137.2388363,34.9504299,0 137.2388248,34.9504185,0 137.2388096,34.9504070,0 137.2387981,34.9503956,0 137.2387943,34.9503841,0 137.2387867,34.9503689,0 137.2387791,34.9503536,0 137.2387753,34.9503269,0 137.2387791,34.9503155,0 137.2387791,34.9503002,0 137.2387829,34.9502888,0 137.2387905,34.9502735,0 137.2387981,34.9502621,0 137.2388020,34.9502468,0 137.2388134,34.9502316,0 137.2388248,34.9502163,0 137.2388363,34.9502048,0 137.2388477,34.9501896,0 137.2388744,34.9501629,0 137.2389584,34.9500713,0 137.2389965,34.9500332,0 137.2390232,34.9500065,0 137.2390347,34.9499950,0 137.2390537,34.9499798,0 137.2390728,34.9499645,0 137.2390842,34.9499531,0 137.2390995,34.9499454,0 137.2391224,34.9499302,0 137.2391453,34.9499187,0 137.2391567,34.9499111,0 137.2391872,34.9498959,0 137.2392178,34.9498844,0 137.2392941,34.9498501,0 137.2393169,34.9498386,0 137.2393284,34.9498310,0 137.2393436,34.9498234,0 137.2393589,34.9498119,0 137.2393665,34.9497967,0 137.2393703,34.9497814,0 137.2393665,34.9497585,0 137.2393589,34.9497433,0 137.2393513,34.9497318,0 137.2393398,34.9497204,0 137.2393284,34.9497089,0 137.2393131,34.9496937,0 137.2392979,34.9496861,0 137.2392864,34.9496784,0 137.2392712,34.9496708,0 137.2392597,34.9496632,0 137.2392330,34.9496517,0 137.2392178,34.9496479,0 137.2391987,34.9496403,0 137.2391834,34.9496365,0 137.2391453,34.9496250,0 137.2390957,34.9496136,0 137.2390614,34.9496059,0 137.2390423,34.9496021,0 137.2390270,34.9495983,0 137.2390079,34.9495945,0 137.2389927,34.9495907,0 137.2389736,34.9495907,0 137.2389393,34.9495945,0 137.2389240,34.9495983,0 137.2389050,34.9495983,0 137.2388706,34.9496098,0 137.2388554,34.9496136,0 137.2388210,34.9496212,0 137.2387867,34.9496326,0 137.2387600,34.9496441,0 137.2386990,34.9496670,0 137.2386723,34.9496784,0 137.2386570,34.9496822,0 137.2386341,34.9496899,0 137.2386036,34.9496937,0 137.2385654,34.9496937,0 137.2385464,34.9496937,0 137.2385235,34.9496899,0 137.2385044,34.9496822,0 137.2384892,34.9496746,0 137.2384739,34.9496632,0 137.2384586,34.9496517,0 137.2384434,34.9496326,0 137.2384357,34.9496174,0 137.2384281,34.9496021,0 137.2384243,34.9495869,0 137.2384205,34.9495754,0 137.2384243,34.9495487,0 137.2384281,34.9495335,0 137.2384357,34.9495106,0 137.2384472,34.9494953,0 137.2384548,34.9494839,0 137.2384624,34.9494724,0 137.2384739,34.9494648,0 137.2384892,34.9494495,0 137.2385044,34.9494381,0 137.2385159,34.9494305,0 137.2385464,34.9494114,0 137.2385769,34.9493923,0 137.2386074,34.9493732,0 137.2386646,34.9493351,0 137.2386799,34.9493275,0 137.2386951,34.9493198,0 137.2387066,34.9493084,0 137.2387180,34.9493008,0 137.2387295,34.9492893,0 137.2387371,34.9492817,0 137.2387447,34.9492664,0 137.2387447,34.9492474,0 137.2387371,34.9492321,0 137.2387257,34.9492168,0 137.2387142,34.9492016,0 137.2387028,34.9491901,0 137.2386913,34.9491787,0 137.2386799,34.9491673,0 137.2386265,34.9491253,0 137.2385998,34.9491024,0 137.2385807,34.9490871,0 137.2385578,34.9490643,0 137.2385349,34.9490414,0 137.2385120,34.9490185,0 137.2384968,34.9490032,0 137.2384815,34.9489841,0 137.2384739,34.9489727,0 137.2384624,34.9489574,0 137.2384472,34.9489307,0 137.2384281,34.9489040,0 137.2384205,34.9488888,0 137.2384090,34.9488659,0 137.2383938,34.9488430,0 137.2383785,34.9488125,0 137.2383366,34.9487171,0 137.2383213,34.9486866,0 137.2383060,34.9486561,0 137.2382946,34.9486332,0 137.2382832,34.9486179,0 137.2382755,34.9486027,0 137.2382641,34.9485874,0 137.2382565,34.9485760,0 137.2382450,34.9485607,0 137.2382358,34.9485485,0 137.2388561,34.9485485,0</coordinates></LinearRing></outerBoundaryIs></Polygon></Placemark><Placemark><styleUrl>#minyu</styleUrl><Polygon><outerBoundaryIs><LinearRing><coordinates>137.2272053,34.9496822,0 137.2272129,34.9496975,0 137.2273006,34.9497623,0 137.2273502,34.9498005,0 137.2273846,34.9498272,0 137.2274380,34.9498730,0 137.2274761,34.9499073,0 137.2275143,34.9499416,0 137.2275448,34.9499722,0 137.2276440,34.9500675,0 137.2276821,34.9501019,0 137.2277203,34.9501362,0 137.2277699,34.9501820,0 137.2278461,34.9502506,0 137.2278728,34.9502735,0 137.2278996,34.9502964,0 137.2279263,34.9503155,0 137.2279415,34.9503269,0 137.2279530,34.9503384,0 137.2279835,34.9503574,0 137.2280254,34.9503880,0 137.2280560,34.9504070,0 137.2280827,34.9504223,0 137.2280979,34.9504337,0 137.2281132,34.9504414,0 137.2281475,34.9504566,0 137.2282734,34.9505215,0 137.2283382,34.9505520,0 137.2283840,34.9505749,0 137.2283993,34.9505825,0 137.2284184,34.9505939,0 137.2284336,34.9506054,0 137.2284527,34.9506168,0 137.2284794,34.9506359,0 137.2285099,34.9506550,0 137.2285786,34.9507046,0 137.2286205,34.9507351,0 137.2286358,34.9507427,0 137.2286549,34.9507542,0 137.2286739,34.9507656,0 137.2286892,34.9507732,0 137.2287197,34.9507923,0 137.2287655,34.9508152,0 137.2288303,34.9508457,0 137.2288761,34.9508686,0 137.2289104,34.9508839,0 137.2289410,34.9508953,0 137.2290020,34.9509182,0 137.2290173,34.9509258,0 137.2290363,34.9509373,0 137.2290516,34.9509449,0 137.2290630,34.9509525,0 137.2290745,34.9509602,0 137.2290897,34.9509716,0 137.2291012,34.9509830,0 137.2291126,34.9509983,0 137.2291203,34.9510136,0 137.2291241,34.9510250,0 137.2291279,34.9510403,0 137.2291279,34.9510555,0 137.2291241,34.9510784,0 137.2291241,34.9510937,0 137.2291126,34.9511089,0 137.2291050,34.9511242,0 137.2290897,34.9511433,0 137.2290745,34.9511547,0 137.2290630,34.9511662,0 137.2290478,34.9511700,0 137.2290325,34.9511776,0 137.2290058,34.9511852,0 137.2289791,34.9511890,0 137.2289486,34.9511890,0 137.2289295,34.9511890,0 137.2288952,34.9511890,0 137.2288799,34.9511852,0 137.2288609,34.9511814,0 137.2288418,34.9511776,0 137.2287693,34.9511623,0 137.2287540,34.9511585,0 137.2287273,34.9511547,0 137.2287006,34.9511585,0 137.2286701,34.9511700,0 137.2286549,34.9511776,0 137.2286434,34.9511852,0 137.2286282,34.9511929,0 137.2286091,34.9512081,0 137.2285938,34.9512234,0 137.2285824,34.9512310,0 137.2285709,34.9512424,0 137.2285633,34.9512539,0 137.2285519,34.9512653,0 137.2285442,34.9512768,0 137.2285366,34.9512882,0 137.2285252,34.9513035,0 137.2285175,34.9513187,0 137.2285137,34.9513378,0 137.2285099,34.9513493,0 137.2285061,34.9513645,0 137.2285023,34.9513836,0 137.2284985,34.9513988,0 137.2284946,34.9514332,0 137.2284870,34.9515553,0 137.2284832,34.9515896,0 137.2284794,34.9516163,0 137.2284718,34.9516850,0 137.2284489,34.9518566,0 137.2284451,34.9518909,0 137.2284412,34.9519138,0 137.2284412,34.9519291,0 137.2284374,34.9519634,0 137.2284374,34.9520168,0 137.2284374,34.9520512,0 137.2284374,34.9520817,0 137.2284374,34.9521160,0 137.2284412,34.9521351,0 137.2284412,34.9521503,0 137.2284412,34.9521694,0 137.2284451,34.9521847,0 137.2284489,34.9521999,0 137.2284527,34.9522190,0 137.2284565,34.9522343,0 137.2284679,34.9522648,0 137.2284832,34.9522991,0 137.2285328,34.9524250,0 137.2285519,34.9524746,0 137.2285595,34.9524937,0 137.2285671,34.9525166,0 137.2285786,34.9525509,0 137.2285824,34.9525700,0 137.2285862,34.9525852,0 137.2285900,34.9526043,0 137.2285938,34.9526196,0 137.2285976,34.9526424,0 137.2285976,34.9526577,0 137.2285976,34.9526806,0 137.2285938,34.9526920,0 137.2285900,34.9527111,0 137.2285786,34.9527302,0 137.2285671,34.9527454,0 137.2285519,34.9527607,0 137.2285366,34.9527683,0 137.2285252,34.9527760,0 137.2285137,34.9527836,0 137.2284946,34.9527912,0 137.2284641,34.9527988,0 137.2284336,34.9527988,0 137.2284031,34.9527950,0 137.2283840,34.9527912,0 137.2283649,34.9527874,0 137.2283497,34.9527798,0 137.2283344,34.9527760,0 137.2283192,34.9527683,0 137.2283039,34.9527645,0 137.2282887,34.9527569,0 137.2282734,34.9527493,0 137.2282619,34.9527416,0 137.2282505,34.9527340,0 137.2282352,34.9527225,0 137.2282200,34.9527111,0 137.2282085,34.9526958,0 137.2281971,34.9526806,0 137.2281933,34.9526691,0 137.2281818,34.9526501,0 137.2281742,34.9526348,0 137.2281666,34.9526157,0 137.2281590,34.9526005,0 137.2281475,34.9525661,0 137.2281361,34.9525318,0 137.2281246,34.9524975,0 137.2281132,34.9524632,0 137.2281055,34.9524479,0 137.2281017,34.9524212,0 137.2280979,34.9524097,0 137.2280941,34.9523983,0 137.2280941,34.9523716,0 137.2280941,34.9523525,0 137.2280941,34.9523296,0 137.2280979,34.9523106,0 137.2280979,34.9522953,0 137.2281094,34.9522305,0 137.2281132,34.9522152,0 137.2281170,34.9521999,0 137.2281170,34.9521809,0 137.2281170,34.9521656,0 137.2281208,34.9521465,0 137.2281208,34.9521122,0 137.2281208,34.9520779,0 137.2281208,34.9519596,0 137.2281208,34.9519062,0 137.2281246,34.9518719,0 137.2281246,34.9518375,0 137.2281361,34.9516964,0 137.2281399,34.9516621,0 137.2281399,34.9516239,0 137.2281399,34.9516087,0 137.2281399,34.9515820,0 137.2281399,34.9515667,0 137.2281361,34.9515362,0 137.2281361,34.9515209,0 137.2281322,34.9515057,0 137.2281322,34.9514866,0 137.2281284,34.9514675,0 137.2281246,34.9514523,0 137.2281170,34.9514217,0 137.2281094,34.9513912,0 137.2281017,34.9513645,0 137.2280941,34.9513493,0 137.2280903,34.9513340,0 137.2280827,34.9513187,0 137.2280750,34.9513073,0 137.2280674,34.9512882,0 137.2280560,34.9512768,0 137.2280445,34.9512653,0 137.2280293,34.9512501,0 137.2280140,34.9512386,0 137.2280025,34.9512310,0 137.2279797,34.9512234,0 137.2279682,34.9512157,0 137.2279415,34.9512119,0 137.2279148,34.9512157,0 137.2278996,34.9512196,0 137.2278843,34.9512234,0 137.2278690,34.9512272,0 137.2278538,34.9512386,0 137.2278118,34.9512615,0 137.2277966,34.9512691,0 137.2277813,34.9512768,0 137.2277584,34.9512844,0 137.2277431,34.9512882,0 137.2277241,34.9512920,0 137.2276936,34.9512920,0 137.2276630,34.9512882,0 137.2276440,34.9512806,0 137.2276249,34.9512730,0 137.2276096,34.9512653,0 137.2275944,34.9512501,0 137.2275829,34.9512386,0 137.2275715,34.9512234,0 137.2275639,34.9512119,0 137.2275600,34.9512005,0 137.2275562,34.9511890,0 137.2275524,34.9511776,0 137.2275524,34.9511509,0 137.2275562,34.9511356,0 137.2275600,34.9511127,0 137.2275677,34.9511013,0 137.2275753,34.9510822,0 137.2275829,34.9510708,0 137.2275906,34.9510593,0 137.2276020,34.9510479,0 137.2276096,34.9510365,0 137.2276249,34.9510212,0 137.2276402,34.9510098,0 137.2276516,34.9509983,0 137.2276669,34.9509907,0 137.2276783,34.9509830,0 137.2276936,34.9509754,0 137.2277050,34.9509678,0 137.2277164,34.9509602,0 137.2277470,34.9509487,0 137.2277813,34.9509373,0 137.2278118,34.9509220,0 137.2278957,34.9508915,0 137.2279301,34.9508801,0 137.2279453,34.9508724,0 137.2279606,34.9508648,0 137.2279758,34.9508572,0 137.2279911,34.9508495,0 137.2280102,34.9508343,0 137.2280216,34.9508152,0 137.2280216,34.9507999,0 137.2280178,34.9507732,0 137.2280140,34.9507580,0 137.2280064,34.9507465,0 137.2280025,34.9507351,0 137.2279911,34.9507198,0 137.2279835,34.9507046,0 137.2279758,34.9506931,0 137.2279530,34.9506664,0 137.2279339,34.9506397,0 137.2279224,34.9506245,0 137.2279110,34.9506130,0 137.2278996,34.9506016,0 137.2278843,34.9505901,0 137.2278728,34.9505787,0 137.2278614,34.9505672,0 137.2278461,34.9505596,0 137.2278309,34.9505520,0 137.2278194,34.9505444,0 137.2278042,34.9505367,0 137.2277889,34.9505291,0 137.2277737,34.9505253,0 137.2277164,34.9505100,0 137.2276134,34.9504833,0 137.2275600,34.9504681,0 137.2275257,34.9504604,0 137.2275105,34.9504566,0 137.2274837,34.9504452,0 137.2274647,34.9504375,0 137.2274456,34.9504299,0 137.2274189,34.9504185,0 137.2274036,34.9504070,0 137.2273884,34.9503956,0 137.2273731,34.9503841,0 137.2273540,34.9503689,0 137.2273426,34.9503536,0 137.2273235,34.9503307,0 137.2273121,34.9503155,0 137.2272968,34.9502926,0 137.2272778,34.9502621,0 137.2272625,34.9502316,0 137.2272320,34.9501820,0 137.2272167,34.9501514,0 137.2272091,34.9501400,0 137.2271976,34.9501209,0 137.2271862,34.9501019,0 137.2271748,34.9500866,0 137.2271595,34.9500713,0 137.2271442,34.9500561,0 137.2271328,34.9500446,0 137.2271214,34.9500332,0 137.2271099,34.9500217,0 137.2270908,34.9500103,0 137.2270794,34.9499989,0 137.2270679,34.9499912,0 137.2270451,34.9499760,0 137.2270336,34.9499683,0 137.2270184,34.9499607,0 137.2269878,34.9499454,0 137.2269611,34.9499302,0 137.2269001,34.9498997,0 137.2268696,34.9498844,0 137.2268543,34.9498768,0 137.2268391,34.9498692,0 137.2268276,34.9498615,0 137.2268162,34.9498539,0 137.2268009,34.9498425,0 137.2267857,34.9498310,0 137.2267742,34.9498196,0 137.2267628,34.9498043,0 137.2267513,34.9497929,0 137.2267399,34.9497738,0 137.2267284,34.9497585,0 137.2267208,34.9497471,0 137.2267132,34.9497318,0 137.2267056,34.9497166,0 137.2266903,34.9496861,0 137.2266750,34.9496555,0 137.2266674,34.9496403,0 137.2266636,34.9496250,0 137.2266560,34.9496098,0 137.2266521,34.9495945,0 137.2266483,34.9495831,0 137.2266483,34.9495678,0 137.2266445,34.9495525,0 137.2266483,34.9495258,0 137.2266483,34.9495106,0 137.2266560,34.9494991,0 137.2266598,34.9494839,0 137.2266712,34.9494724,0 137.2266788,34.9494610,0 137.2266903,34.9494534,0 137.2267017,34.9494419,0 137.2267170,34.9494343,0 137.2267323,34.9494267,0 137.2267475,34.9494190,0 137.2267666,34.9494152,0 137.2268009,34.9494114,0 137.2268353,34.9494152,0 137.2268505,34.9494190,0 137.2268696,34.9494228,0 137.2268925,34.9494343,0 137.2269154,34.9494457,0 137.2269306,34.9494534,0 137.2269611,34.9494686,0 137.2270069,34.9494991,0 137.2270641,34.9495335,0 137.2270947,34.9495525,0 137.2271137,34.9495678,0 137.2271328,34.9495831,0 137.2271481,34.9495983,0 137.2271595,34.9496136,0 137.2271748,34.9496326,0 137.2271862,34.9496479,0 137.2271976,34.9496670,0 137.2272053,34.9496822,0</coordinates></LinearRing></outerBoundaryIs></Polygon></Placemark><Placemark><styleUrl>#minyu</styleUrl><Polygon><outerBoundaryIs><LinearRing><coordinates>137.2207279,34.9512844,0 137.2207012,34.9513226,0 137.2206936,34.9513378,0 137.2206821,34.9513569,0 137.2206707,34.9513798,0 137.2206593,34.9513988,0 137.2206516,34.9514179,0 137.2206478,34.9514332,0 137.2206440,34.9514523,0 137.2206478,34.9514713,0 137.2206554,34.9514828,0 137.2206631,34.9514942,0 137.2206783,34.9515057,0 137.2206974,34.9515171,0 137.2207584,34.9515438,0 137.2207851,34.9515591,0 137.2208004,34.9515667,0 137.2208157,34.9515743,0 137.2208385,34.9515896,0 137.2208538,34.9515972,0 137.2208691,34.9516087,0 137.2208843,34.9516201,0 137.2208996,34.9516315,0 137.2209110,34.9516430,0 137.2209263,34.9516544,0 137.2209377,34.9516659,0 137.2209492,34.9516773,0 137.2209682,34.9516964,0 137.2209835,34.9517117,0 137.2209988,34.9517307,0 137.2210178,34.9517574,0 137.2210407,34.9517879,0 137.2210712,34.9518299,0 137.2210979,34.9518757,0 137.2211170,34.9519024,0 137.2211285,34.9519176,0 137.2211361,34.9519329,0 137.2211437,34.9519482,0 137.2211514,34.9519672,0 137.2211552,34.9519825,0 137.2211590,34.9520054,0 137.2211590,34.9520206,0 137.2211552,34.9520512,0 137.2211514,34.9520664,0 137.2211437,34.9521008,0 137.2211399,34.9521198,0 137.2211399,34.9521351,0 137.2211437,34.9521503,0 137.2211514,34.9521618,0 137.2211590,34.9521732,0 137.2211742,34.9521847,0 137.2211933,34.9521923,0 137.2212238,34.9521999,0 137.2212467,34.9522038,0 137.2212963,34.9522038,0 137.2213306,34.9522038,0 137.2213650,34.9522038,0 137.2213993,34.9522038,0 137.2214336,34.9522038,0 137.2214680,34.9521999,0 137.2215023,34.9521961,0 137.2215176,34.9521923,0 137.2215328,34.9521885,0 137.2215481,34.9521847,0 137.2215748,34.9521770,0 137.2215900,34.9521694,0 137.2216015,34.9521618,0 137.2216320,34.9521465,0 137.2216434,34.9521389,0 137.2216625,34.9521313,0 137.2216816,34.9521198,0 137.2216969,34.9521160,0 137.2217159,34.9521084,0 137.2217312,34.9521046,0 137.2217655,34.9520931,0 137.2218304,34.9520702,0 137.2221508,34.9519749,0 137.2225246,34.9518681,0 137.2227116,34.9518108,0 137.2227459,34.9517994,0 137.2227612,34.9517956,0 137.2227802,34.9517918,0 137.2227955,34.9517879,0 137.2228184,34.9517841,0 137.2228451,34.9517841,0 137.2228756,34.9517841,0 137.2228947,34.9517879,0 137.2229176,34.9517956,0 137.2229404,34.9518070,0 137.2229557,34.9518185,0 137.2229710,34.9518299,0 137.2229824,34.9518452,0 137.2229939,34.9518566,0 137.2230015,34.9518719,0 137.2230053,34.9518871,0 137.2230091,34.9519062,0 137.2230129,34.9519253,0 137.2230167,34.9519405,0 137.2230167,34.9519596,0 137.2230206,34.9519939,0 137.2230244,34.9520817,0 137.2230282,34.9521160,0 137.2230282,34.9521503,0 137.2230320,34.9521694,0 137.2230358,34.9521847,0 137.2230358,34.9522038,0 137.2230396,34.9522190,0 137.2230434,34.9522343,0 137.2230549,34.9522686,0 137.2230625,34.9522991,0 137.2230663,34.9523182,0 137.2230778,34.9523487,0 137.2230854,34.9523640,0 137.2230892,34.9523792,0 137.2230968,34.9523945,0 137.2231045,34.9524059,0 137.2231197,34.9524250,0 137.2231312,34.9524403,0 137.2231770,34.9524822,0 137.2231884,34.9524937,0 137.2231998,34.9525051,0 137.2232227,34.9525280,0 137.2232418,34.9525509,0 137.2232609,34.9525776,0 137.2232761,34.9526005,0 137.2232838,34.9526119,0 137.2232952,34.9526272,0 137.2233028,34.9526424,0 137.2233105,34.9526577,0 137.2233257,34.9526882,0 137.2233410,34.9527149,0 137.2233524,34.9527454,0 137.2233715,34.9527912,0 137.2233829,34.9528217,0 137.2233906,34.9528446,0 137.2233944,34.9528637,0 137.2233982,34.9528790,0 137.2234020,34.9528942,0 137.2234058,34.9529095,0 137.2234097,34.9529400,0 137.2234135,34.9529552,0 137.2234135,34.9529819,0 137.2234173,34.9530048,0 137.2234173,34.9530201,0 137.2234173,34.9530354,0 137.2234173,34.9530506,0 137.2234173,34.9530659,0 137.2234135,34.9530811,0 137.2234135,34.9531078,0 137.2234097,34.9531231,0 137.2234058,34.9531384,0 137.2234020,34.9531498,0 137.2233982,34.9531651,0 137.2233944,34.9531765,0 137.2233906,34.9531918,0 137.2233868,34.9532070,0 137.2233791,34.9532223,0 137.2233715,34.9532375,0 137.2233601,34.9532604,0 137.2233448,34.9532909,0 137.2233372,34.9533062,0 137.2233295,34.9533176,0 137.2233181,34.9533405,0 137.2233028,34.9533558,0 137.2232952,34.9533710,0 137.2232838,34.9533825,0 137.2232723,34.9533978,0 137.2232494,34.9534245,0 137.2232265,34.9534473,0 137.2232037,34.9534740,0 137.2231808,34.9534969,0 137.2231426,34.9535275,0 137.2231197,34.9535503,0 137.2231007,34.9535656,0 137.2230892,34.9535732,0 137.2230701,34.9535885,0 137.2230587,34.9535961,0 137.2230282,34.9536152,0 137.2229977,34.9536381,0 137.2229671,34.9536572,0 137.2229443,34.9536724,0 137.2228985,34.9536953,0 137.2228527,34.9537220,0 137.2228222,34.9537373,0 137.2227917,34.9537525,0 137.2227764,34.9537601,0 137.2227612,34.9537678,0 137.2227421,34.9537716,0 137.2227268,34.9537754,0 137.2226963,34.9537868,0 137.2226353,34.9537945,0 137.2226200,34.9537983,0 137.2226048,34.9538021,0 137.2225895,34.9538059,0 137.2225704,34.9538136,0 137.2225552,34.9538174,0 137.2225246,34.9538326,0 137.2224903,34.9538479,0 137.2223148,34.9539318,0 137.2222691,34.9539585,0 137.2222538,34.9539661,0 137.2222385,34.9539738,0 137.2222233,34.9539814,0 137.2222118,34.9539928,0 137.2221966,34.9540081,0 137.2221851,34.9540234,0 137.2221775,34.9540386,0 137.2221699,34.9540577,0 137.2221699,34.9540730,0 137.2221699,34.9540920,0 137.2221699,34.9541073,0 137.2221699,34.9541264,0 137.2221699,34.9541416,0 137.2221737,34.9541607,0 137.2221775,34.9541874,0 137.2221889,34.9542294,0 137.2221928,34.9542522,0 137.2221928,34.9542751,0 137.2221966,34.9542904,0 137.2221966,34.9543056,0 137.2221966,34.9543209,0 137.2221966,34.9543514,0 137.2221966,34.9543667,0 137.2221928,34.9543934,0 137.2221928,34.9544277,0 137.2221889,34.9544582,0 137.2221813,34.9544926,0 137.2221813,34.9545078,0 137.2221775,34.9545269,0 137.2221737,34.9545460,0 137.2221699,34.9545612,0 137.2221584,34.9545956,0 137.2221508,34.9546299,0 137.2221432,34.9546452,0 137.2221317,34.9546795,0 137.2221279,34.9546947,0 137.2221165,34.9547215,0 137.2221127,34.9547329,0 137.2221050,34.9547443,0 137.2220974,34.9547596,0 137.2220898,34.9547749,0 137.2220631,34.9548168,0 137.2220554,34.9548321,0 137.2220478,34.9548473,0 137.2220402,34.9548588,0 137.2220364,34.9548740,0 137.2220325,34.9548931,0 137.2220364,34.9549198,0 137.2220440,34.9549313,0 137.2220516,34.9549389,0 137.2220631,34.9549503,0 137.2220745,34.9549580,0 137.2220898,34.9549656,0 137.2221050,34.9549770,0 137.2221203,34.9549847,0 137.2221394,34.9549885,0 137.2221699,34.9550037,0 137.2222233,34.9550228,0 137.2222538,34.9550381,0 137.2222996,34.9550533,0 137.2223492,34.9550686,0 137.2223988,34.9550877,0 137.2224140,34.9550915,0 137.2224255,34.9550991,0 137.2224407,34.9551067,0 137.2224598,34.9551182,0 137.2224751,34.9551296,0 137.2224865,34.9551373,0 137.2224979,34.9551487,0 137.2225094,34.9551640,0 137.2225208,34.9551830,0 137.2225285,34.9551945,0 137.2225361,34.9552097,0 137.2225399,34.9552250,0 137.2225475,34.9552364,0 137.2225513,34.9552479,0 137.2225552,34.9552708,0 137.2225590,34.9552822,0 137.2225590,34.9553013,0 137.2225628,34.9553394,0 137.2225628,34.9553547,0 137.2225666,34.9553776,0 137.2225704,34.9553928,0 137.2225780,34.9554081,0 137.2225857,34.9554234,0 137.2225971,34.9554386,0 137.2226124,34.9554577,0 137.2226200,34.9554653,0 137.2226315,34.9554729,0 137.2226429,34.9554806,0 137.2226543,34.9554882,0 137.2226734,34.9554958,0 137.2226925,34.9555073,0 137.2227077,34.9555149,0 137.2227421,34.9555264,0 137.2227726,34.9555378,0 137.2228069,34.9555531,0 137.2228413,34.9555645,0 137.2228565,34.9555683,0 137.2228756,34.9555721,0 137.2228909,34.9555798,0 137.2229099,34.9555798,0 137.2229252,34.9555836,0 137.2229519,34.9555836,0 137.2229748,34.9555759,0 137.2230015,34.9555645,0 137.2230129,34.9555531,0 137.2230282,34.9555454,0 137.2230396,34.9555340,0 137.2230511,34.9555225,0 137.2230663,34.9555111,0 137.2230778,34.9554996,0 137.2230892,34.9554882,0 137.2231007,34.9554768,0 137.2231121,34.9554653,0 137.2231197,34.9554501,0 137.2231312,34.9554386,0 137.2231388,34.9554272,0 137.2231464,34.9554005,0 137.2231464,34.9553852,0 137.2231426,34.9553661,0 137.2231388,34.9553509,0 137.2231312,34.9553356,0 137.2231236,34.9553204,0 137.2231159,34.9553051,0 137.2231083,34.9552860,0 137.2230968,34.9552708,0 137.2230854,34.9552517,0 137.2230663,34.9552250,0 137.2230473,34.9551983,0 137.2230282,34.9551716,0 137.2230091,34.9551525,0 137.2229862,34.9551258,0 137.2229519,34.9550838,0 137.2228947,34.9550190,0 137.2227840,34.9548969,0 137.2227612,34.9548702,0 137.2227497,34.9548588,0 137.2227421,34.9548435,0 137.2227306,34.9548321,0 137.2227230,34.9548206,0 137.2227154,34.9548054,0 137.2227077,34.9547901,0 137.2227039,34.9547672,0 137.2227039,34.9547520,0 137.2227039,34.9547329,0 137.2227077,34.9547215,0 137.2227116,34.9547100,0 137.2227154,34.9546986,0 137.2227268,34.9546833,0 137.2227383,34.9546680,0 137.2227497,34.9546490,0 137.2227650,34.9546375,0 137.2227764,34.9546261,0 137.2227879,34.9546146,0 137.2228146,34.9545879,0 137.2229481,34.9544735,0 137.2231045,34.9543324,0 137.2231464,34.9542980,0 137.2231579,34.9542866,0 137.2231731,34.9542789,0 137.2231884,34.9542675,0 137.2232075,34.9542561,0 137.2232227,34.9542446,0 137.2232494,34.9542294,0 137.2232952,34.9542027,0 137.2233410,34.9541798,0 137.2233715,34.9541645,0 137.2234020,34.9541492,0 137.2234173,34.9541454,0 137.2234364,34.9541340,0 137.2234554,34.9541302,0 137.2234707,34.9541264,0 137.2235050,34.9541187,0 137.2235279,34.9541149,0 137.2235470,34.9541149,0 137.2235622,34.9541111,0 137.2236004,34.9541111,0 137.2236881,34.9541073,0 137.2237568,34.9541073,0 137.2237911,34.9541073,0 137.2238178,34.9541073,0 137.2238407,34.9541111,0 137.2238598,34.9541149,0 137.2238789,34.9541187,0 137.2238979,34.9541264,0 137.2239132,34.9541302,0 137.2239246,34.9541378,0 137.2239399,34.9541454,0 137.2239552,34.9541569,0 137.2239666,34.9541645,0 137.2239819,34.9541759,0 137.2240086,34.9541950,0 137.2240353,34.9542179,0 137.2241116,34.9542789,0 137.2241573,34.9543171,0 137.2242260,34.9543781,0 137.2245083,34.9546223,0 137.2245350,34.9546452,0 137.2245655,34.9546680,0 137.2245846,34.9546871,0 137.2245998,34.9546986,0 137.2246418,34.9547253,0 137.2246799,34.9547558,0 137.2247105,34.9547749,0 137.2247219,34.9547825,0 137.2247372,34.9547939,0 137.2247524,34.9548016,0 137.2247677,34.9548092,0 137.2247868,34.9548168,0 137.2248211,34.9548283,0 137.2248402,34.9548359,0 137.2248592,34.9548473,0 137.2248745,34.9548550,0 137.2248898,34.9548664,0 137.2249050,34.9548779,0 137.2249203,34.9548969,0 137.2249317,34.9549122,0 137.2249355,34.9549274,0 137.2249393,34.9549427,0 137.2249432,34.9549656,0 137.2249393,34.9549809,0 137.2249393,34.9549961,0 137.2249355,34.9550343,0 137.2249355,34.9550533,0 137.2249355,34.9550724,0 137.2249393,34.9550877,0 137.2249432,34.9551067,0 137.2249470,34.9551220,0 137.2249546,34.9551563,0 137.2249660,34.9551907,0 137.2249813,34.9552441,0 137.2249966,34.9552975,0 137.2250080,34.9553318,0 137.2250195,34.9553661,0 137.2250538,34.9554653,0 137.2250652,34.9554996,0 137.2250729,34.9555340,0 137.2250805,34.9555531,0 137.2250843,34.9555721,0 137.2250919,34.9556065,0 137.2250957,34.9556370,0 137.2250996,34.9556561,0 137.2250996,34.9556828,0 137.2251034,34.9557171,0 137.2251072,34.9557476,0 137.2251072,34.9557972,0 137.2251110,34.9558315,0 137.2251110,34.9558659,0 137.2251110,34.9558926,0 137.2251072,34.9559231,0 137.2251072,34.9559383,0 137.2251034,34.9559498,0 137.2251034,34.9559650,0 137.2250996,34.9559803,0 137.2250957,34.9559956,0 137.2250843,34.9560337,0 137.2250576,34.9561176,0 137.2250538,34.9561367,0 137.2250500,34.9561520,0 137.2250462,34.9561710,0 137.2250423,34.9561901,0 137.2250385,34.9562054,0 137.2250385,34.9562283,0 137.2250423,34.9562397,0 137.2250462,34.9562626,0 137.2250500,34.9562740,0 137.2250576,34.9562855,0 137.2250652,34.9562969,0 137.2250767,34.9563084,0 137.2250957,34.9563198,0 137.2251186,34.9563236,0 137.2251492,34.9563236,0 137.2251644,34.9563198,0 137.2252178,34.9563084,0 137.2252445,34.9563046,0 137.2252674,34.9563046,0 137.2252941,34.9563046,0 137.2253170,34.9563046,0 137.2253323,34.9563084,0 137.2253513,34.9563122,0 137.2253666,34.9563160,0 137.2254009,34.9563236,0 137.2254353,34.9563313,0 137.2255688,34.9563656,0 137.2256184,34.9563770,0 137.2256527,34.9563885,0 137.2256718,34.9563923,0 137.2256870,34.9563961,0 137.2257099,34.9564075,0 137.2257328,34.9564190,0 137.2257519,34.9564266,0 137.2257671,34.9564381,0 137.2257900,34.9564571,0 137.2258053,34.9564686,0 137.2258320,34.9564915,0 137.2258701,34.9565296,0 137.2258930,34.9565525,0 137.2259083,34.9565639,0 137.2259274,34.9565792,0 137.2259426,34.9565907,0 137.2259541,34.9565983,0 137.2259693,34.9566059,0 137.2259808,34.9566135,0 137.2259998,34.9566250,0 137.2260265,34.9566326,0 137.2260418,34.9566364,0 137.2260571,34.9566402,0 137.2260838,34.9566441,0 137.2261028,34.9566441,0 137.2261295,34.9566402,0 137.2261448,34.9566326,0 137.2261562,34.9566250,0 137.2261677,34.9566135,0 137.2261791,34.9566059,0 137.2262096,34.9565792,0 137.2262211,34.9565716,0 137.2262363,34.9565601,0 137.2262516,34.9565525,0 137.2262630,34.9565411,0 137.2262783,34.9565372,0 137.2262936,34.9565334,0 137.2263126,34.9565296,0 137.2263317,34.9565258,0 137.2263622,34.9565296,0 137.2263966,34.9565334,0 137.2264309,34.9565449,0 137.2264462,34.9565525,0 137.2264614,34.9565563,0 137.2265263,34.9565830,0 137.2265415,34.9565907,0 137.2265644,34.9565983,0 137.2265835,34.9566059,0 137.2265987,34.9566097,0 137.2266331,34.9566212,0 137.2266674,34.9566288,0 137.2267017,34.9566364,0 137.2267208,34.9566402,0 137.2267513,34.9566479,0 137.2268009,34.9566517,0 137.2268353,34.9566555,0 137.2268772,34.9566593,0 137.2269192,34.9566593,0 137.2269459,34.9566593,0 137.2269726,34.9566631,0 137.2269917,34.9566708,0 137.2270107,34.9566746,0 137.2270336,34.9566860,0 137.2270451,34.9566936,0 137.2270565,34.9567013,0 137.2270679,34.9567089,0 137.2270794,34.9567204,0 137.2270947,34.9567356,0 137.2271328,34.9567776,0 137.2271442,34.9567890,0 137.2271709,34.9568119,0 137.2272053,34.9568501,0 137.2272282,34.9568729,0 137.2272549,34.9568920,0 137.2272816,34.9569149,0 137.2272930,34.9569263,0 137.2273121,34.9569416,0 137.2273273,34.9569530,0 137.2273426,34.9569607,0 137.2273540,34.9569721,0 137.2273731,34.9569836,0 137.2273922,34.9569950,0 137.2274075,34.9569988,0 137.2274189,34.9570065,0 137.2274342,34.9570103,0 137.2274532,34.9570179,0 137.2274723,34.9570217,0 137.2274876,34.9570255,0 137.2275028,34.9570293,0 137.2275181,34.9570332,0 137.2275486,34.9570332,0 137.2275639,34.9570370,0 137.2275944,34.9570370,0 137.2276478,34.9570332,0 137.2276745,34.9570370,0 137.2276936,34.9570370,0 137.2277088,34.9570408,0 137.2277241,34.9570446,0 137.2277508,34.9570560,0 137.2277660,34.9570637,0 137.2277813,34.9570751,0 137.2278042,34.9570904,0 137.2278156,34.9571018,0 137.2278271,34.9571095,0 137.2278385,34.9571209,0 137.2278461,34.9571323,0 137.2278576,34.9571438,0 137.2278690,34.9571590,0 137.2278843,34.9571781,0 137.2278957,34.9572010,0 137.2279034,34.9572163,0 137.2279186,34.9572468,0 137.2279339,34.9572773,0 137.2279911,34.9574070,0 137.2280521,34.9575329,0 137.2280674,34.9575672,0 137.2280788,34.9575977,0 137.2280941,34.9576283,0 137.2281017,34.9576473,0 137.2281055,34.9576626,0 137.2281094,34.9576778,0 137.2281132,34.9576931,0 137.2281284,34.9577465,0 137.2281322,34.9577770,0 137.2281399,34.9577923,0 137.2281475,34.9578152,0 137.2281513,34.9578304,0 137.2281590,34.9578457,0 137.2281666,34.9578648,0 137.2281742,34.9578800,0 137.2281818,34.9578953,0 137.2281933,34.9579182,0 137.2282047,34.9579334,0 137.2282124,34.9579449,0 137.2282314,34.9579716,0 137.2282429,34.9579868,0 137.2282619,34.9580135,0 137.2282848,34.9580402,0 137.2283001,34.9580631,0 137.2283268,34.9580898,0 137.2283497,34.9581165,0 137.2283726,34.9581394,0 137.2283878,34.9581547,0 137.2284031,34.9581699,0 137.2284222,34.9581814,0 137.2284336,34.9581928,0 137.2284489,34.9582043,0 137.2284756,34.9582233,0 137.2285404,34.9582653,0 137.2285557,34.9582806,0 137.2285709,34.9582920,0 137.2285824,34.9583035,0 137.2285938,34.9583187,0 137.2286015,34.9583302,0 137.2286053,34.9583454,0 137.2286091,34.9583569,0 137.2286129,34.9583721,0 137.2286129,34.9583988,0 137.2286091,34.9584103,0 137.2286053,34.9584255,0 137.2285976,34.9584408,0 137.2285824,34.9584599,0 137.2285709,34.9584751,0 137.2285595,34.9584866,0 137.2285442,34.9584942,0 137.2285328,34.9585056,0 137.2285175,34.9585133,0 137.2285023,34.9585209,0 137.2284870,34.9585285,0 137.2284679,34.9585400,0 137.2284489,34.9585438,0 137.2284336,34.9585514,0 137.2284107,34.9585552,0 137.2283916,34.9585552,0 137.2283764,34.9585590,0 137.2283459,34.9585590,0 137.2283268,34.9585590,0 137.2282925,34.9585552,0 137.2282581,34.9585514,0 137.2282276,34.9585476,0 137.2282047,34.9585438,0 137.2281857,34.9585400,0 137.2281666,34.9585361,0 137.2281361,34.9585285,0 137.2281017,34.9585171,0 137.2280712,34.9585056,0 137.2280560,34.9585018,0 137.2280369,34.9584942,0 137.2280140,34.9584827,0 137.2280025,34.9584751,0 137.2279873,34.9584675,0 137.2279720,34.9584599,0 137.2279606,34.9584484,0 137.2279491,34.9584408,0 137.2279301,34.9584255,0 137.2279110,34.9584026,0 137.2278996,34.9583836,0 137.2278919,34.9583683,0 137.2278843,34.9583530,0 137.2278843,34.9583378,0 137.2278690,34.9582806,0 137.2278652,34.9582653,0 137.2278576,34.9582500,0 137.2278538,34.9582310,0 137.2278461,34.9582157,0 137.2278309,34.9581852,0 137.2278233,34.9581699,0 137.2278080,34.9581394,0 137.2277889,34.9581051,0 137.2277622,34.9580593,0 137.2277431,34.9580326,0 137.2277279,34.9580097,0 137.2277088,34.9579830,0 137.2276859,34.9579563,0 137.2276554,34.9579144,0 137.2275562,34.9577961,0 137.2275219,34.9577541,0 137.2275028,34.9577312,0 137.2274914,34.9577198,0 137.2274799,34.9577084,0 137.2274685,34.9576969,0 137.2274570,34.9576893,0 137.2274456,34.9576817,0 137.2274303,34.9576740,0 137.2274075,34.9576664,0 137.2273846,34.9576702,0 137.2273617,34.9576817,0 137.2273426,34.9576969,0 137.2273312,34.9577084,0 137.2273197,34.9577198,0 137.2273083,34.9577351,0 137.2273006,34.9577503,0 137.2272892,34.9577656,0 137.2272701,34.9577961,0 137.2272205,34.9578953,0 137.2271938,34.9579411,0 137.2271862,34.9579563,0 137.2271786,34.9579754,0 137.2271709,34.9579906,0 137.2271671,34.9580059,0 137.2271633,34.9580212,0 137.2271595,34.9580402,0 137.2271595,34.9580593,0 137.2271633,34.9580708,0 137.2271709,34.9580822,0 137.2271786,34.9580936,0 137.2271900,34.9581051,0 137.2272053,34.9581165,0 137.2272167,34.9581280,0 137.2272320,34.9581394,0 137.2272587,34.9581585,0 137.2274036,34.9582615,0 137.2275715,34.9583836,0 137.2276287,34.9584255,0 137.2276592,34.9584446,0 137.2276783,34.9584560,0 137.2276974,34.9584675,0 137.2277241,34.9584866,0 137.2277851,34.9585209,0 137.2278156,34.9585400,0 137.2278309,34.9585476,0 137.2278461,34.9585590,0 137.2278576,34.9585667,0 137.2278690,34.9585781,0 137.2278843,34.9585934,0 137.2278957,34.9586086,0 137.2279110,34.9586277,0 137.2279186,34.9586391,0 137.2279377,34.9586697,0 137.2279682,34.9587154,0 137.2280407,34.9588375,0 137.2280598,34.9588757,0 137.2280750,34.9589024,0 137.2280827,34.9589176,0 137.2280903,34.9589291,0 137.2280941,34.9589443,0 137.2281017,34.9589634,0 137.2281055,34.9589787,0 137.2281094,34.9589939,0 137.2281132,34.9590244,0 137.2281132,34.9590397,0 137.2281132,34.9590588,0 137.2281094,34.9590740,0 137.2281094,34.9590931,0 137.2281055,34.9591274,0 137.2280903,34.9592457,0 137.2280827,34.9592991,0 137.2280827,34.9593143,0 137.2280788,34.9593334,0 137.2280750,34.9593487,0 137.2280712,34.9593639,0 137.2280636,34.9593792,0 137.2280598,34.9593906,0 137.2280560,34.9594021,0 137.2280445,34.9594173,0 137.2280331,34.9594364,0 137.2280216,34.9594440,0 137.2280064,34.9594555,0 137.2279911,34.9594669,0 137.2279758,34.9594746,0 137.2279606,34.9594784,0 137.2279453,34.9594822,0 137.2279148,34.9594898,0 137.2278881,34.9594936,0 137.2278576,34.9594975,0 137.2278080,34.9595013,0 137.2277927,34.9595051,0 137.2277622,34.9595089,0 137.2277470,34.9595127,0 137.2277164,34.9595165,0 137.2277012,34.9595203,0 137.2276859,34.9595280,0 137.2276707,34.9595318,0 137.2276402,34.9595432,0 137.2276249,34.9595547,0 137.2276134,34.9595623,0 137.2276020,34.9595699,0 137.2275829,34.9595852,0 137.2275677,34.9595928,0 137.2275562,34.9596043,0 137.2275333,34.9596272,0 137.2275105,34.9596500,0 137.2274952,34.9596653,0 137.2274723,34.9596958,0 137.2274380,34.9597340,0 137.2273388,34.9598598,0 137.2273083,34.9599018,0 137.2272854,34.9599285,0 137.2272739,34.9599438,0 137.2272663,34.9599590,0 137.2272549,34.9599743,0 137.2272472,34.9599934,0 137.2272358,34.9600124,0 137.2272320,34.9600277,0 137.2272282,34.9600430,0 137.2272243,34.9600582,0 137.2272053,34.9601421,0 137.2272015,34.9601574,0 137.2271938,34.9601841,0 137.2271862,34.9602108,0 137.2271824,34.9602261,0 137.2271748,34.9602413,0 137.2271709,34.9602528,0 137.2271633,34.9602680,0 137.2271557,34.9602833,0 137.2271481,34.9602985,0 137.2271290,34.9603176,0 137.2271175,34.9603291,0 137.2271061,34.9603367,0 137.2270947,34.9603443,0 137.2270832,34.9603519,0 137.2270718,34.9603596,0 137.2270565,34.9603634,0 137.2270412,34.9603710,0 137.2270260,34.9603748,0 137.2270107,34.9603825,0 137.2269955,34.9603863,0 137.2269802,34.9603901,0 137.2269650,34.9603939,0 137.2269497,34.9603977,0 137.2269154,34.9604015,0 137.2268887,34.9604015,0 137.2268696,34.9604015,0 137.2268162,34.9604015,0 137.2267628,34.9603977,0 137.2266750,34.9603901,0 137.2266216,34.9603863,0 137.2265873,34.9603825,0 137.2264271,34.9603672,0 137.2263737,34.9603634,0 137.2263355,34.9603596,0 137.2263012,34.9603596,0 137.2262669,34.9603596,0 137.2262325,34.9603596,0 137.2261791,34.9603596,0 137.2260075,34.9603672,0 137.2258434,34.9603786,0 137.2257900,34.9603786,0 137.2257557,34.9603825,0 137.2257214,34.9603863,0 137.2256870,34.9603901,0 137.2256641,34.9603939,0 137.2256451,34.9603939,0 137.2256222,34.9603939,0 137.2256031,34.9603939,0 137.2255688,34.9603901,0 137.2255344,34.9603863,0 137.2253933,34.9603710,0 137.2253246,34.9603634,0 137.2252903,34.9603596,0 137.2252712,34.9603596,0 137.2252560,34.9603558,0 137.2252331,34.9603519,0 137.2252140,34.9603443,0 137.2251949,34.9603367,0 137.2251797,34.9603329,0 137.2251530,34.9603214,0 137.2251225,34.9603062,0 137.2251034,34.9602947,0 137.2250805,34.9602833,0 137.2250614,34.9602680,0 137.2250500,34.9602604,0 137.2250385,34.9602489,0 137.2250118,34.9602261,0 137.2250004,34.9602184,0 137.2249889,34.9602070,0 137.2249775,34.9601955,0 137.2249699,34.9601841,0 137.2249584,34.9601688,0 137.2249050,34.9601040,0 137.2248898,34.9600849,0 137.2248745,34.9600697,0 137.2248631,34.9600582,0 137.2248363,34.9600315,0 137.2248135,34.9600086,0 137.2247868,34.9599819,0 137.2247639,34.9599590,0 137.2247372,34.9599323,0 137.2247105,34.9599094,0 137.2246990,34.9599018,0 137.2246838,34.9598904,0 137.2246647,34.9598751,0 137.2246113,34.9598331,0 137.2245922,34.9598141,0 137.2245770,34.9598026,0 137.2245617,34.9597836,0 137.2245502,34.9597683,0 137.2245388,34.9597530,0 137.2245312,34.9597340,0 137.2245235,34.9597149,0 137.2245159,34.9596996,0 137.2245045,34.9596653,0 137.2244930,34.9596310,0 137.2244892,34.9596157,0 137.2244854,34.9595966,0 137.2244778,34.9595814,0 137.2244740,34.9595623,0 137.2244701,34.9595470,0 137.2244701,34.9595318,0 137.2244701,34.9595165,0 137.2244701,34.9594975,0 137.2244701,34.9594746,0 137.2244740,34.9594631,0 137.2244778,34.9594517,0 137.2244816,34.9594364,0 137.2244892,34.9594173,0 137.2244930,34.9594021,0 137.2245083,34.9593716,0 137.2245235,34.9593372,0 137.2245731,34.9592228,0 137.2246456,34.9590626,0 137.2246685,34.9590130,0 137.2246838,34.9589825,0 137.2246990,34.9589481,0 137.2247868,34.9587765,0 137.2248020,34.9587421,0 137.2248173,34.9587116,0 137.2248287,34.9586773,0 137.2248363,34.9586620,0 137.2248478,34.9586315,0 137.2248745,34.9585667,0 137.2248859,34.9585361,0 137.2248936,34.9585209,0 137.2249050,34.9585018,0 137.2249126,34.9584827,0 137.2249279,34.9584637,0 137.2249432,34.9584484,0 137.2249546,34.9584370,0 137.2249737,34.9584255,0 137.2249851,34.9584141,0 137.2249966,34.9584064,0 137.2250080,34.9583988,0 137.2250233,34.9583912,0 137.2250347,34.9583836,0 137.2250538,34.9583759,0 137.2250729,34.9583683,0 137.2250919,34.9583607,0 137.2251110,34.9583569,0 137.2251263,34.9583530,0 137.2251415,34.9583492,0 137.2251720,34.9583492,0 137.2251987,34.9583492,0 137.2252293,34.9583607,0 137.2252445,34.9583645,0 137.2252560,34.9583721,0 137.2252712,34.9583836,0 137.2252827,34.9583912,0 137.2252941,34.9584026,0 137.2253056,34.9584103,0 137.2253132,34.9584217,0 137.2253361,34.9584484,0 137.2253513,34.9584599,0 137.2253628,34.9584713,0 137.2253780,34.9584827,0 137.2254009,34.9584942,0 137.2254276,34.9584980,0 137.2254620,34.9584980,0 137.2254963,34.9584980,0 137.2255116,34.9584942,0 137.2255306,34.9584904,0 137.2255459,34.9584866,0 137.2255650,34.9584827,0 137.2255802,34.9584789,0 137.2255993,34.9584751,0 137.2256184,34.9584675,0 137.2256374,34.9584599,0 137.2256489,34.9584522,0 137.2256603,34.9584446,0 137.2256718,34.9584370,0 137.2256832,34.9584255,0 137.2256985,34.9584103,0 137.2257061,34.9583988,0 137.2257328,34.9583569,0 137.2257442,34.9583416,0 137.2257519,34.9583302,0 137.2257671,34.9583225,0 137.2257748,34.9583111,0 137.2257862,34.9583035,0 137.2257977,34.9582958,0 137.2258091,34.9582882,0 137.2258358,34.9582806,0 137.2258625,34.9582729,0 137.2258892,34.9582729,0 137.2259083,34.9582767,0 137.2259274,34.9582806,0 137.2259464,34.9582844,0 137.2259617,34.9582920,0 137.2259731,34.9582996,0 137.2259884,34.9583073,0 137.2260036,34.9583225,0 137.2260151,34.9583340,0 137.2260189,34.9583454,0 137.2260265,34.9583569,0 137.2260342,34.9583721,0 137.2260380,34.9583874,0 137.2260418,34.9584026,0 137.2260456,34.9584217,0 137.2260456,34.9584484,0 137.2260456,34.9584637,0 137.2260418,34.9584751,0 137.2260380,34.9585056,0 137.2260265,34.9585476,0 137.2260227,34.9585629,0 137.2260265,34.9585743,0 137.2260418,34.9586010,0 137.2260571,34.9586086,0 137.2260838,34.9586086,0 137.2261105,34.9586010,0 137.2261257,34.9585972,0 137.2261372,34.9585896,0 137.2261562,34.9585819,0 137.2261677,34.9585705,0 137.2261829,34.9585552,0 137.2261982,34.9585438,0 137.2262096,34.9585323,0 137.2262211,34.9585171,0 137.2262440,34.9584904,0 137.2262783,34.9584484,0 137.2263203,34.9583912,0 137.2263432,34.9583645,0 137.2263622,34.9583340,0 137.2263699,34.9583187,0 137.2263813,34.9583035,0 137.2263889,34.9582920,0 137.2263966,34.9582767,0 137.2264042,34.9582615,0 137.2264080,34.9582462,0 137.2264233,34.9582119,0 137.2264347,34.9581776,0 137.2264996,34.9579983,0 137.2265110,34.9579639,0 137.2265224,34.9579334,0 137.2265301,34.9579029,0 137.2265377,34.9578876,0 137.2265377,34.9578724,0 137.2265415,34.9578571,0 137.2265415,34.9578419,0 137.2265415,34.9578190,0 137.2265377,34.9578075,0 137.2265301,34.9577847,0 137.2265186,34.9577732,0 137.2265072,34.9577618,0 137.2264957,34.9577503,0 137.2264805,34.9577389,0 137.2264690,34.9577274,0 137.2264385,34.9577084,0 137.2262783,34.9575939,0 137.2260876,34.9574566,0 137.2257710,34.9572277,0 137.2255802,34.9570904,0 137.2255535,34.9570675,0 137.2255383,34.9570599,0 137.2255230,34.9570484,0 137.2255077,34.9570408,0 137.2254925,34.9570293,0 137.2254772,34.9570217,0 137.2254505,34.9570103,0 137.2254353,34.9570065,0 137.2254047,34.9570026,0 137.2253742,34.9569988,0 137.2252674,34.9569836,0 137.2252140,34.9569759,0 137.2251987,34.9569721,0 137.2251720,34.9569683,0 137.2251492,34.9569645,0 137.2251301,34.9569569,0 137.2250957,34.9569492,0 137.2250614,34.9569378,0 137.2248974,34.9568844,0 137.2247639,34.9568462,0 137.2247295,34.9568348,0 137.2246952,34.9568233,0 137.2246799,34.9568157,0 137.2246647,34.9568119,0 137.2246456,34.9568005,0 137.2246265,34.9567928,0 137.2246113,34.9567814,0 137.2245960,34.9567738,0 137.2245846,34.9567623,0 137.2245731,34.9567547,0 137.2245617,34.9567432,0 137.2245502,34.9567280,0 137.2245388,34.9567165,0 137.2245312,34.9567051,0 137.2245197,34.9566898,0 137.2245121,34.9566746,0 137.2244778,34.9566174,0 137.2244663,34.9566021,0 137.2244511,34.9565830,0 137.2244434,34.9565678,0 137.2244320,34.9565563,0 137.2244205,34.9565449,0 137.2244091,34.9565334,0 137.2243977,34.9565220,0 137.2243786,34.9565105,0 137.2243633,34.9564991,0 137.2243481,34.9564915,0 137.2243328,34.9564838,0 137.2243023,34.9564648,0 137.2241459,34.9563847,0 137.2239895,34.9563007,0 137.2239437,34.9562778,0 137.2239094,34.9562626,0 137.2238865,34.9562511,0 137.2238674,34.9562435,0 137.2238331,34.9562321,0 137.2237988,34.9562206,0 137.2237492,34.9562054,0 137.2233372,34.9560833,0 137.2227001,34.9558887,0 137.2220173,34.9556904,0 137.2216930,34.9555950,0 137.2216244,34.9555759,0 137.2215900,34.9555645,0 137.2215672,34.9555569,0 137.2215405,34.9555454,0 137.2214909,34.9555264,0 137.2214451,34.9555073,0 137.2213955,34.9554882,0 137.2213650,34.9554768,0 137.2213383,34.9554653,0 137.2212734,34.9554348,0 137.2211170,34.9553623,0 137.2210522,34.9553318,0 137.2210140,34.9553127,0 137.2209759,34.9552898,0 137.2209454,34.9552746,0 137.2207470,34.9551563,0 137.2206707,34.9551105,0 137.2206402,34.9550953,0 137.2206249,34.9550838,0 137.2205944,34.9550648,0 137.2205677,34.9550457,0 137.2205410,34.9550266,0 137.2204990,34.9549961,0 137.2204723,34.9549770,0 137.2204456,34.9549541,0 137.2204342,34.9549427,0 137.2204075,34.9549198,0 137.2203541,34.9548740,0 137.2202892,34.9548168,0 137.2202625,34.9547901,0 137.2202511,34.9547787,0 137.2202244,34.9547558,0 137.2202015,34.9547329,0 137.2201786,34.9547062,0 137.2200527,34.9545689,0 137.2198734,34.9543705,0 137.2198238,34.9543209,0 137.2198009,34.9542942,0 137.2197857,34.9542789,0 137.2197590,34.9542561,0 137.2197094,34.9542065,0 137.2195835,34.9540882,0 137.2195454,34.9540539,0 137.2195187,34.9540272,0 137.2195072,34.9540195,0 137.2194920,34.9540081,0 137.2194767,34.9539967,0 137.2194653,34.9539852,0 137.2194500,34.9539776,0 137.2194233,34.9539585,0 137.2193928,34.9539433,0 137.2193775,34.9539318,0 137.2193623,34.9539242,0 137.2193470,34.9539165,0 137.2193317,34.9539127,0 137.2193012,34.9538975,0 137.2192364,34.9538708,0 137.2191257,34.9538288,0 137.2190456,34.9537983,0 137.2188168,34.9537144,0 137.2187672,34.9536953,0 137.2187443,34.9536839,0 137.2187138,34.9536724,0 137.2186642,34.9536533,0 137.2186337,34.9536381,0 137.2185993,34.9536228,0 137.2185841,34.9536152,0 137.2185688,34.9536076,0 137.2185535,34.9535999,0 137.2185421,34.9535923,0 137.2185307,34.9535847,0 137.2185192,34.9535732,0 137.2185078,34.9535618,0 137.2184963,34.9535503,0 137.2184925,34.9535389,0 137.2184849,34.9535236,0 137.2184811,34.9535122,0 137.2184772,34.9534969,0 137.2184734,34.9534817,0 137.2184772,34.9534664,0 137.2184849,34.9534435,0 137.2184887,34.9534283,0 137.2185001,34.9534092,0 137.2185116,34.9533939,0 137.2185268,34.9533825,0 137.2185383,34.9533672,0 137.2185535,34.9533558,0 137.2185650,34.9533482,0 137.2185802,34.9533367,0 137.2185955,34.9533253,0 137.2186108,34.9533176,0 137.2186260,34.9533062,0 137.2186413,34.9532986,0 137.2186527,34.9532909,0 137.2186794,34.9532833,0 137.2186947,34.9532795,0 137.2187176,34.9532719,0 137.2187328,34.9532681,0 137.2187557,34.9532681,0 137.2187901,34.9532681,0 137.2188091,34.9532681,0 137.2188625,34.9532681,0 137.2189846,34.9532757,0 137.2191486,34.9532833,0 137.2192020,34.9532871,0 137.2192402,34.9532909,0 137.2192745,34.9532948,0 137.2193279,34.9533024,0 137.2193966,34.9533100,0 137.2194309,34.9533176,0 137.2194500,34.9533215,0 137.2194653,34.9533253,0 137.2194805,34.9533291,0 137.2194996,34.9533329,0 137.2195148,34.9533405,0 137.2195415,34.9533520,0 137.2195568,34.9533634,0 137.2195683,34.9533749,0 137.2195797,34.9533863,0 137.2195873,34.9533939,0 137.2195911,34.9534054,0 137.2195988,34.9534206,0 137.2196026,34.9534321,0 137.2196064,34.9534435,0 137.2196064,34.9534588,0 137.2196064,34.9534740,0 137.2196064,34.9534893,0 137.2196026,34.9535122,0 137.2195988,34.9535275,0 137.2195911,34.9535465,0 137.2195835,34.9535770,0 137.2195530,34.9536648,0 137.2195415,34.9536991,0 137.2195339,34.9537144,0 137.2195301,34.9537296,0 137.2195263,34.9537487,0 137.2195225,34.9537640,0 137.2195225,34.9537830,0 137.2195263,34.9538059,0 137.2195339,34.9538212,0 137.2195492,34.9538364,0 137.2195606,34.9538441,0 137.2195797,34.9538441,0 137.2195950,34.9538479,0 137.2196522,34.9538479,0 137.2196789,34.9538479,0 137.2196980,34.9538517,0 137.2197170,34.9538517,0 137.2197361,34.9538555,0 137.2197666,34.9538631,0 137.2197971,34.9538708,0 137.2198124,34.9538746,0 137.2198315,34.9538784,0 137.2198467,34.9538822,0 137.2198620,34.9538898,0 137.2198811,34.9538975,0 137.2199039,34.9539089,0 137.2199230,34.9539204,0 137.2199383,34.9539318,0 137.2199535,34.9539433,0 137.2199726,34.9539623,0 137.2199879,34.9539738,0 137.2200031,34.9539890,0 137.2200146,34.9540043,0 137.2200222,34.9540157,0 137.2200451,34.9540424,0 137.2200642,34.9540691,0 137.2200832,34.9540958,0 137.2200947,34.9541149,0 137.2201061,34.9541378,0 137.2201328,34.9541836,0 137.2201405,34.9541988,0 137.2201519,34.9542141,0 137.2201595,34.9542294,0 137.2201710,34.9542408,0 137.2201786,34.9542522,0 137.2201977,34.9542675,0 137.2202091,34.9542789,0 137.2202206,34.9542866,0 137.2202320,34.9542942,0 137.2202473,34.9543056,0 137.2202625,34.9543133,0 137.2202892,34.9543285,0 137.2203236,34.9543476,0 137.2203541,34.9543629,0 137.2203808,34.9543781,0 137.2204266,34.9543972,0 137.2204609,34.9544125,0 137.2204762,34.9544163,0 137.2204914,34.9544239,0 137.2205067,34.9544277,0 137.2205257,34.9544315,0 137.2205410,34.9544353,0 137.2205753,34.9544430,0 137.2206287,34.9544506,0 137.2207127,34.9544659,0 137.2207470,34.9544735,0 137.2207813,34.9544773,0 137.2208004,34.9544811,0 137.2208347,34.9544849,0 137.2208652,34.9544849,0 137.2208805,34.9544811,0 137.2209034,34.9544735,0 137.2209148,34.9544659,0 137.2209301,34.9544582,0 137.2209415,34.9544506,0 137.2209568,34.9544392,0 137.2209682,34.9544277,0 137.2209797,34.9544163,0 137.2210026,34.9543934,0 137.2210407,34.9543552,0 137.2210636,34.9543324,0 137.2210751,34.9543171,0 137.2210827,34.9543056,0 137.2210941,34.9542904,0 137.2211018,34.9542789,0 137.2211094,34.9542637,0 137.2211170,34.9542484,0 137.2211246,34.9542332,0 137.2211285,34.9542217,0 137.2211361,34.9542065,0 137.2211399,34.9541912,0 137.2211437,34.9541607,0 137.2211475,34.9541454,0 137.2211475,34.9541264,0 137.2211475,34.9541111,0 137.2211475,34.9540920,0 137.2211475,34.9540768,0 137.2211475,34.9540539,0 137.2211437,34.9540348,0 137.2211437,34.9540195,0 137.2211361,34.9539852,0 137.2211361,34.9539700,0 137.2211323,34.9539509,0 137.2211246,34.9539318,0 137.2211208,34.9539127,0 137.2211170,34.9539013,0 137.2211094,34.9538822,0 137.2210979,34.9538670,0 137.2210903,34.9538517,0 137.2210827,34.9538364,0 137.2210751,34.9538212,0 137.2210636,34.9538059,0 137.2210522,34.9537907,0 137.2210369,34.9537716,0 137.2210255,34.9537601,0 137.2210140,34.9537487,0 137.2210026,34.9537373,0 137.2209835,34.9537258,0 137.2209644,34.9537144,0 137.2209530,34.9537029,0 137.2209377,34.9536953,0 137.2209225,34.9536877,0 137.2209110,34.9536800,0 137.2208958,34.9536724,0 137.2208729,34.9536648,0 137.2208614,34.9536572,0 137.2208347,34.9536457,0 137.2208118,34.9536381,0 137.2207775,34.9536266,0 137.2207127,34.9536076,0 137.2206478,34.9535847,0 137.2206173,34.9535770,0 137.2205982,34.9535732,0 137.2205753,34.9535656,0 137.2205601,34.9535618,0 137.2205257,34.9535542,0 137.2204723,34.9535465,0 137.2203693,34.9535275,0 137.2203350,34.9535198,0 137.2203159,34.9535160,0 137.2203007,34.9535122,0 137.2202778,34.9535046,0 137.2202587,34.9534969,0 137.2202358,34.9534855,0 137.2202244,34.9534779,0 137.2202129,34.9534702,0 137.2202015,34.9534588,0 137.2201900,34.9534435,0 137.2201786,34.9534283,0 137.2201710,34.9534130,0 137.2201672,34.9534016,0 137.2201633,34.9533863,0 137.2201633,34.9533634,0 137.2201633,34.9533443,0 137.2201633,34.9533291,0 137.2201633,34.9533100,0 137.2201672,34.9532909,0 137.2201710,34.9532566,0 137.2201862,34.9531307,0 137.2201939,34.9530773,0 137.2201977,34.9530392,0 137.2202015,34.9530048,0 137.2202015,34.9529705,0 137.2202015,34.9529552,0 137.2202015,34.9529400,0 137.2202015,34.9529209,0 137.2202015,34.9529057,0 137.2201977,34.9528790,0 137.2201900,34.9528637,0 137.2201786,34.9528522,0 137.2201595,34.9528446,0 137.2201328,34.9528446,0 137.2201061,34.9528561,0 137.2200947,34.9528637,0 137.2200832,34.9528713,0 137.2200718,34.9528790,0 137.2200603,34.9528904,0 137.2200260,34.9529171,0 137.2200146,34.9529247,0 137.2199993,34.9529362,0 137.2199841,34.9529476,0 137.2199688,34.9529514,0 137.2199535,34.9529591,0 137.2199383,34.9529629,0 137.2199230,34.9529667,0 137.2198925,34.9529705,0 137.2198734,34.9529667,0 137.2198467,34.9529629,0 137.2198315,34.9529591,0 137.2198086,34.9529476,0 137.2197971,34.9529400,0 137.2197819,34.9529285,0 137.2197704,34.9529171,0 137.2197552,34.9528980,0 137.2197475,34.9528828,0 137.2197437,34.9528713,0 137.2197399,34.9528599,0 137.2197399,34.9528446,0 137.2197399,34.9528294,0 137.2197437,34.9528027,0 137.2197475,34.9527836,0 137.2197514,34.9527683,0 137.2197552,34.9527531,0 137.2197628,34.9527340,0 137.2197666,34.9527187,0 137.2197819,34.9526882,0 137.2197971,34.9526501,0 137.2198277,34.9525890,0 137.2198429,34.9525585,0 137.2198505,34.9525433,0 137.2198582,34.9525166,0 137.2198620,34.9525013,0 137.2198696,34.9524860,0 137.2198772,34.9524555,0 137.2198887,34.9524059,0 137.2198963,34.9523716,0 137.2199001,34.9523563,0 137.2199078,34.9523258,0 137.2199116,34.9523067,0 137.2199116,34.9522915,0 137.2199154,34.9522572,0 137.2199192,34.9522038,0 137.2199192,34.9521008,0 137.2199230,34.9520512,0 137.2199268,34.9520168,0 137.2199268,34.9519825,0 137.2199306,34.9519634,0 137.2199345,34.9519482,0 137.2199345,34.9519329,0 137.2199421,34.9518986,0 137.2199535,34.9518490,0 137.2199612,34.9518147,0 137.2199612,34.9517994,0 137.2199650,34.9517841,0 137.2199650,34.9517651,0 137.2199650,34.9517498,0 137.2199612,34.9517307,0 137.2199612,34.9517155,0 137.2199574,34.9516964,0 137.2199535,34.9516811,0 137.2199421,34.9516468,0 137.2199345,34.9516125,0 137.2198772,34.9514256,0 137.2198658,34.9513912,0 137.2198582,34.9513569,0 137.2198544,34.9513416,0 137.2198505,34.9513226,0 137.2198467,34.9513073,0 137.2198467,34.9512920,0 137.2198467,34.9512653,0 137.2198505,34.9512539,0 137.2198544,34.9512386,0 137.2198620,34.9512272,0 137.2198734,34.9512081,0 137.2198811,34.9511929,0 137.2198963,34.9511814,0 137.2199116,34.9511700,0 137.2199230,34.9511623,0 137.2199421,34.9511547,0 137.2199574,34.9511471,0 137.2199726,34.9511395,0 137.2199879,34.9511318,0 137.2200413,34.9511166,0 137.2202244,34.9510517,0 137.2202587,34.9510403,0 137.2202740,34.9510326,0 137.2203007,34.9510288,0 137.2203197,34.9510212,0 137.2203503,34.9510174,0 137.2203732,34.9510174,0 137.2203922,34.9510174,0 137.2204304,34.9510136,0 137.2204838,34.9510136,0 137.2205181,34.9510136,0 137.2205372,34.9510174,0 137.2205563,34.9510174,0 137.2205830,34.9510212,0 137.2206020,34.9510250,0 137.2206211,34.9510326,0 137.2206402,34.9510403,0 137.2206516,34.9510479,0 137.2206631,34.9510555,0 137.2206745,34.9510632,0 137.2206860,34.9510784,0 137.2206936,34.9510860,0 137.2207050,34.9511013,0 137.2207165,34.9511204,0 137.2207203,34.9511395,0 137.2207241,34.9511585,0 137.2207279,34.9511776,0 137.2207317,34.9511967,0 137.2207317,34.9512196,0 137.2207317,34.9512424,0 137.2207317,34.9512577,0 137.2207279,34.9512691,0 137.2207279,34.9512844,0</coordinates></LinearRing></outerBoundaryIs></Polygon></Placemark><Placemark><styleUrl>#minyu</styleUrl><Polygon><outerBoundaryIs><LinearRing><coordinates>137.2162380,34.9529362,0 137.2164936,34.9529972,0 137.2165585,34.9530125,0 137.2165928,34.9530201,0 137.2166080,34.9530239,0 137.2166271,34.9530277,0 137.2166424,34.9530315,0 137.2166615,34.9530315,0 137.2166958,34.9530354,0 137.2167263,34.9530392,0 137.2167797,34.9530392,0 137.2168140,34.9530392,0 137.2168484,34.9530430,0 137.2169018,34.9530430,0 137.2171154,34.9530392,0 137.2171535,34.9530392,0 137.2171726,34.9530392,0 137.2171879,34.9530430,0 137.2172146,34.9530468,0 137.2172413,34.9530506,0 137.2172565,34.9530582,0 137.2172718,34.9530659,0 137.2172947,34.9530811,0 137.2173100,34.9530964,0 137.2173214,34.9531040,0 137.2173252,34.9531155,0 137.2173328,34.9531269,0 137.2173405,34.9531422,0 137.2173481,34.9531574,0 137.2173748,34.9532261,0 137.2173862,34.9532604,0 137.2174015,34.9532909,0 137.2174168,34.9533253,0 137.2174244,34.9533405,0 137.2174397,34.9533749,0 137.2174473,34.9533901,0 137.2174549,34.9534054,0 137.2174664,34.9534168,0 137.2174854,34.9534473,0 137.2175121,34.9534855,0 137.2175312,34.9535122,0 137.2175388,34.9535275,0 137.2175465,34.9535427,0 137.2175579,34.9535580,0 137.2175617,34.9535694,0 137.2175655,34.9535847,0 137.2175655,34.9535999,0 137.2175694,34.9536114,0 137.2175655,34.9536228,0 137.2175617,34.9536457,0 137.2175579,34.9536610,0 137.2175503,34.9536762,0 137.2175388,34.9536915,0 137.2175236,34.9537106,0 137.2175121,34.9537182,0 137.2175007,34.9537258,0 137.2174892,34.9537373,0 137.2174702,34.9537487,0 137.2174549,34.9537525,0 137.2174397,34.9537601,0 137.2174206,34.9537640,0 137.2173939,34.9537678,0 137.2173672,34.9537678,0 137.2173481,34.9537640,0 137.2173290,34.9537601,0 137.2173138,34.9537563,0 137.2173023,34.9537487,0 137.2172871,34.9537411,0 137.2172680,34.9537296,0 137.2172489,34.9537106,0 137.2172375,34.9536953,0 137.2172222,34.9536800,0 137.2172108,34.9536648,0 137.2171841,34.9536228,0 137.2171726,34.9536114,0 137.2171612,34.9535961,0 137.2171497,34.9535847,0 137.2171383,34.9535694,0 137.2171268,34.9535580,0 137.2171116,34.9535465,0 137.2171001,34.9535351,0 137.2170773,34.9535236,0 137.2170620,34.9535122,0 137.2170315,34.9534969,0 137.2170010,34.9534817,0 137.2169361,34.9534512,0 137.2168598,34.9534130,0 137.2168293,34.9533978,0 137.2168140,34.9533901,0 137.2167950,34.9533863,0 137.2167797,34.9533787,0 137.2167645,34.9533710,0 137.2167301,34.9533634,0 137.2166805,34.9533482,0 137.2166309,34.9533367,0 137.2165470,34.9533138,0 137.2163906,34.9532757,0 137.2163410,34.9532604,0 137.2163067,34.9532528,0 137.2162838,34.9532490,0 137.2162571,34.9532452,0 137.2162380,34.9532413,0 137.2162189,34.9532375,0 137.2161808,34.9532337,0 137.2160931,34.9532223,0 137.2160587,34.9532185,0 137.2160206,34.9532108,0 137.2160015,34.9532070,0 137.2159824,34.9532032,0 137.2159519,34.9531956,0 137.2159023,34.9531765,0 137.2155857,34.9530735,0 137.2155361,34.9530544,0 137.2154827,34.9530392,0 137.2154522,34.9530277,0 137.2153835,34.9530010,0 137.2153683,34.9529972,0 137.2153530,34.9529896,0 137.2153339,34.9529858,0 137.2153149,34.9529819,0 137.2152958,34.9529781,0 137.2152767,34.9529781,0 137.2152615,34.9529743,0 137.2152271,34.9529705,0 137.2152081,34.9529705,0 137.2151890,34.9529705,0 137.2151546,34.9529705,0 137.2151356,34.9529743,0 137.2151203,34.9529819,0 137.2151051,34.9529896,0 137.2150936,34.9529972,0 137.2150784,34.9530048,0 137.2150669,34.9530201,0 137.2150555,34.9530315,0 137.2150440,34.9530430,0 137.2150326,34.9530582,0 137.2150249,34.9530735,0 137.2150135,34.9530888,0 137.2150059,34.9531040,0 137.2149982,34.9531231,0 137.2149906,34.9531345,0 137.2149868,34.9531460,0 137.2149792,34.9531727,0 137.2149525,34.9532642,0 137.2149410,34.9532909,0 137.2149258,34.9533405,0 137.2149143,34.9533710,0 137.2148952,34.9534206,0 137.2148762,34.9534702,0 137.2148647,34.9535007,0 137.2148571,34.9535160,0 137.2148457,34.9535427,0 137.2148380,34.9535542,0 137.2148266,34.9535770,0 137.2148190,34.9535885,0 137.2148113,34.9536037,0 137.2147961,34.9536152,0 137.2147808,34.9536343,0 137.2147655,34.9536457,0 137.2147465,34.9536610,0 137.2147121,34.9536839,0 137.2147007,34.9536953,0 137.2146854,34.9537067,0 137.2146778,34.9537182,0 137.2146702,34.9537296,0 137.2146626,34.9537449,0 137.2146549,34.9537563,0 137.2146511,34.9537716,0 137.2146435,34.9537868,0 137.2146397,34.9538021,0 137.2146320,34.9538174,0 137.2146282,34.9538364,0 137.2146244,34.9538517,0 137.2146206,34.9538708,0 137.2146167,34.9538941,0 137.2146167,34.9531041,0 137.2146206,34.9530888,0 137.2146244,34.9530735,0 137.2146282,34.9530582,0 137.2146358,34.9530315,0 137.2146358,34.9530163,0 137.2146320,34.9529896,0 137.2146282,34.9529743,0 137.2146244,34.9529629,0 137.2146206,34.9529438,0 137.2146167,34.9521496,0 137.2147198,34.9522076,0 137.2147503,34.9522266,0 137.2147655,34.9522343,0 137.2147808,34.9522419,0 137.2147961,34.9522495,0 137.2148113,34.9522572,0 137.2148266,34.9522648,0 137.2148457,34.9522686,0 137.2148609,34.9522762,0 137.2148800,34.9522800,0 137.2148952,34.9522839,0 137.2149296,34.9522877,0 137.2149830,34.9522991,0 137.2152653,34.9523449,0 137.2153187,34.9523563,0 137.2153530,34.9523602,0 137.2155743,34.9523907,0 137.2156124,34.9523983,0 137.2156467,34.9524021,0 137.2157154,34.9524174,0 137.2157497,34.9524250,0 137.2157688,34.9524288,0 137.2157841,34.9524326,0 137.2157993,34.9524364,0 137.2158184,34.9524441,0 137.2158337,34.9524479,0 137.2158451,34.9524555,0 137.2158604,34.9524632,0 137.2158756,34.9524746,0 137.2158833,34.9524860,0 137.2158947,34.9524975,0 137.2159061,34.9525127,0 137.2159100,34.9525280,0 137.2159138,34.9525394,0 137.2159176,34.9525547,0 137.2159176,34.9525814,0 137.2159100,34.9526005,0 137.2159061,34.9526119,0 137.2159023,34.9526234,0 137.2158909,34.9526348,0 137.2158833,34.9526463,0 137.2158718,34.9526577,0 137.2158527,34.9526730,0 137.2158260,34.9526920,0 137.2158146,34.9527073,0 137.2157993,34.9527187,0 137.2157955,34.9527302,0 137.2157917,34.9527416,0 137.2157955,34.9527531,0 137.2158031,34.9527683,0 137.2158184,34.9527836,0 137.2158298,34.9527912,0 137.2158451,34.9527988,0 137.2158604,34.9528065,0 137.2158756,34.9528141,0 137.2158947,34.9528217,0 137.2159214,34.9528370,0 137.2159405,34.9528408,0 137.2159710,34.9528522,0 137.2160358,34.9528751,0 137.2161274,34.9529018,0 137.2162380,34.9529362,0</coordinates></LinearRing></outerBoundaryIs></Polygon></Placemark><Placemark><styleUrl>#minyu</styleUrl><Polygon><outerBoundaryIs><LinearRing><coordinates>137.2311153,34.9623051,0 137.2311382,34.9623013,0 137.2311764,34.9623051,0 137.2312145,34.9623165,0 137.2312603,34.9623280,0 137.2313023,34.9623356,0 137.2314205,34.9623699,0 137.2315731,34.9624119,0 137.2316074,34.9624233,0 137.2316227,34.9624271,0 137.2316418,34.9624348,0 137.2316570,34.9624424,0 137.2316799,34.9624538,0 137.2317028,34.9624653,0 137.2317104,34.9624767,0 137.2317257,34.9624882,0 137.2317371,34.9625072,0 137.2317486,34.9625263,0 137.2317524,34.9625378,0 137.2317562,34.9625607,0 137.2317562,34.9625835,0 137.2317562,34.9626026,0 137.2317524,34.9626560,0 137.2317524,34.9626713,0 137.2317524,34.9626865,0 137.2317562,34.9627018,0 137.2317638,34.9627171,0 137.2317715,34.9627323,0 137.2317944,34.9627514,0 137.2318211,34.9627590,0 137.2318516,34.9627628,0 137.2318783,34.9627628,0 137.2318935,34.9627590,0 137.2319164,34.9627552,0 137.2319431,34.9627514,0 137.2319584,34.9627438,0 137.2319851,34.9627361,0 137.2320042,34.9627247,0 137.2320194,34.9627132,0 137.2320309,34.9627056,0 137.2320461,34.9626980,0 137.2320728,34.9626751,0 137.2320995,34.9626560,0 137.2321301,34.9626331,0 137.2321568,34.9626102,0 137.2321873,34.9625874,0 137.2321987,34.9625759,0 137.2322178,34.9625568,0 137.2322330,34.9625454,0 137.2322407,34.9625340,0 137.2322521,34.9625225,0 137.2322636,34.9625111,0 137.2322712,34.9624996,0 137.2322826,34.9624882,0 137.2322903,34.9624729,0 137.2322941,34.9624538,0 137.2322903,34.9624310,0 137.2322865,34.9624157,0 137.2322788,34.9624043,0 137.2322712,34.9623966,0 137.2322483,34.9623814,0 137.2322330,34.9623775,0 137.2322178,34.9623699,0 137.2322025,34.9623661,0 137.2321682,34.9623623,0 137.2321491,34.9623623,0 137.2321148,34.9623585,0 137.2320957,34.9623585,0 137.2320805,34.9623623,0 137.2320461,34.9623623,0 137.2320156,34.9623623,0 137.2319851,34.9623661,0 137.2319622,34.9623699,0 137.2319202,34.9623775,0 137.2319012,34.9623814,0 137.2318783,34.9623852,0 137.2318478,34.9623852,0 137.2318325,34.9623814,0 137.2318058,34.9623775,0 137.2317905,34.9623737,0 137.2317715,34.9623623,0 137.2317562,34.9623547,0 137.2317410,34.9623432,0 137.2317295,34.9623280,0 137.2317181,34.9623127,0 137.2317104,34.9622936,0 137.2316990,34.9622784,0 137.2316952,34.9622631,0 137.2316914,34.9622440,0 137.2316875,34.9622288,0 137.2316799,34.9622135,0 137.2316799,34.9621944,0 137.2316723,34.9621601,0 137.2316685,34.9621449,0 137.2316685,34.9621258,0 137.2316647,34.9621105,0 137.2316647,34.9620876,0 137.2316685,34.9620647,0 137.2316685,34.9620495,0 137.2316723,34.9620380,0 137.2316799,34.9620152,0 137.2316837,34.9619999,0 137.2316952,34.9619846,0 137.2317028,34.9619694,0 137.2317104,34.9619579,0 137.2317219,34.9619427,0 137.2317371,34.9619274,0 137.2317677,34.9618931,0 137.2317753,34.9618816,0 137.2317867,34.9618702,0 137.2317905,34.9618587,0 137.2317982,34.9618397,0 137.2318020,34.9618244,0 137.2318058,34.9618092,0 137.2318096,34.9617977,0 137.2318134,34.9617748,0 137.2318172,34.9617596,0 137.2318211,34.9617252,0 137.2318287,34.9616756,0 137.2318363,34.9616070,0 137.2318439,34.9615536,0 137.2318478,34.9615192,0 137.2318516,34.9614697,0 137.2318516,34.9614506,0 137.2318516,34.9614353,0 137.2318516,34.9614010,0 137.2318516,34.9613857,0 137.2318478,34.9613514,0 137.2318478,34.9613361,0 137.2318439,34.9613171,0 137.2318401,34.9612942,0 137.2318363,34.9612789,0 137.2318287,34.9612484,0 137.2318211,34.9612141,0 137.2318096,34.9611835,0 137.2317982,34.9611530,0 137.2317905,34.9611378,0 137.2317829,34.9611149,0 137.2317753,34.9610996,0 137.2317600,34.9610653,0 137.2317448,34.9610348,0 137.2316799,34.9609089,0 137.2316456,34.9608440,0 137.2316227,34.9607983,0 137.2316074,34.9607677,0 137.2315960,34.9607372,0 137.2315845,34.9607029,0 137.2315655,34.9606571,0 137.2315311,34.9605579,0 137.2315197,34.9605274,0 137.2315159,34.9605122,0 137.2315083,34.9604969,0 137.2315006,34.9604816,0 137.2314930,34.9604626,0 137.2314854,34.9604511,0 137.2314739,34.9604397,0 137.2314663,34.9604244,0 137.2314548,34.9604130,0 137.2314434,34.9604015,0 137.2314320,34.9603901,0 137.2314205,34.9603786,0 137.2314091,34.9603710,0 137.2313938,34.9603596,0 137.2313709,34.9603405,0 137.2313595,34.9603329,0 137.2313442,34.9603214,0 137.2313137,34.9603024,0 137.2312794,34.9602871,0 137.2311420,34.9602070,0 137.2309895,34.9601154,0 137.2309399,34.9600925,0 137.2309093,34.9600735,0 137.2308903,34.9600658,0 137.2308674,34.9600544,0 137.2308331,34.9600468,0 137.2308178,34.9600391,0 137.2307873,34.9600315,0 137.2307568,34.9600201,0 137.2307377,34.9600163,0 137.2307072,34.9600124,0 137.2306919,34.9600086,0 137.2306309,34.9599972,0 137.2306156,34.9599934,0 137.2305965,34.9599895,0 137.2305813,34.9599857,0 137.2305622,34.9599781,0 137.2305470,34.9599743,0 137.2305164,34.9599590,0 137.2304821,34.9599438,0 137.2304516,34.9599285,0 137.2301922,34.9598103,0 137.2297573,34.9596043,0 137.2289486,34.9592228,0 137.2287846,34.9591503,0 137.2286243,34.9590740,0 137.2285938,34.9590588,0 137.2285786,34.9590511,0 137.2285633,34.9590435,0 137.2285480,34.9590321,0 137.2285328,34.9590206,0 137.2285213,34.9590130,0 137.2285099,34.9590015,0 137.2284985,34.9589863,0 137.2284870,34.9589672,0 137.2284794,34.9589520,0 137.2284756,34.9589405,0 137.2284756,34.9589252,0 137.2284756,34.9589062,0 137.2284794,34.9588947,0 137.2284870,34.9588718,0 137.2284946,34.9588566,0 137.2285061,34.9588413,0 137.2285175,34.9588299,0 137.2285366,34.9588108,0 137.2285519,34.9587994,0 137.2285633,34.9587917,0 137.2286358,34.9587421,0 137.2286625,34.9587231,0 137.2286777,34.9587116,0 137.2286968,34.9586964,0 137.2287083,34.9586849,0 137.2287350,34.9586620,0 137.2287464,34.9586506,0 137.2287617,34.9586391,0 137.2287769,34.9586239,0 137.2287884,34.9586124,0 137.2288074,34.9585896,0 137.2288456,34.9585476,0 137.2288609,34.9585285,0 137.2288761,34.9585171,0 137.2288914,34.9585056,0 137.2289066,34.9584942,0 137.2289257,34.9584904,0 137.2289410,34.9584827,0 137.2289677,34.9584751,0 137.2289982,34.9584713,0 137.2290287,34.9584675,0 137.2290478,34.9584675,0 137.2290783,34.9584675,0 137.2291126,34.9584675,0 137.2291317,34.9584675,0 137.2291546,34.9584713,0 137.2291737,34.9584713,0 137.2291889,34.9584751,0 137.2292042,34.9584827,0 137.2292233,34.9584866,0 137.2292576,34.9585018,0 137.2293034,34.9585285,0 137.2293148,34.9585361,0 137.2293301,34.9585400,0 137.2293491,34.9585476,0 137.2293682,34.9585514,0 137.2293835,34.9585552,0 137.2294025,34.9585590,0 137.2294178,34.9585629,0 137.2294369,34.9585629,0 137.2294521,34.9585667,0 137.2294712,34.9585667,0 137.2294865,34.9585705,0 137.2295055,34.9585705,0 137.2295399,34.9585667,0 137.2295628,34.9585590,0 137.2295818,34.9585514,0 137.2295971,34.9585438,0 137.2296124,34.9585361,0 137.2296238,34.9585247,0 137.2296391,34.9585171,0 137.2296696,34.9584980,0 137.2298031,34.9584064,0 137.2298450,34.9583759,0 137.2298756,34.9583569,0 137.2298908,34.9583454,0 137.2299061,34.9583378,0 137.2299175,34.9583302,0 137.2299480,34.9583187,0 137.2299633,34.9583111,0 137.2299862,34.9583035,0 137.2300129,34.9582996,0 137.2300396,34.9582958,0 137.2300739,34.9582920,0 137.2301006,34.9582920,0 137.2301197,34.9582920,0 137.2301922,34.9582958,0 137.2303715,34.9583073,0 137.2304592,34.9583149,0 137.2305126,34.9583187,0 137.2305508,34.9583187,0 137.2305698,34.9583187,0 137.2306042,34.9583187,0 137.2306385,34.9583149,0 137.2307110,34.9583073,0 137.2307301,34.9583035,0 137.2307491,34.9583035,0 137.2307682,34.9583035,0 137.2307835,34.9583073,0 137.2308064,34.9583073,0 137.2308254,34.9583149,0 137.2308407,34.9583187,0 137.2308559,34.9583263,0 137.2308712,34.9583378,0 137.2308865,34.9583492,0 137.2308979,34.9583569,0 137.2309055,34.9583721,0 137.2309132,34.9583874,0 137.2309208,34.9584026,0 137.2309246,34.9584141,0 137.2309246,34.9584293,0 137.2309246,34.9584484,0 137.2309208,34.9584637,0 137.2309132,34.9584904,0 137.2309093,34.9585018,0 137.2308941,34.9585361,0 137.2308903,34.9585552,0 137.2308865,34.9585667,0 137.2308826,34.9585781,0 137.2308826,34.9585934,0 137.2308826,34.9586201,0 137.2308865,34.9586353,0 137.2308941,34.9586468,0 137.2309017,34.9586582,0 137.2309132,34.9586658,0 137.2309322,34.9586811,0 137.2309589,34.9586926,0 137.2309742,34.9586964,0 137.2310047,34.9587078,0 137.2310390,34.9587154,0 137.2310734,34.9587269,0 137.2311039,34.9587345,0 137.2311268,34.9587383,0 137.2311802,34.9587498,0 137.2312832,34.9587688,0 137.2313175,34.9587765,0 137.2313328,34.9587803,0 137.2313480,34.9587879,0 137.2313633,34.9587917,0 137.2313786,34.9587955,0 137.2313938,34.9588032,0 137.2314091,34.9588108,0 137.2314243,34.9588223,0 137.2314396,34.9588337,0 137.2314587,34.9588528,0 137.2314663,34.9588680,0 137.2314777,34.9588833,0 137.2314816,34.9588985,0 137.2314892,34.9589176,0 137.2314930,34.9589329,0 137.2315044,34.9589825,0 137.2315083,34.9589977,0 137.2315121,34.9590130,0 137.2315159,34.9590244,0 137.2315273,34.9590435,0 137.2315388,34.9590588,0 137.2315540,34.9590702,0 137.2315655,34.9590778,0 137.2315922,34.9590855,0 137.2316418,34.9590969,0 137.2316608,34.9591045,0 137.2316761,34.9591122,0 137.2316914,34.9591160,0 137.2317066,34.9591274,0 137.2317219,34.9591389,0 137.2317371,34.9591503,0 137.2317448,34.9591579,0 137.2317562,34.9591732,0 137.2317600,34.9591846,0 137.2317677,34.9591961,0 137.2317753,34.9592190,0 137.2317791,34.9592342,0 137.2317867,34.9592495,0 137.2317905,34.9592686,0 137.2318058,34.9593334,0 137.2318172,34.9593678,0 137.2318211,34.9593830,0 137.2318249,34.9593983,0 137.2318325,34.9594135,0 137.2318401,34.9594288,0 137.2318478,34.9594440,0 137.2318630,34.9594631,0 137.2318707,34.9594746,0 137.2318821,34.9594860,0 137.2319088,34.9595127,0 137.2319241,34.9595280,0 137.2319431,34.9595547,0 137.2319546,34.9595661,0 137.2319622,34.9595776,0 137.2319736,34.9595890,0 137.2319813,34.9596043,0 137.2319889,34.9596157,0 137.2319965,34.9596310,0 137.2320042,34.9596462,0 137.2320080,34.9596615,0 137.2320118,34.9596767,0 137.2320118,34.9597034,0 137.2320118,34.9597187,0 137.2320118,34.9597530,0 137.2320118,34.9597759,0 137.2320194,34.9597912,0 137.2320271,34.9598026,0 137.2320347,34.9598141,0 137.2320499,34.9598179,0 137.2320766,34.9598217,0 137.2321033,34.9598217,0 137.2321339,34.9598179,0 137.2321491,34.9598141,0 137.2321644,34.9598103,0 137.2321796,34.9598064,0 137.2321949,34.9597988,0 137.2322140,34.9597912,0 137.2322292,34.9597797,0 137.2322407,34.9597683,0 137.2322521,34.9597530,0 137.2322636,34.9597378,0 137.2322712,34.9597225,0 137.2322788,34.9597073,0 137.2322903,34.9596920,0 137.2322979,34.9596767,0 137.2323017,34.9596615,0 137.2323093,34.9596462,0 137.2323170,34.9596272,0 137.2323208,34.9596119,0 137.2323208,34.9595966,0 137.2323246,34.9595852,0 137.2323208,34.9595661,0 137.2323170,34.9595470,0 137.2323093,34.9595318,0 137.2323055,34.9595165,0 137.2322979,34.9595013,0 137.2322865,34.9594860,0 137.2322712,34.9594593,0 137.2322521,34.9594326,0 137.2322407,34.9594173,0 137.2321987,34.9593601,0 137.2321911,34.9593449,0 137.2321796,34.9593296,0 137.2321720,34.9593182,0 137.2321682,34.9593067,0 137.2321644,34.9592953,0 137.2321606,34.9592800,0 137.2321606,34.9592533,0 137.2321644,34.9592228,0 137.2321682,34.9592075,0 137.2321758,34.9591923,0 137.2321835,34.9591770,0 137.2321911,34.9591656,0 137.2321987,34.9591503,0 137.2322102,34.9591351,0 137.2322216,34.9591198,0 137.2322407,34.9590931,0 137.2322521,34.9590816,0 137.2322636,34.9590664,0 137.2322788,34.9590511,0 137.2322941,34.9590397,0 137.2323093,34.9590321,0 137.2323246,34.9590206,0 137.2323399,34.9590092,0 137.2323551,34.9590054,0 137.2323704,34.9590015,0 137.2323895,34.9589977,0 137.2324200,34.9589977,0 137.2324505,34.9590015,0 137.2324657,34.9590054,0 137.2324810,34.9590092,0 137.2325039,34.9590206,0 137.2325153,34.9590282,0 137.2325268,34.9590359,0 137.2325382,34.9590435,0 137.2325764,34.9590740,0 137.2325878,34.9590855,0 137.2326031,34.9590931,0 137.2326183,34.9591045,0 137.2326488,34.9591160,0 137.2326679,34.9591198,0 137.2326832,34.9591236,0 137.2327023,34.9591274,0 137.2327175,34.9591312,0 137.2327709,34.9591389,0 137.2330875,34.9591885,0 137.2332478,34.9592113,0 137.2333012,34.9592228,0 137.2333202,34.9592266,0 137.2333355,34.9592304,0 137.2333546,34.9592342,0 137.2333736,34.9592381,0 137.2333889,34.9592457,0 137.2334042,34.9592533,0 137.2334194,34.9592609,0 137.2334347,34.9592724,0 137.2334461,34.9592876,0 137.2334614,34.9593029,0 137.2334690,34.9593143,0 137.2334766,34.9593296,0 137.2334843,34.9593525,0 137.2334919,34.9593678,0 137.2334957,34.9593868,0 137.2335110,34.9594326,0 137.2335186,34.9594555,0 137.2335224,34.9594746,0 137.2335300,34.9594898,0 137.2335339,34.9595051,0 137.2335415,34.9595203,0 137.2335491,34.9595318,0 137.2335567,34.9595432,0 137.2335644,34.9595547,0 137.2335720,34.9595661,0 137.2335796,34.9595776,0 137.2335911,34.9595890,0 137.2336102,34.9596004,0 137.2336216,34.9596119,0 137.2336369,34.9596233,0 137.2336521,34.9596310,0 137.2337132,34.9596691,0 137.2337284,34.9596806,0 137.2337437,34.9596882,0 137.2337589,34.9597034,0 137.2337780,34.9597187,0 137.2337894,34.9597340,0 137.2338009,34.9597454,0 137.2338047,34.9597569,0 137.2338085,34.9597683,0 137.2338123,34.9597836,0 137.2338161,34.9597988,0 137.2338161,34.9598141,0 137.2338123,34.9598293,0 137.2338085,34.9598408,0 137.2337971,34.9598751,0 137.2337818,34.9599056,0 137.2337742,34.9599247,0 137.2337666,34.9599400,0 137.2337589,34.9599552,0 137.2337475,34.9599895,0 137.2337322,34.9600201,0 137.2337208,34.9600544,0 137.2337093,34.9600887,0 137.2336941,34.9601383,0 137.2336788,34.9601879,0 137.2336597,34.9602528,0 137.2336521,34.9602871,0 137.2336445,34.9603176,0 137.2336407,34.9603367,0 137.2336369,34.9603519,0 137.2336369,34.9603710,0 137.2336369,34.9603901,0 137.2336369,34.9604053,0 137.2336407,34.9604244,0 137.2336407,34.9604397,0 137.2336483,34.9604740,0 137.2336597,34.9605274,0 137.2336750,34.9605808,0 137.2336864,34.9606113,0 137.2336903,34.9606304,0 137.2336979,34.9606457,0 137.2337017,34.9606609,0 137.2337170,34.9606762,0 137.2337284,34.9606915,0 137.2337437,34.9606953,0 137.2337704,34.9606991,0 137.2337894,34.9606991,0 137.2338047,34.9606915,0 137.2338200,34.9606838,0 137.2338352,34.9606762,0 137.2338505,34.9606686,0 137.2338810,34.9606495,0 137.2340031,34.9605694,0 137.2341366,34.9604816,0 137.2341671,34.9604626,0 137.2341824,34.9604511,0 137.2341938,34.9604435,0 137.2342091,34.9604321,0 137.2342205,34.9604206,0 137.2342281,34.9604092,0 137.2342358,34.9603977,0 137.2342434,34.9603786,0 137.2342510,34.9603634,0 137.2342548,34.9603481,0 137.2342587,34.9603291,0 137.2342587,34.9603138,0 137.2342587,34.9602947,0 137.2342587,34.9602757,0 137.2342510,34.9602566,0 137.2342472,34.9602375,0 137.2342396,34.9602222,0 137.2342319,34.9602070,0 137.2342243,34.9601917,0 137.2341862,34.9601192,0 137.2341709,34.9600887,0 137.2341557,34.9600582,0 137.2341442,34.9600277,0 137.2341290,34.9599934,0 137.2341175,34.9599628,0 137.2341137,34.9599514,0 137.2341099,34.9599361,0 137.2341022,34.9599133,0 137.2340984,34.9599018,0 137.2340984,34.9598827,0 137.2340984,34.9598598,0 137.2340946,34.9598026,0 137.2340946,34.9597874,0 137.2340946,34.9597721,0 137.2340908,34.9597569,0 137.2340870,34.9597454,0 137.2340832,34.9597301,0 137.2340755,34.9597149,0 137.2340679,34.9596996,0 137.2340603,34.9596882,0 137.2340527,34.9596729,0 137.2340412,34.9596577,0 137.2340260,34.9596310,0 137.2340031,34.9596043,0 137.2339954,34.9595890,0 137.2339840,34.9595776,0 137.2339725,34.9595623,0 137.2339611,34.9595509,0 137.2339420,34.9595394,0 137.2339306,34.9595280,0 137.2339153,34.9595165,0 137.2339001,34.9595089,0 137.2338505,34.9594746,0 137.2338276,34.9594593,0 137.2338009,34.9594402,0 137.2337894,34.9594326,0 137.2337742,34.9594212,0 137.2337627,34.9594135,0 137.2337513,34.9593983,0 137.2337360,34.9593830,0 137.2337246,34.9593678,0 137.2337170,34.9593563,0 137.2337093,34.9593449,0 137.2337017,34.9593296,0 137.2336941,34.9593182,0 137.2336864,34.9593029,0 137.2336788,34.9592876,0 137.2336712,34.9592724,0 137.2336597,34.9592381,0 137.2336407,34.9591846,0 137.2336292,34.9591541,0 137.2336216,34.9591351,0 137.2336140,34.9591198,0 137.2336063,34.9591045,0 137.2335911,34.9590702,0 137.2335758,34.9590397,0 137.2335072,34.9589138,0 137.2334805,34.9588604,0 137.2334614,34.9588299,0 137.2334423,34.9587803,0 137.2334270,34.9587498,0 137.2334194,34.9587345,0 137.2334156,34.9587193,0 137.2334080,34.9587002,0 137.2334042,34.9586811,0 137.2334042,34.9586658,0 137.2334003,34.9586544,0 137.2334042,34.9586391,0 137.2334080,34.9586277,0 137.2334080,34.9586124,0 137.2334156,34.9586010,0 137.2334270,34.9585857,0 137.2334385,34.9585705,0 137.2334499,34.9585552,0 137.2334690,34.9585438,0 137.2334881,34.9585361,0 137.2335033,34.9585285,0 137.2335224,34.9585209,0 137.2335377,34.9585171,0 137.2335567,34.9585094,0 137.2335911,34.9585018,0 137.2336292,34.9584980,0 137.2337704,34.9584713,0 137.2340183,34.9584217,0 137.2340679,34.9584141,0 137.2341175,34.9584064,0 137.2342205,34.9583912,0 137.2342701,34.9583836,0 137.2343044,34.9583797,0 137.2343235,34.9583759,0 137.2343540,34.9583721,0 137.2343807,34.9583721,0 137.2344112,34.9583721,0 137.2344303,34.9583721,0 137.2344494,34.9583759,0 137.2344685,34.9583797,0 137.2345028,34.9583836,0 137.2345181,34.9583874,0 137.2345371,34.9583950,0 137.2345524,34.9583988,0 137.2345638,34.9584064,0 137.2345829,34.9584141,0 137.2345943,34.9584217,0 137.2346096,34.9584332,0 137.2346210,34.9584446,0 137.2346363,34.9584599,0 137.2346516,34.9584827,0 137.2346592,34.9585018,0 137.2346668,34.9585171,0 137.2346706,34.9585323,0 137.2346859,34.9585667,0 137.2347355,34.9587154,0 137.2347546,34.9587650,0 137.2347584,34.9587803,0 137.2347622,34.9587955,0 137.2347660,34.9588146,0 137.2347698,34.9588337,0 137.2347736,34.9588604,0 137.2347698,34.9588718,0 137.2347660,34.9588985,0 137.2347584,34.9589138,0 137.2347507,34.9589291,0 137.2347393,34.9589481,0 137.2347279,34.9589596,0 137.2347126,34.9589710,0 137.2346973,34.9589825,0 137.2346668,34.9590015,0 137.2346516,34.9590130,0 137.2346363,34.9590282,0 137.2346249,34.9590397,0 137.2346096,34.9590511,0 137.2345982,34.9590626,0 137.2345867,34.9590740,0 137.2345753,34.9590931,0 137.2345600,34.9591122,0 137.2345486,34.9591236,0 137.2345409,34.9591389,0 137.2345295,34.9591541,0 137.2345104,34.9591808,0 137.2344837,34.9592266,0 137.2344685,34.9592571,0 137.2344608,34.9592724,0 137.2344532,34.9592876,0 137.2344456,34.9593029,0 137.2344418,34.9593182,0 137.2344379,34.9593334,0 137.2344341,34.9593487,0 137.2344303,34.9593639,0 137.2344303,34.9593830,0 137.2344303,34.9593983,0 137.2344303,34.9594135,0 137.2344303,34.9594326,0 137.2344303,34.9594479,0 137.2344341,34.9594631,0 137.2344341,34.9594784,0 137.2344379,34.9594898,0 137.2344418,34.9595013,0 137.2344570,34.9595356,0 137.2344646,34.9595547,0 137.2344685,34.9595699,0 137.2344723,34.9595852,0 137.2344761,34.9595966,0 137.2344799,34.9596157,0 137.2344799,34.9596310,0 137.2344837,34.9596500,0 137.2344837,34.9596653,0 137.2344875,34.9596844,0 137.2344875,34.9596996,0 137.2344875,34.9597187,0 137.2344875,34.9597454,0 137.2344875,34.9597607,0 137.2344837,34.9597797,0 137.2344761,34.9598446,0 137.2344761,34.9598637,0 137.2344723,34.9598789,0 137.2344723,34.9598942,0 137.2344723,34.9599171,0 137.2344761,34.9599323,0 137.2344799,34.9599514,0 137.2344837,34.9599667,0 137.2344875,34.9599819,0 137.2344952,34.9600010,0 137.2345028,34.9600163,0 137.2345142,34.9600506,0 137.2345409,34.9601154,0 137.2345562,34.9601460,0 137.2345638,34.9601612,0 137.2345715,34.9601765,0 137.2345791,34.9601917,0 137.2345905,34.9602070,0 137.2346020,34.9602222,0 137.2346096,34.9602299,0 137.2346210,34.9602375,0 137.2346325,34.9602451,0 137.2346516,34.9602451,0 137.2346668,34.9602489,0 137.2346859,34.9602489,0 137.2347584,34.9602489,0 137.2347851,34.9602489,0 137.2348347,34.9602489,0 137.2348690,34.9602489,0 137.2348843,34.9602528,0 137.2349110,34.9602528,0 137.2349415,34.9602566,0 137.2349567,34.9602604,0 137.2349911,34.9602642,0 137.2350254,34.9602718,0 137.2350597,34.9602757,0 137.2351093,34.9602871,0 137.2351437,34.9602947,0 137.2351589,34.9602985,0 137.2351894,34.9603024,0 137.2352161,34.9602985,0 137.2352428,34.9602947,0 137.2352619,34.9602909,0 137.2352772,34.9602871,0 137.2353382,34.9602680,0 137.2353535,34.9602604,0 137.2353764,34.9602566,0 137.2353954,34.9602528,0 137.2354107,34.9602489,0 137.2354412,34.9602489,0 137.2354717,34.9602528,0 137.2354984,34.9602604,0 137.2355251,34.9602718,0 137.2355404,34.9602833,0 137.2355556,34.9602947,0 137.2355671,34.9603100,0 137.2355747,34.9603252,0 137.2355824,34.9603405,0 137.2355862,34.9603519,0 137.2355900,34.9603672,0 137.2355938,34.9603863,0 137.2355976,34.9604206,0 137.2356014,34.9604321,0 137.2356052,34.9604473,0 137.2356091,34.9604588,0 137.2356167,34.9604702,0 137.2356243,34.9604816,0 137.2356319,34.9604931,0 137.2356434,34.9605045,0 137.2356586,34.9605160,0 137.2356701,34.9605236,0 137.2356853,34.9605350,0 137.2356968,34.9605427,0 137.2357273,34.9605618,0 137.2358265,34.9606266,0 137.2358570,34.9606457,0 137.2358799,34.9606609,0 137.2359219,34.9606915,0 137.2359753,34.9607334,0 137.2360172,34.9607639,0 137.2360439,34.9607868,0 137.2360706,34.9608097,0 137.2361088,34.9608440,0 137.2361546,34.9608898,0 137.2361889,34.9609241,0 137.2362194,34.9609547,0 137.2362537,34.9609928,0 137.2362843,34.9610271,0 137.2363033,34.9610500,0 137.2363262,34.9610806,0 137.2363567,34.9611225,0 137.2366657,34.9615231,0 137.2367191,34.9615917,0 137.2372684,34.9623203,0 137.2372990,34.9623623,0 137.2373180,34.9623928,0 137.2373409,34.9624195,0 137.2373486,34.9624348,0 137.2373600,34.9624500,0 137.2373753,34.9624805,0 137.2373943,34.9625111,0 137.2374096,34.9625416,0 137.2374325,34.9625912,0 137.2374973,34.9627209,0 137.2375126,34.9627514,0 137.2375202,34.9627666,0 137.2375317,34.9627819,0 137.2375393,34.9627934,0 137.2375469,34.9628086,0 137.2375622,34.9628239,0 137.2375851,34.9628353,0 137.2376041,34.9628391,0 137.2376308,34.9628353,0 137.2376461,34.9628315,0 137.2376614,34.9628277,0 137.2376766,34.9628201,0 137.2376919,34.9628124,0 137.2377071,34.9628010,0 137.2377491,34.9627781,0 137.2377682,34.9627666,0 137.2377911,34.9627552,0 137.2378063,34.9627514,0 137.2378254,34.9627438,0 137.2378521,34.9627399,0 137.2378788,34.9627399,0 137.2379055,34.9627438,0 137.2379208,34.9627476,0 137.2379398,34.9627514,0 137.2379551,34.9627552,0 137.2379742,34.9627628,0 137.2379894,34.9627666,0 137.2380199,34.9627819,0 137.2381001,34.9628124,0 137.2381649,34.9628391,0 137.2381954,34.9628544,0 137.2382107,34.9628620,0 137.2382259,34.9628696,0 137.2382412,34.9628773,0 137.2382565,34.9628887,0 137.2382679,34.9628963,0 137.2382832,34.9629078,0 137.2382908,34.9629192,0 137.2383060,34.9629307,0 137.2383366,34.9629650,0 137.2383442,34.9629765,0 137.2383556,34.9629841,0 137.2383671,34.9629917,0 137.2383823,34.9629993,0 137.2384090,34.9630070,0 137.2384319,34.9630108,0 137.2384472,34.9630032,0 137.2384624,34.9629917,0 137.2384663,34.9629803,0 137.2384739,34.9629650,0 137.2384815,34.9629536,0 137.2385044,34.9628925,0 137.2385120,34.9628811,0 137.2385159,34.9628696,0 137.2385235,34.9628582,0 137.2385311,34.9628429,0 137.2385426,34.9628239,0 137.2385502,34.9628124,0 137.2385693,34.9627857,0 137.2385921,34.9627590,0 137.2386036,34.9627438,0 137.2386265,34.9627171,0 137.2386379,34.9627056,0 137.2386494,34.9626942,0 137.2386646,34.9626751,0 137.2386799,34.9626637,0 137.2386913,34.9626560,0 137.2387066,34.9626446,0 137.2387180,34.9626369,0 137.2387333,34.9626255,0 137.2387600,34.9626102,0 137.2388020,34.9625874,0 137.2388439,34.9625683,0 137.2388744,34.9625492,0 137.2389050,34.9625378,0 137.2389393,34.9625225,0 137.2389545,34.9625149,0 137.2389698,34.9625072,0 137.2389927,34.9624996,0 137.2390194,34.9624958,0 137.2390347,34.9624920,0 137.2390537,34.9624882,0 137.2390804,34.9624882,0 137.2391109,34.9624958,0 137.2391300,34.9625034,0 137.2391453,34.9625072,0 137.2391682,34.9625187,0 137.2391796,34.9625263,0 137.2391949,34.9625340,0 137.2392101,34.9625454,0 137.2392216,34.9625568,0 137.2392368,34.9625683,0 137.2392635,34.9625912,0 137.2392902,34.9626141,0 137.2393017,34.9626255,0 137.2393131,34.9626369,0 137.2393284,34.9626560,0 137.2393398,34.9626713,0 137.2393475,34.9626827,0 137.2393742,34.9627171,0 137.2393818,34.9627323,0 137.2393970,34.9627476,0 137.2394123,34.9627514,0 137.2394390,34.9627590,0 137.2394657,34.9627552,0 137.2394810,34.9627514,0 137.2394962,34.9627438,0 137.2395115,34.9627399,0 137.2395267,34.9627323,0 137.2395420,34.9627247,0 137.2395535,34.9627171,0 137.2395687,34.9627094,0 137.2395802,34.9627018,0 137.2395992,34.9626865,0 137.2396107,34.9626789,0 137.2396221,34.9626675,0 137.2396336,34.9626560,0 137.2396450,34.9626446,0 137.2396564,34.9626331,0 137.2396679,34.9626179,0 137.2396832,34.9626026,0 137.2396946,34.9625835,0 137.2397060,34.9625683,0 137.2397175,34.9625530,0 137.2397366,34.9625263,0 137.2397633,34.9624805,0 137.2397976,34.9624157,0 137.2398434,34.9623432,0 137.2398663,34.9622974,0 137.2398815,34.9622669,0 137.2398891,34.9622517,0 137.2398968,34.9622364,0 137.2399006,34.9622211,0 137.2399082,34.9622059,0 137.2399120,34.9621944,0 137.2399158,34.9621792,0 137.2399158,34.9621639,0 137.2399197,34.9621449,0 137.2399197,34.9621296,0 137.2399197,34.9621105,0 137.2399197,34.9620914,0 137.2399158,34.9620571,0 137.2399120,34.9620228,0 137.2399082,34.9619846,0 137.2399044,34.9619503,0 137.2399006,34.9619160,0 137.2398968,34.9618893,0 137.2398891,34.9618549,0 137.2398701,34.9617672,0 137.2398434,34.9616451,0 137.2398319,34.9615955,0 137.2398052,34.9614964,0 137.2398014,34.9614620,0 137.2397976,34.9614468,0 137.2397938,34.9614315,0 137.2397938,34.9614124,0 137.2397938,34.9613972,0 137.2397976,34.9613743,0 137.2398014,34.9613514,0 137.2398090,34.9613361,0 137.2398167,34.9613209,0 137.2398281,34.9613056,0 137.2398434,34.9612904,0 137.2398548,34.9612751,0 137.2398663,34.9612637,0 137.2398891,34.9612408,0 137.2399158,34.9612179,0 137.2400074,34.9611378,0 137.2400570,34.9610920,0 137.2400723,34.9610806,0 137.2400951,34.9610615,0 137.2401180,34.9610424,0 137.2401638,34.9610119,0 137.2402058,34.9609814,0 137.2403088,34.9609127,0 137.2403507,34.9608860,0 137.2403812,34.9608669,0 137.2404118,34.9608479,0 137.2404346,34.9608326,0 137.2404537,34.9608212,0 137.2404690,34.9608135,0 137.2404842,34.9608059,0 137.2405148,34.9607944,0 137.2405796,34.9607677,0 137.2407551,34.9606915,0 137.2407856,34.9606762,0 137.2408199,34.9606647,0 137.2408504,34.9606495,0 137.2408657,34.9606419,0 137.2408810,34.9606304,0 137.2409077,34.9606113,0 137.2409229,34.9605999,0 137.2409496,34.9605770,0 137.2409878,34.9605427,0 137.2412739,34.9602718,0 137.2413349,34.9602108,0 137.2413616,34.9601841,0 137.2413845,34.9601612,0 137.2414188,34.9601231,0 137.2414875,34.9600468,0 137.2415104,34.9600201,0 137.2415218,34.9600086,0 137.2415409,34.9599895,0 137.2415562,34.9599781,0 137.2415714,34.9599705,0 137.2415905,34.9599628,0 137.2416058,34.9599552,0 137.2416286,34.9599476,0 137.2416439,34.9599438,0 137.2416744,34.9599438,0 137.2416973,34.9599476,0 137.2417126,34.9599514,0 137.2417393,34.9599590,0 137.2417507,34.9599667,0 137.2417660,34.9599743,0 137.2417812,34.9599857,0 137.2417889,34.9599972,0 137.2418003,34.9600048,0 137.2418118,34.9600201,0 137.2418232,34.9600391,0 137.2418308,34.9600506,0 137.2418499,34.9600811,0 137.2418652,34.9601116,0 137.2418804,34.9601421,0 137.2418919,34.9601727,0 137.2418995,34.9601879,0 137.2419071,34.9602032,0 137.2419109,34.9602184,0 137.2419147,34.9602337,0 137.2419186,34.9602451,0 137.2419224,34.9602680,0 137.2419186,34.9602947,0 137.2419147,34.9603176,0 137.2419109,34.9603329,0 137.2419071,34.9603481,0 137.2419033,34.9603634,0 137.2418957,34.9603786,0 137.2418919,34.9603901,0 137.2418842,34.9604053,0 137.2418766,34.9604206,0 137.2418728,34.9604321,0 137.2418575,34.9604511,0 137.2418385,34.9604740,0 137.2418270,34.9604893,0 137.2418041,34.9605160,0 137.2417812,34.9605427,0 137.2417545,34.9605694,0 137.2417316,34.9605923,0 137.2417126,34.9606113,0 137.2416973,34.9606228,0 137.2416744,34.9606457,0 137.2416477,34.9606647,0 137.2416210,34.9606838,0 137.2415943,34.9607067,0 137.2415600,34.9607334,0 137.2415180,34.9607601,0 137.2414799,34.9607830,0 137.2414570,34.9607983,0 137.2413845,34.9608440,0 137.2413578,34.9608593,0 137.2413425,34.9608707,0 137.2413311,34.9608784,0 137.2413158,34.9608898,0 137.2413006,34.9609051,0 137.2412891,34.9609241,0 137.2412777,34.9609394,0 137.2412701,34.9609547,0 137.2412586,34.9609699,0 137.2412395,34.9610157,0 137.2412281,34.9610348,0 137.2412205,34.9610538,0 137.2412052,34.9610729,0 137.2411976,34.9610844,0 137.2411861,34.9610958,0 137.2411709,34.9611073,0 137.2411556,34.9611149,0 137.2411442,34.9611225,0 137.2411175,34.9611301,0 137.2410870,34.9611378,0 137.2410488,34.9611416,0 137.2410336,34.9611378,0 137.2409687,34.9611378,0 137.2409496,34.9611340,0 137.2409039,34.9611378,0 137.2408772,34.9611378,0 137.2408581,34.9611416,0 137.2408237,34.9611454,0 137.2407894,34.9611492,0 137.2407703,34.9611530,0 137.2407551,34.9611568,0 137.2407360,34.9611607,0 137.2407207,34.9611645,0 137.2406979,34.9611721,0 137.2406750,34.9611797,0 137.2406635,34.9611874,0 137.2406521,34.9611950,0 137.2406406,34.9612064,0 137.2406254,34.9612179,0 137.2406063,34.9612331,0 137.2405949,34.9612446,0 137.2405834,34.9612560,0 137.2405605,34.9612827,0 137.2405491,34.9612980,0 137.2405376,34.9613094,0 137.2405224,34.9613285,0 137.2405109,34.9613476,0 137.2405033,34.9613590,0 137.2404957,34.9613743,0 137.2404881,34.9613895,0 137.2404842,34.9614048,0 137.2404804,34.9614239,0 137.2404766,34.9614353,0 137.2404766,34.9614582,0 137.2404804,34.9614697,0 137.2404842,34.9615002,0 137.2404881,34.9615269,0 137.2404881,34.9615498,0 137.2404881,34.9615688,0 137.2404881,34.9615841,0 137.2404842,34.9616222,0 137.2404766,34.9616756,0 137.2404690,34.9617100,0 137.2404652,34.9617443,0 137.2404575,34.9617825,0 137.2404537,34.9617977,0 137.2404499,34.9618168,0 137.2404461,34.9618320,0 137.2404385,34.9618511,0 137.2404308,34.9618664,0 137.2404270,34.9618816,0 137.2404194,34.9619007,0 137.2404003,34.9619312,0 137.2403851,34.9619617,0 137.2403698,34.9619961,0 137.2403584,34.9620113,0 137.2403431,34.9620380,0 137.2403316,34.9620533,0 137.2403126,34.9620838,0 137.2402821,34.9621296,0 137.2402325,34.9621983,0 137.2402134,34.9622250,0 137.2402058,34.9622402,0 137.2401981,34.9622517,0 137.2401905,34.9622669,0 137.2401867,34.9622784,0 137.2401791,34.9622936,0 137.2401752,34.9623051,0 137.2401714,34.9623203,0 137.2401676,34.9623356,0 137.2401638,34.9623508,0 137.2401562,34.9623852,0 137.2401485,34.9624157,0 137.2401409,34.9624500,0 137.2401371,34.9624844,0 137.2401295,34.9625378,0 137.2401257,34.9625874,0 137.2401218,34.9626217,0 137.2401218,34.9626369,0 137.2401218,34.9626637,0 137.2401218,34.9626789,0 137.2401218,34.9626942,0 137.2401218,34.9627132,0 137.2401257,34.9627476,0 137.2401257,34.9627781,0 137.2401295,34.9628048,0 137.2401371,34.9628429,0 137.2401447,34.9628773,0 137.2401562,34.9629307,0 137.2401638,34.9629688,0 137.2401714,34.9629993,0 137.2402210,34.9631863,0 137.2402287,34.9632206,0 137.2402363,34.9632549,0 137.2402401,34.9632740,0 137.2402439,34.9632893,0 137.2402439,34.9633121,0 137.2402477,34.9633274,0 137.2402477,34.9633427,0 137.2402477,34.9633770,0 137.2402477,34.9633923,0 137.2402477,34.9634075,0 137.2402477,34.9634228,0 137.2402477,34.9634495,0 137.2402439,34.9634686,0 137.2402401,34.9635029,0 137.2402248,34.9636250,0 137.2402172,34.9636784,0 137.2402134,34.9637127,0 137.2402058,34.9637394,0 137.2402020,34.9637508,0 137.2401981,34.9637661,0 137.2401943,34.9637814,0 137.2401867,34.9637928,0 137.2401791,34.9638081,0 137.2401676,34.9638271,0 137.2401524,34.9638424,0 137.2401409,34.9638538,0 137.2401180,34.9638653,0 137.2400913,34.9638767,0 137.2400723,34.9638805,0 137.2400570,34.9638844,0 137.2400341,34.9638844,0 137.2400074,34.9638844,0 137.2399883,34.9638844,0 137.2399502,34.9638767,0 137.2399006,34.9638691,0 137.2398472,34.9638577,0 137.2397099,34.9638233,0 137.2396488,34.9638119,0 137.2396183,34.9638042,0 137.2395878,34.9637928,0 137.2395535,34.9637852,0 137.2395229,34.9637737,0 137.2394390,34.9637470,0 137.2392597,34.9636860,0 137.2392101,34.9636707,0 137.2391796,34.9636593,0 137.2391491,34.9636478,0 137.2391262,34.9636364,0 137.2390995,34.9636250,0 137.2390728,34.9636135,0 137.2390308,34.9635906,0 137.2390041,34.9635754,0 137.2389774,34.9635601,0 137.2389545,34.9635448,0 137.2389278,34.9635258,0 137.2388554,34.9634762,0 137.2388287,34.9634571,0 137.2388096,34.9634457,0 137.2387943,34.9634342,0 137.2387791,34.9634266,0 137.2387638,34.9634190,0 137.2387524,34.9634113,0 137.2387295,34.9634037,0 137.2387104,34.9633961,0 137.2386951,34.9633884,0 137.2386799,34.9633846,0 137.2386646,34.9633770,0 137.2386494,34.9633732,0 137.2386303,34.9633694,0 137.2386150,34.9633656,0 137.2385998,34.9633617,0 137.2385693,34.9633579,0 137.2385502,34.9633579,0 137.2385311,34.9633579,0 137.2385006,34.9633579,0 137.2384701,34.9633617,0 137.2384510,34.9633617,0 137.2384357,34.9633656,0 137.2384205,34.9633694,0 137.2383862,34.9633770,0 137.2383404,34.9633923,0 137.2382946,34.9634075,0 137.2382412,34.9634228,0 137.2380695,34.9634800,0 137.2380390,34.9634953,0 137.2380199,34.9634991,0 137.2380047,34.9635067,0 137.2379894,34.9635143,0 137.2379742,34.9635220,0 137.2379627,34.9635296,0 137.2379513,34.9635372,0 137.2379398,34.9635448,0 137.2379284,34.9635563,0 137.2379169,34.9635639,0 137.2379017,34.9635792,0 137.2378864,34.9636021,0 137.2378750,34.9636211,0 137.2378674,34.9636364,0 137.2378597,34.9636517,0 137.2378559,34.9636669,0 137.2378559,34.9636860,0 137.2378597,34.9637051,0 137.2378674,34.9637165,0 137.2378750,34.9637280,0 137.2378902,34.9637394,0 137.2379017,34.9637508,0 137.2379169,34.9637585,0 137.2379475,34.9637775,0 137.2379627,34.9637852,0 137.2379780,34.9637966,0 137.2379932,34.9638081,0 137.2380123,34.9638233,0 137.2380238,34.9638386,0 137.2380352,34.9638577,0 137.2380390,34.9638691,0 137.2380428,34.9638844,0 137.2380466,34.9638996,0 137.2380466,34.9639263,0 137.2380428,34.9639416,0 137.2380390,34.9639530,0 137.2380352,34.9639721,0 137.2380276,34.9639874,0 137.2380199,34.9640026,0 137.2380123,34.9640179,0 137.2379932,34.9640484,0 137.2379742,34.9640789,0 137.2379475,34.9641247,0 137.2379284,34.9641552,0 137.2379093,34.9641819,0 137.2378979,34.9641972,0 137.2378864,34.9642162,0 137.2378712,34.9642277,0 137.2378635,34.9642391,0 137.2378483,34.9642506,0 137.2378330,34.9642620,0 137.2378139,34.9642696,0 137.2377911,34.9642773,0 137.2377758,34.9642849,0 137.2377605,34.9642887,0 137.2377453,34.9642963,0 137.2377110,34.9643040,0 137.2376766,34.9643116,0 137.2375622,34.9643421,0 137.2375126,34.9643574,0 137.2374783,34.9643612,0 137.2374630,34.9643650,0 137.2374325,34.9643688,0 137.2373981,34.9643726,0 137.2373829,34.9643764,0 137.2373295,34.9643803,0 137.2371731,34.9643917,0 137.2371197,34.9643955,0 137.2371044,34.9643993,0 137.2370853,34.9643993,0 137.2370625,34.9643993,0 137.2370396,34.9643955,0 137.2370129,34.9643917,0 137.2369976,34.9643879,0 137.2369747,34.9643764,0 137.2369518,34.9643650,0 137.2369328,34.9643536,0 137.2369213,34.9643459,0 137.2369061,34.9643345,0 137.2368946,34.9643230,0 137.2368793,34.9643116,0 137.2368565,34.9642887,0 137.2368412,34.9642773,0 137.2368298,34.9642658,0 137.2368183,34.9642544,0 137.2368107,34.9642429,0 137.2367992,34.9642277,0 137.2367878,34.9642124,0 137.2367802,34.9642010,0 137.2367649,34.9641781,0 137.2367458,34.9641476,0 137.2367229,34.9640980,0 137.2366924,34.9640331,0 137.2366657,34.9639835,0 137.2366505,34.9639530,0 137.2366199,34.9638767,0 137.2366085,34.9638462,0 137.2366009,34.9638348,0 137.2365932,34.9638195,0 137.2365818,34.9638081,0 137.2365704,34.9637928,0 137.2365627,34.9637814,0 137.2365513,34.9637699,0 137.2365398,34.9637585,0 137.2365284,34.9637508,0 137.2365131,34.9637394,0 137.2365017,34.9637318,0 137.2364864,34.9637280,0 137.2364635,34.9637165,0 137.2364445,34.9637089,0 137.2364292,34.9637051,0 137.2364140,34.9637012,0 137.2363834,34.9636936,0 137.2363491,34.9636898,0 137.2363186,34.9636898,0 137.2362995,34.9636898,0 137.2362461,34.9636936,0 137.2361774,34.9636974,0 137.2360859,34.9637089,0 137.2357655,34.9637394,0 137.2353916,34.9637775,0 137.2353382,34.9637814,0 137.2353001,34.9637890,0 137.2352467,34.9637966,0 137.2351971,34.9638004,0 137.2351627,34.9638081,0 137.2351284,34.9638119,0 137.2351131,34.9638157,0 137.2350941,34.9638195,0 137.2350788,34.9638233,0 137.2350636,34.9638271,0 137.2350483,34.9638348,0 137.2350330,34.9638424,0 137.2350178,34.9638538,0 137.2349987,34.9638653,0 137.2349873,34.9638767,0 137.2349758,34.9638882,0 137.2349644,34.9639034,0 137.2349453,34.9639301,0 137.2349033,34.9639835,0 137.2348804,34.9640102,0 137.2348690,34.9640217,0 137.2348537,34.9640408,0 137.2348347,34.9640560,0 137.2348232,34.9640636,0 137.2348118,34.9640713,0 137.2348003,34.9640789,0 137.2347775,34.9640865,0 137.2347507,34.9640942,0 137.2347355,34.9640980,0 137.2347164,34.9640980,0 137.2347012,34.9640942,0 137.2346745,34.9640942,0 137.2346554,34.9640903,0 137.2346401,34.9640865,0 137.2346249,34.9640827,0 137.2345943,34.9640751,0 137.2345562,34.9640636,0 137.2343693,34.9640064,0 137.2343197,34.9639912,0 137.2342854,34.9639835,0 137.2342701,34.9639797,0 137.2342510,34.9639759,0 137.2342358,34.9639721,0 137.2342129,34.9639721,0 137.2341785,34.9639759,0 137.2341633,34.9639797,0 137.2341251,34.9639874,0 137.2340946,34.9639950,0 137.2340794,34.9639988,0 137.2340450,34.9639988,0 137.2340183,34.9639988,0 137.2339916,34.9639912,0 137.2339764,34.9639874,0 137.2339611,34.9639759,0 137.2339458,34.9639683,0 137.2339039,34.9639416,0 137.2338848,34.9639301,0 137.2338696,34.9639225,0 137.2338467,34.9639149,0 137.2338238,34.9639072,0 137.2338009,34.9639072,0 137.2337780,34.9639072,0 137.2337627,34.9639111,0 137.2337475,34.9639149,0 137.2337284,34.9639187,0 137.2337132,34.9639225,0 137.2336140,34.9639530,0 137.2335796,34.9639645,0 137.2335606,34.9639683,0 137.2335453,34.9639721,0 137.2335262,34.9639721,0 137.2335110,34.9639759,0 137.2334805,34.9639759,0 137.2334461,34.9639797,0 137.2333965,34.9639759,0 137.2333622,34.9639759,0 137.2333279,34.9639721,0 137.2332897,34.9639683,0 137.2332745,34.9639645,0 137.2332592,34.9639568,0 137.2332439,34.9639530,0 137.2332325,34.9639454,0 137.2332172,34.9639339,0 137.2331982,34.9639187,0 137.2331867,34.9639072,0 137.2331829,34.9638958,0 137.2331753,34.9638805,0 137.2331676,34.9638653,0 137.2331638,34.9638538,0 137.2331638,34.9638271,0 137.2331638,34.9638119,0 137.2331676,34.9637966,0 137.2331715,34.9637852,0 137.2331753,34.9637699,0 137.2331791,34.9637585,0 137.2331867,34.9637432,0 137.2331944,34.9637280,0 137.2332020,34.9637165,0 137.2332096,34.9637051,0 137.2332172,34.9636936,0 137.2332287,34.9636822,0 137.2332478,34.9636631,0 137.2332592,34.9636517,0 137.2332973,34.9636211,0 137.2333126,34.9636059,0 137.2333202,34.9635944,0 137.2333241,34.9635830,0 137.2333317,34.9635715,0 137.2333317,34.9635487,0 137.2333164,34.9635258,0 137.2333012,34.9635105,0 137.2332897,34.9635029,0 137.2332745,34.9634953,0 137.2332630,34.9634876,0 137.2332478,34.9634800,0 137.2331829,34.9634495,0 137.2331486,34.9634342,0 137.2331181,34.9634190,0 137.2330914,34.9634037,0 137.2330761,34.9633961,0 137.2330494,34.9633770,0 137.2330265,34.9633617,0 137.2330112,34.9633503,0 137.2329998,34.9633427,0 137.2329731,34.9633236,0 137.2329502,34.9633007,0 137.2329388,34.9632893,0 137.2329235,34.9632778,0 137.2329006,34.9632511,0 137.2328777,34.9632282,0 137.2328663,34.9632168,0 137.2328587,34.9632015,0 137.2328472,34.9631901,0 137.2328358,34.9631748,0 137.2328281,34.9631634,0 137.2328129,34.9631367,0 137.2327785,34.9630871,0 137.2327709,34.9630756,0 137.2327633,34.9630604,0 137.2327518,34.9630527,0 137.2327404,34.9630451,0 137.2327290,34.9630375,0 137.2327061,34.9630299,0 137.2326717,34.9630299,0 137.2326374,34.9630299,0 137.2326221,34.9630337,0 137.2326031,34.9630375,0 137.2325687,34.9630413,0 137.2325535,34.9630489,0 137.2325344,34.9630566,0 137.2325230,34.9630680,0 137.2325077,34.9630833,0 137.2325001,34.9630947,0 137.2324924,34.9631062,0 137.2324886,34.9631214,0 137.2324886,34.9631367,0 137.2324848,34.9631519,0 137.2324848,34.9631672,0 137.2324848,34.9631824,0 137.2324848,34.9631977,0 137.2324886,34.9632092,0 137.2324924,34.9632282,0 137.2324924,34.9632435,0 137.2325001,34.9632587,0 137.2325077,34.9632931,0 137.2325115,34.9633121,0 137.2325153,34.9633274,0 137.2325153,34.9633427,0 137.2325153,34.9633617,0 137.2325115,34.9633808,0 137.2325039,34.9633923,0 137.2325001,34.9634037,0 137.2324924,34.9634151,0 137.2324772,34.9634304,0 137.2324581,34.9634457,0 137.2324429,34.9634571,0 137.2324314,34.9634647,0 137.2323933,34.9634838,0 137.2323818,34.9634914,0 137.2323704,34.9634991,0 137.2323513,34.9635105,0 137.2323322,34.9635258,0 137.2323132,34.9635410,0 137.2323017,34.9635525,0 137.2322903,34.9635677,0 137.2322788,34.9635792,0 137.2322674,34.9635906,0 137.2322445,34.9636173,0 137.2322369,34.9636326,0 137.2322254,34.9636440,0 137.2322140,34.9636593,0 137.2322063,34.9636707,0 137.2321987,34.9636860,0 137.2321911,34.9637012,0 137.2321873,34.9637165,0 137.2321835,34.9637280,0 137.2321796,34.9637432,0 137.2321682,34.9637966,0 137.2321644,34.9638195,0 137.2321568,34.9638386,0 137.2321529,34.9638538,0 137.2321415,34.9638691,0 137.2321301,34.9638767,0 137.2321224,34.9638882,0 137.2321110,34.9638958,0 137.2320995,34.9639034,0 137.2320843,34.9639111,0 137.2320538,34.9639225,0 137.2320385,34.9639263,0 137.2320004,34.9639378,0 137.2319851,34.9639454,0 137.2319698,34.9639492,0 137.2319584,34.9639568,0 137.2319431,34.9639683,0 137.2319317,34.9639759,0 137.2319202,34.9639874,0 137.2319050,34.9639988,0 137.2318897,34.9640141,0 137.2318783,34.9640255,0 137.2318554,34.9640522,0 137.2318058,34.9641056,0 137.2317715,34.9641438,0 137.2317486,34.9641705,0 137.2317371,34.9641857,0 137.2317257,34.9642010,0 137.2317104,34.9642239,0 137.2316990,34.9642429,0 137.2316914,34.9642582,0 137.2316875,34.9642735,0 137.2316799,34.9642887,0 137.2316723,34.9643040,0 137.2316685,34.9643192,0 137.2316647,34.9643383,0 137.2316570,34.9643536,0 137.2316532,34.9643764,0 137.2316494,34.9643955,0 137.2316456,34.9644146,0 137.2316456,34.9644299,0 137.2316418,34.9644642,0 137.2316341,34.9645405,0 137.2316303,34.9645710,0 137.2316265,34.9646206,0 137.2316227,34.9646549,0 137.2316151,34.9646854,0 137.2316113,34.9647198,0 137.2316036,34.9647427,0 137.2315998,34.9647579,0 137.2315884,34.9647923,0 137.2315731,34.9648418,0 137.2315578,34.9648952,0 137.2315426,34.9649258,0 137.2315311,34.9649601,0 137.2315235,34.9649754,0 137.2315197,34.9649906,0 137.2315121,34.9650097,0 137.2315044,34.9650211,0 137.2314968,34.9650364,0 137.2314854,34.9650440,0 137.2314739,34.9650593,0 137.2314625,34.9650669,0 137.2314510,34.9650745,0 137.2314396,34.9650822,0 137.2314243,34.9650898,0 137.2314091,34.9650936,0 137.2313824,34.9651012,0 137.2313557,34.9651012,0 137.2313366,34.9651012,0 137.2313061,34.9650974,0 137.2312832,34.9650860,0 137.2312603,34.9650745,0 137.2312489,34.9650669,0 137.2312336,34.9650555,0 137.2312183,34.9650364,0 137.2312107,34.9650211,0 137.2312069,34.9650097,0 137.2312031,34.9649982,0 137.2311954,34.9649868,0 137.2311916,34.9649601,0 137.2311878,34.9649410,0 137.2311878,34.9649258,0 137.2311840,34.9648876,0 137.2311840,34.9648533,0 137.2311764,34.9647274,0 137.2311687,34.9645824,0 137.2311687,34.9645290,0 137.2311649,34.9644909,0 137.2311649,34.9644375,0 137.2311649,34.9643726,0 137.2311649,34.9642620,0 137.2311649,34.9642429,0 137.2311649,34.9642239,0 137.2311649,34.9642086,0 137.2311649,34.9641933,0 137.2311611,34.9641781,0 137.2311573,34.9641666,0 137.2311535,34.9641514,0 137.2311497,34.9641323,0 137.2311420,34.9641209,0 137.2311344,34.9641094,0 137.2311192,34.9640942,0 137.2311077,34.9640827,0 137.2310925,34.9640713,0 137.2310810,34.9640598,0 137.2310658,34.9640522,0 137.2310047,34.9640102,0 137.2309895,34.9640026,0 137.2309742,34.9639874,0 137.2309589,34.9639759,0 137.2309437,34.9639645,0 137.2309322,34.9639530,0 137.2309208,34.9639454,0 137.2309132,34.9639339,0 137.2309017,34.9639225,0 137.2308941,34.9639111,0 137.2308826,34.9638920,0 137.2308750,34.9638767,0 137.2308712,34.9638653,0 137.2308674,34.9638500,0 137.2308674,34.9638271,0 137.2308712,34.9638042,0 137.2308750,34.9637890,0 137.2308865,34.9637737,0 137.2308941,34.9637623,0 137.2309093,34.9637470,0 137.2309208,34.9637356,0 137.2309399,34.9637241,0 137.2309551,34.9637165,0 137.2309780,34.9637127,0 137.2309971,34.9637051,0 137.2310352,34.9637012,0 137.2310543,34.9637012,0 137.2311077,34.9637051,0 137.2311382,34.9637051,0 137.2311573,34.9637051,0 137.2311726,34.9637012,0 137.2311878,34.9636974,0 137.2312031,34.9636898,0 137.2312145,34.9636822,0 137.2312260,34.9636707,0 137.2312336,34.9636555,0 137.2312412,34.9636402,0 137.2312489,34.9636250,0 137.2312565,34.9636097,0 137.2312603,34.9635944,0 137.2312717,34.9635601,0 137.2313251,34.9633923,0 137.2313671,34.9632549,0 137.2314129,34.9631214,0 137.2314625,34.9629688,0 137.2314739,34.9629345,0 137.2314777,34.9629192,0 137.2314816,34.9629002,0 137.2314854,34.9628849,0 137.2314892,34.9628696,0 137.2314930,34.9628506,0 137.2314930,34.9628353,0 137.2314892,34.9628201,0 137.2314816,34.9627972,0 137.2314663,34.9627819,0 137.2314548,34.9627705,0 137.2314434,34.9627590,0 137.2314281,34.9627476,0 137.2314129,34.9627361,0 137.2313862,34.9627171,0 137.2313557,34.9626980,0 137.2313251,34.9626789,0 137.2312946,34.9626560,0 137.2312641,34.9626369,0 137.2312489,34.9626293,0 137.2312336,34.9626217,0 137.2312145,34.9626141,0 137.2311954,34.9626064,0 137.2311764,34.9625988,0 137.2311382,34.9625912,0 137.2311192,34.9625874,0 137.2311077,34.9625797,0 137.2310925,34.9625759,0 137.2310696,34.9625683,0 137.2310429,34.9625530,0 137.2310314,34.9625454,0 137.2310162,34.9625340,0 137.2310047,34.9625187,0 137.2309933,34.9625072,0 137.2309856,34.9624882,0 137.2309780,34.9624767,0 137.2309780,34.9624615,0 137.2309742,34.9624500,0 137.2309780,34.9624310,0 137.2309818,34.9624157,0 137.2309895,34.9623966,0 137.2309971,34.9623814,0 137.2310123,34.9623623,0 137.2310276,34.9623508,0 137.2310429,34.9623394,0 137.2310619,34.9623280,0 137.2310810,34.9623203,0 137.2311001,34.9623089,0 137.2311153,34.9623051,0</coordinates></LinearRing></outerBoundaryIs></Polygon></Placemark><Placemark><styleUrl>#minyu</styleUrl><Polygon><outerBoundaryIs><LinearRing><coordinates>137.2475006,34.9668872,0 137.2474766,34.9668980,0 137.2474651,34.9669056,0 137.2474537,34.9669132,0 137.2474461,34.9669361,0 137.2474422,34.9669476,0 137.2474270,34.9669971,0 137.2474232,34.9670124,0 137.2474155,34.9670238,0 137.2474117,34.9670391,0 137.2474041,34.9670506,0 137.2473965,34.9670620,0 137.2473850,34.9670734,0 137.2473736,34.9670849,0 137.2473583,34.9670963,0 137.2473392,34.9671040,0 137.2473240,34.9671116,0 137.2473087,34.9671192,0 137.2472897,34.9671192,0 137.2472744,34.9671230,0 137.2472591,34.9671268,0 137.2472439,34.9671307,0 137.2472134,34.9671307,0 137.2471981,34.9671345,0 137.2471752,34.9671345,0 137.2471523,34.9671307,0 137.2471180,34.9671268,0 137.2470989,34.9671230,0 137.2470798,34.9671154,0 137.2470646,34.9671078,0 137.2470493,34.9671001,0 137.2470188,34.9670849,0 137.2469730,34.9670582,0 137.2469311,34.9670353,0 137.2469006,34.9670162,0 137.2468891,34.9670086,0 137.2468739,34.9669971,0 137.2468586,34.9669857,0 137.2468395,34.9669704,0 137.2468243,34.9669514,0 137.2468128,34.9669361,0 137.2468052,34.9669209,0 137.2467937,34.9668980,0 137.2467861,34.9668827,0 137.2467785,34.9668674,0 137.2467670,34.9668331,0 137.2467518,34.9667835,0 137.2467327,34.9667339,0 137.2467213,34.9666996,0 137.2467175,34.9666843,0 137.2467136,34.9666653,0 137.2467098,34.9666500,0 137.2467098,34.9666271,0 137.2467098,34.9666119,0 137.2467136,34.9665928,0 137.2467175,34.9665775,0 137.2467251,34.9665623,0 137.2467289,34.9665508,0 137.2467403,34.9665432,0 137.2467442,34.9665318,0 137.2467556,34.9665241,0 137.2467670,34.9665127,0 137.2467785,34.9665051,0 137.2467899,34.9664974,0 137.2468204,34.9664860,0 137.2468357,34.9664783,0 137.2468510,34.9664745,0 137.2469044,34.9664555,0 137.2469883,34.9664288,0 137.2471066,34.9663868,0 137.2471409,34.9663754,0 137.2471561,34.9663715,0 137.2471752,34.9663677,0 137.2471905,34.9663639,0 137.2472057,34.9663601,0 137.2472248,34.9663563,0 137.2472553,34.9663563,0 137.2472820,34.9663563,0 137.2473011,34.9663601,0 137.2473164,34.9663639,0 137.2473316,34.9663677,0 137.2473469,34.9663715,0 137.2473660,34.9663754,0 137.2474003,34.9663868,0 137.2475006,34.9664236,0 137.2475006,34.9668872,0</coordinates></LinearRing></outerBoundaryIs></Polygon></Placemark><Placemark><styleUrl>#minyu</styleUrl><Polygon><outerBoundaryIs><LinearRing><coordinates>137.2377186,34.9653835,0 137.2380276,34.9654713,0 137.2380733,34.9654865,0 137.2381229,34.9654980,0 137.2381496,34.9655094,0 137.2381992,34.9655247,0 137.2383823,34.9655895,0 137.2384129,34.9656010,0 137.2384472,34.9656086,0 137.2384701,34.9656162,0 137.2384930,34.9656200,0 137.2385120,34.9656239,0 137.2385464,34.9656277,0 137.2385769,34.9656315,0 137.2385998,34.9656353,0 137.2386265,34.9656353,0 137.2386646,34.9656391,0 137.2386990,34.9656391,0 137.2387333,34.9656391,0 137.2387676,34.9656391,0 137.2387829,34.9656353,0 137.2388134,34.9656315,0 137.2388363,34.9656239,0 137.2388515,34.9656162,0 137.2388668,34.9656010,0 137.2388783,34.9655857,0 137.2388897,34.9655704,0 137.2389050,34.9655361,0 137.2389126,34.9655247,0 137.2389240,34.9655056,0 137.2389393,34.9654903,0 137.2389507,34.9654789,0 137.2389622,34.9654713,0 137.2389736,34.9654598,0 137.2389889,34.9654522,0 137.2390003,34.9654446,0 137.2390156,34.9654369,0 137.2390308,34.9654331,0 137.2390537,34.9654293,0 137.2390728,34.9654255,0 137.2390919,34.9654255,0 137.2391109,34.9654255,0 137.2391415,34.9654331,0 137.2391567,34.9654369,0 137.2391682,34.9654446,0 137.2391949,34.9654598,0 137.2392101,34.9654751,0 137.2392216,34.9654865,0 137.2392330,34.9655018,0 137.2392406,34.9655170,0 137.2392483,34.9655285,0 137.2392635,34.9655666,0 137.2392712,34.9655781,0 137.2392788,34.9655933,0 137.2392902,34.9656086,0 137.2393017,34.9656239,0 137.2393131,34.9656353,0 137.2393246,34.9656467,0 137.2393436,34.9656658,0 137.2393551,34.9656734,0 137.2393665,34.9656811,0 137.2393818,34.9656887,0 137.2393970,34.9656963,0 137.2394123,34.9657040,0 137.2394276,34.9657116,0 137.2394581,34.9657269,0 137.2394886,34.9657383,0 137.2395039,34.9657459,0 137.2395344,34.9657536,0 137.2395802,34.9657726,0 137.2396297,34.9657879,0 137.2396717,34.9657993,0 137.2397213,34.9658108,0 137.2397556,34.9658184,0 137.2397938,34.9658260,0 137.2398243,34.9658298,0 137.2398548,34.9658337,0 137.2398853,34.9658337,0 137.2399158,34.9658298,0 137.2399349,34.9658298,0 137.2399769,34.9658260,0 137.2400036,34.9658222,0 137.2400341,34.9658222,0 137.2400646,34.9658260,0 137.2400951,34.9658298,0 137.2401295,34.9658337,0 137.2401981,34.9658451,0 137.2402477,34.9658566,0 137.2402782,34.9658604,0 137.2402973,34.9658642,0 137.2403164,34.9658718,0 137.2403393,34.9658794,0 137.2403545,34.9658833,0 137.2403660,34.9658909,0 137.2403774,34.9658985,0 137.2403927,34.9659100,0 137.2404079,34.9659176,0 137.2404423,34.9659443,0 137.2404690,34.9659634,0 137.2405109,34.9659939,0 137.2405376,34.9660130,0 137.2405529,34.9660244,0 137.2405682,34.9660320,0 137.2405796,34.9660397,0 137.2405910,34.9660473,0 137.2406063,34.9660549,0 137.2406254,34.9660625,0 137.2406406,34.9660664,0 137.2406712,34.9660816,0 137.2407360,34.9661045,0 137.2408657,34.9661541,0 137.2409000,34.9661655,0 137.2409153,34.9661732,0 137.2409306,34.9661808,0 137.2409458,34.9661884,0 137.2409611,34.9661961,0 137.2409763,34.9661999,0 137.2409916,34.9662113,0 137.2410069,34.9662228,0 137.2410183,34.9662380,0 137.2410336,34.9662571,0 137.2410412,34.9662762,0 137.2410450,34.9662876,0 137.2410488,34.9662991,0 137.2410488,34.9663143,0 137.2410488,34.9663296,0 137.2410450,34.9663448,0 137.2410412,34.9663601,0 137.2410336,34.9663715,0 137.2410259,34.9663868,0 137.2410107,34.9664021,0 137.2409992,34.9664173,0 137.2409840,34.9664288,0 137.2409725,34.9664364,0 137.2409458,34.9664593,0 137.2409306,34.9664707,0 137.2409039,34.9664898,0 137.2408733,34.9665089,0 137.2408581,34.9665165,0 137.2408466,34.9665241,0 137.2408314,34.9665356,0 137.2408009,34.9665470,0 137.2407856,34.9665546,0 137.2407627,34.9665585,0 137.2407436,34.9665623,0 137.2407246,34.9665623,0 137.2406940,34.9665585,0 137.2406750,34.9665546,0 137.2406559,34.9665508,0 137.2406406,34.9665394,0 137.2406216,34.9665318,0 137.2406063,34.9665203,0 137.2405949,34.9665089,0 137.2405834,34.9664974,0 137.2405376,34.9664516,0 137.2405262,34.9664402,0 137.2405109,34.9664288,0 137.2404995,34.9664211,0 137.2404881,34.9664135,0 137.2404728,34.9664059,0 137.2404575,34.9663982,0 137.2404423,34.9663906,0 137.2404232,34.9663868,0 137.2404079,34.9663792,0 137.2403736,34.9663677,0 137.2401905,34.9663067,0 137.2400227,34.9662533,0 137.2399921,34.9662418,0 137.2399578,34.9662304,0 137.2399235,34.9662189,0 137.2398968,34.9662151,0 137.2398472,34.9662037,0 137.2397594,34.9661846,0 137.2396946,34.9661732,0 137.2396603,34.9661655,0 137.2396374,34.9661617,0 137.2396030,34.9661579,0 137.2395344,34.9661503,0 137.2392445,34.9661083,0 137.2391605,34.9660969,0 137.2391109,34.9660931,0 137.2390804,34.9660892,0 137.2390118,34.9660892,0 137.2388783,34.9660816,0 137.2388172,34.9660816,0 137.2387333,34.9660778,0 137.2386532,34.9660702,0 137.2386189,34.9660664,0 137.2385883,34.9660625,0 137.2385159,34.9660549,0 137.2384624,34.9660511,0 137.2384281,34.9660435,0 137.2384014,34.9660397,0 137.2383785,34.9660358,0 137.2383480,34.9660320,0 137.2383022,34.9660206,0 137.2382679,34.9660130,0 137.2382450,34.9660091,0 137.2382145,34.9660015,0 137.2381840,34.9659901,0 137.2381496,34.9659824,0 137.2381191,34.9659710,0 137.2380886,34.9659595,0 137.2380733,34.9659519,0 137.2380238,34.9659328,0 137.2379742,34.9659138,0 137.2379093,34.9658871,0 137.2377796,34.9658337,0 137.2377491,34.9658222,0 137.2377300,34.9658146,0 137.2377110,34.9658070,0 137.2376766,34.9657993,0 137.2376461,34.9657917,0 137.2376270,34.9657879,0 137.2376003,34.9657803,0 137.2375851,34.9657764,0 137.2375546,34.9657726,0 137.2375011,34.9657612,0 137.2374668,34.9657574,0 137.2374325,34.9657536,0 137.2373905,34.9657497,0 137.2373371,34.9657421,0 137.2371273,34.9657269,0 137.2370892,34.9657269,0 137.2370739,34.9657230,0 137.2370548,34.9657230,0 137.2370358,34.9657230,0 137.2370205,34.9657269,0 137.2370014,34.9657269,0 137.2369862,34.9657345,0 137.2369709,34.9657383,0 137.2369480,34.9657497,0 137.2369366,34.9657612,0 137.2369251,34.9657688,0 137.2369137,34.9657803,0 137.2369022,34.9657955,0 137.2368946,34.9658070,0 137.2368870,34.9658184,0 137.2368793,34.9658337,0 137.2368755,34.9658451,0 137.2368679,34.9658642,0 137.2368679,34.9658794,0 137.2368641,34.9658947,0 137.2368641,34.9659214,0 137.2368679,34.9659367,0 137.2368679,34.9659557,0 137.2368717,34.9659786,0 137.2368793,34.9660130,0 137.2368908,34.9660664,0 137.2368984,34.9660816,0 137.2368984,34.9661007,0 137.2369022,34.9661198,0 137.2369061,34.9661388,0 137.2369061,34.9661541,0 137.2369061,34.9661732,0 137.2369022,34.9661846,0 137.2368984,34.9661999,0 137.2368908,34.9662189,0 137.2368793,34.9662342,0 137.2368679,34.9662495,0 137.2368565,34.9662571,0 137.2368450,34.9662647,0 137.2368336,34.9662762,0 137.2368145,34.9662838,0 137.2367954,34.9662876,0 137.2367725,34.9662914,0 137.2367382,34.9662914,0 137.2367039,34.9662876,0 137.2366848,34.9662800,0 137.2366695,34.9662724,0 137.2366543,34.9662647,0 137.2366428,34.9662571,0 137.2366314,34.9662495,0 137.2366238,34.9662380,0 137.2366085,34.9662266,0 137.2365971,34.9662113,0 137.2365551,34.9661617,0 137.2365475,34.9661503,0 137.2365360,34.9661388,0 137.2365246,34.9661274,0 137.2365131,34.9661160,0 137.2365017,34.9661045,0 137.2364864,34.9660931,0 137.2364674,34.9660778,0 137.2364521,34.9660664,0 137.2364368,34.9660587,0 137.2364254,34.9660511,0 137.2364025,34.9660397,0 137.2363834,34.9660282,0 137.2363682,34.9660244,0 137.2363491,34.9660206,0 137.2363300,34.9660168,0 137.2363033,34.9660168,0 137.2362690,34.9660206,0 137.2362537,34.9660282,0 137.2362385,34.9660320,0 137.2362232,34.9660397,0 137.2361813,34.9660587,0 137.2361660,34.9660664,0 137.2361507,34.9660702,0 137.2361279,34.9660778,0 137.2361126,34.9660816,0 137.2360897,34.9660854,0 137.2360706,34.9660854,0 137.2360516,34.9660854,0 137.2360210,34.9660816,0 137.2360020,34.9660778,0 137.2359867,34.9660702,0 137.2359753,34.9660625,0 137.2359638,34.9660549,0 137.2359486,34.9660435,0 137.2359371,34.9660320,0 137.2359295,34.9660168,0 137.2359219,34.9660053,0 137.2359142,34.9659901,0 137.2359104,34.9659634,0 137.2359142,34.9659367,0 137.2359180,34.9659252,0 137.2359219,34.9659100,0 137.2359257,34.9658985,0 137.2359371,34.9658833,0 137.2359447,34.9658642,0 137.2359562,34.9658527,0 137.2359676,34.9658375,0 137.2359791,34.9658260,0 137.2359905,34.9658108,0 137.2360020,34.9657993,0 137.2360134,34.9657879,0 137.2360287,34.9657764,0 137.2360401,34.9657650,0 137.2360554,34.9657536,0 137.2360668,34.9657459,0 137.2360783,34.9657383,0 137.2360973,34.9657307,0 137.2361126,34.9657230,0 137.2361279,34.9657192,0 137.2361469,34.9657116,0 137.2361622,34.9657078,0 137.2361927,34.9656963,0 137.2362080,34.9656925,0 137.2363300,34.9656620,0 137.2363644,34.9656544,0 137.2363949,34.9656429,0 137.2364178,34.9656391,0 137.2364368,34.9656277,0 137.2364521,34.9656200,0 137.2364674,34.9656162,0 137.2364826,34.9656086,0 137.2364941,34.9655972,0 137.2365093,34.9655895,0 137.2365208,34.9655781,0 137.2365360,34.9655666,0 137.2365475,34.9655552,0 137.2365589,34.9655437,0 137.2365818,34.9655170,0 137.2366199,34.9654827,0 137.2366428,34.9654560,0 137.2366619,34.9654293,0 137.2366734,34.9654179,0 137.2366886,34.9653988,0 137.2366962,34.9653835,0 137.2367077,34.9653683,0 137.2367115,34.9653568,0 137.2367191,34.9653416,0 137.2367229,34.9653187,0 137.2367344,34.9652653,0 137.2367382,34.9652538,0 137.2367420,34.9652424,0 137.2367496,34.9652271,0 137.2367573,34.9652119,0 137.2367649,34.9652004,0 137.2367764,34.9651890,0 137.2367916,34.9651775,0 137.2368031,34.9651661,0 137.2368145,34.9651585,0 137.2368298,34.9651546,0 137.2368488,34.9651470,0 137.2368755,34.9651432,0 137.2368946,34.9651432,0 137.2369251,34.9651432,0 137.2369404,34.9651470,0 137.2369633,34.9651546,0 137.2369823,34.9651585,0 137.2370129,34.9651699,0 137.2370243,34.9651775,0 137.2370434,34.9651814,0 137.2370586,34.9651852,0 137.2370739,34.9651890,0 137.2370892,34.9651928,0 137.2371082,34.9651928,0 137.2371426,34.9651890,0 137.2371693,34.9651775,0 137.2371845,34.9651699,0 137.2371960,34.9651623,0 137.2372112,34.9651508,0 137.2372646,34.9651127,0 137.2372761,34.9651051,0 137.2372952,34.9650936,0 137.2373104,34.9650860,0 137.2373219,34.9650784,0 137.2373524,34.9650707,0 137.2373676,34.9650631,0 137.2373943,34.9650593,0 137.2374210,34.9650631,0 137.2374516,34.9650669,0 137.2374668,34.9650707,0 137.2374821,34.9650784,0 137.2374973,34.9650860,0 137.2375126,34.9650974,0 137.2375240,34.9651127,0 137.2375355,34.9651241,0 137.2375431,34.9651356,0 137.2375546,34.9651508,0 137.2375584,34.9651661,0 137.2375660,34.9651775,0 137.2375813,34.9652348,0 137.2375889,34.9652500,0 137.2375965,34.9652691,0 137.2376041,34.9652805,0 137.2376118,34.9652958,0 137.2376232,34.9653111,0 137.2376347,34.9653225,0 137.2376499,34.9653339,0 137.2376614,34.9653454,0 137.2376804,34.9653606,0 137.2376919,34.9653683,0 137.2377033,34.9653759,0 137.2377186,34.9653835,0</coordinates></LinearRing></outerBoundaryIs></Polygon></Placemark><Placemark><styleUrl>#minyu</styleUrl><Polygon><outerBoundaryIs><LinearRing><coordinates>137.2365284,34.9665241,0 137.2366695,34.9666195,0 137.2367268,34.9666576,0 137.2367725,34.9666843,0 137.2367992,34.9667034,0 137.2368259,34.9667149,0 137.2368412,34.9667225,0 137.2368717,34.9667377,0 137.2368984,34.9667492,0 137.2369137,34.9667568,0 137.2369289,34.9667606,0 137.2369442,34.9667645,0 137.2369709,34.9667721,0 137.2370014,34.9667759,0 137.2370243,34.9667721,0 137.2370472,34.9667645,0 137.2370625,34.9667568,0 137.2370968,34.9667301,0 137.2371120,34.9667187,0 137.2371273,34.9667072,0 137.2371426,34.9667034,0 137.2371578,34.9666958,0 137.2371845,34.9666882,0 137.2372150,34.9666843,0 137.2372341,34.9666843,0 137.2372532,34.9666843,0 137.2372799,34.9666920,0 137.2372990,34.9666958,0 137.2373180,34.9667034,0 137.2373333,34.9667110,0 137.2373486,34.9667187,0 137.2373829,34.9667301,0 137.2374134,34.9667454,0 137.2374477,34.9667645,0 137.2374783,34.9667797,0 137.2374935,34.9667873,0 137.2375088,34.9667988,0 137.2375202,34.9668064,0 137.2375355,34.9668179,0 137.2375507,34.9668293,0 137.2375622,34.9668446,0 137.2375698,34.9668598,0 137.2375774,34.9668751,0 137.2375851,34.9668865,0 137.2375927,34.9669018,0 137.2375965,34.9669209,0 137.2376194,34.9669857,0 137.2376270,34.9670086,0 137.2376385,34.9670391,0 137.2376499,34.9670696,0 137.2376766,34.9671307,0 137.2377110,34.9672108,0 137.2377262,34.9672413,0 137.2377338,34.9672565,0 137.2377415,34.9672718,0 137.2377491,34.9672871,0 137.2377605,34.9673061,0 137.2377720,34.9673214,0 137.2377796,34.9673328,0 137.2377911,34.9673481,0 137.2378025,34.9673595,0 137.2378178,34.9673710,0 137.2378292,34.9673786,0 137.2378445,34.9673901,0 137.2378635,34.9673977,0 137.2378826,34.9674015,0 137.2378979,34.9674053,0 137.2379475,34.9674129,0 137.2379818,34.9674168,0 137.2380161,34.9674168,0 137.2380505,34.9674206,0 137.2380810,34.9674206,0 137.2381153,34.9674206,0 137.2381496,34.9674206,0 137.2381840,34.9674206,0 137.2382145,34.9674206,0 137.2382374,34.9674168,0 137.2383099,34.9674129,0 137.2383404,34.9674091,0 137.2383633,34.9674091,0 137.2383862,34.9674091,0 137.2384129,34.9674129,0 137.2384281,34.9674168,0 137.2384548,34.9674282,0 137.2384701,34.9674358,0 137.2384815,34.9674473,0 137.2384968,34.9674587,0 137.2385082,34.9674702,0 137.2385159,34.9674816,0 137.2385235,34.9674931,0 137.2385311,34.9675083,0 137.2385349,34.9675236,0 137.2385387,34.9675350,0 137.2385426,34.9675503,0 137.2385426,34.9675694,0 137.2385464,34.9675846,0 137.2385464,34.9676037,0 137.2385502,34.9676571,0 137.2385540,34.9677944,0 137.2385578,34.9678288,0 137.2385578,34.9678478,0 137.2385578,34.9678631,0 137.2385540,34.9678745,0 137.2385540,34.9678936,0 137.2385502,34.9679089,0 137.2385464,34.9679356,0 137.2385426,34.9679508,0 137.2385349,34.9679623,0 137.2385273,34.9679775,0 137.2385159,34.9679928,0 137.2385006,34.9680042,0 137.2384853,34.9680157,0 137.2384739,34.9680233,0 137.2384624,34.9680309,0 137.2384357,34.9680424,0 137.2384205,34.9680500,0 137.2384014,34.9680576,0 137.2383709,34.9680691,0 137.2382526,34.9681072,0 137.2381344,34.9681454,0 137.2381001,34.9681568,0 137.2380810,34.9681606,0 137.2380657,34.9681683,0 137.2380505,34.9681721,0 137.2380276,34.9681759,0 137.2379894,34.9681797,0 137.2379742,34.9681759,0 137.2379436,34.9681721,0 137.2379246,34.9681683,0 137.2379055,34.9681606,0 137.2378902,34.9681568,0 137.2378750,34.9681492,0 137.2378597,34.9681416,0 137.2378292,34.9681225,0 137.2377949,34.9681072,0 137.2377796,34.9680958,0 137.2377644,34.9680882,0 137.2377529,34.9680767,0 137.2377377,34.9680653,0 137.2377224,34.9680538,0 137.2377110,34.9680386,0 137.2376957,34.9680195,0 137.2376881,34.9680042,0 137.2376804,34.9679890,0 137.2376766,34.9679737,0 137.2376728,34.9679623,0 137.2376690,34.9679317,0 137.2376690,34.9679165,0 137.2376690,34.9679012,0 137.2376728,34.9678860,0 137.2376728,34.9678669,0 137.2376766,34.9678516,0 137.2376804,34.9678288,0 137.2376957,34.9677601,0 137.2376957,34.9677448,0 137.2376995,34.9677258,0 137.2376995,34.9677105,0 137.2376995,34.9676952,0 137.2376919,34.9676685,0 137.2376804,34.9676571,0 137.2376499,34.9676495,0 137.2376347,34.9676533,0 137.2376194,34.9676647,0 137.2376041,34.9676800,0 137.2375965,34.9676952,0 137.2375851,34.9677067,0 137.2375774,34.9677219,0 137.2375698,34.9677372,0 137.2375546,34.9677715,0 137.2375240,34.9678364,0 137.2375050,34.9678669,0 137.2374973,34.9678822,0 137.2374821,34.9679127,0 137.2374630,34.9679432,0 137.2374477,34.9679737,0 137.2373447,34.9681339,0 137.2373180,34.9681797,0 137.2372990,34.9682064,0 137.2372913,34.9682217,0 137.2372761,34.9682407,0 137.2372570,34.9682560,0 137.2372417,34.9682713,0 137.2372265,34.9682789,0 137.2372150,34.9682865,0 137.2371922,34.9682980,0 137.2371616,34.9683018,0 137.2371426,34.9683056,0 137.2371120,34.9683056,0 137.2370968,34.9683018,0 137.2370777,34.9682980,0 137.2370625,34.9682941,0 137.2370472,34.9682903,0 137.2370281,34.9682827,0 137.2370129,34.9682789,0 137.2369785,34.9682636,0 137.2369480,34.9682522,0 137.2368641,34.9682178,0 137.2368259,34.9682026,0 137.2367954,34.9681873,0 137.2367611,34.9681721,0 137.2367306,34.9681568,0 137.2367039,34.9681454,0 137.2366810,34.9681339,0 137.2366390,34.9681072,0 137.2366085,34.9680920,0 137.2365932,34.9680805,0 137.2365818,34.9680729,0 137.2365665,34.9680614,0 137.2365513,34.9680500,0 137.2365360,34.9680347,0 137.2365246,34.9680233,0 137.2365131,34.9680042,0 137.2365055,34.9679890,0 137.2364979,34.9679699,0 137.2364941,34.9679546,0 137.2364941,34.9679394,0 137.2364941,34.9679241,0 137.2364941,34.9679012,0 137.2364979,34.9678860,0 137.2365017,34.9678669,0 137.2365093,34.9678326,0 137.2365322,34.9677486,0 137.2365398,34.9677105,0 137.2365437,34.9676952,0 137.2365475,34.9676762,0 137.2365513,34.9676609,0 137.2365513,34.9676380,0 137.2365513,34.9676228,0 137.2365513,34.9676075,0 137.2365475,34.9675846,0 137.2365437,34.9675732,0 137.2365360,34.9675617,0 137.2365284,34.9675541,0 137.2365170,34.9675426,0 137.2365055,34.9675350,0 137.2364902,34.9675274,0 137.2364750,34.9675198,0 137.2364597,34.9675121,0 137.2364445,34.9675083,0 137.2364101,34.9674969,0 137.2363720,34.9674854,0 137.2362766,34.9674587,0 137.2362423,34.9674511,0 137.2362270,34.9674435,0 137.2362118,34.9674397,0 137.2361965,34.9674320,0 137.2361736,34.9674206,0 137.2361507,34.9674091,0 137.2361393,34.9674015,0 137.2361240,34.9673901,0 137.2361164,34.9673786,0 137.2361050,34.9673672,0 137.2360935,34.9673519,0 137.2360859,34.9673405,0 137.2360783,34.9673290,0 137.2360744,34.9673176,0 137.2360668,34.9672947,0 137.2360592,34.9672794,0 137.2360516,34.9672642,0 137.2360439,34.9672298,0 137.2359791,34.9670353,0 137.2359600,34.9669666,0 137.2359486,34.9669170,0 137.2359371,34.9668827,0 137.2359333,34.9668674,0 137.2359295,34.9668522,0 137.2359257,34.9668331,0 137.2359257,34.9668179,0 137.2359257,34.9667912,0 137.2359257,34.9667759,0 137.2359295,34.9667606,0 137.2359371,34.9667454,0 137.2359447,34.9667301,0 137.2359562,34.9667149,0 137.2359676,34.9667034,0 137.2359791,34.9666882,0 137.2359943,34.9666767,0 137.2360134,34.9666653,0 137.2360287,34.9666576,0 137.2360439,34.9666500,0 137.2360592,34.9666424,0 137.2360897,34.9666271,0 137.2362347,34.9665623,0 137.2362804,34.9665394,0 137.2362957,34.9665318,0 137.2363224,34.9665203,0 137.2363491,34.9665127,0 137.2363644,34.9665089,0 137.2363834,34.9665051,0 137.2364025,34.9665051,0 137.2364216,34.9665012,0 137.2364407,34.9665051,0 137.2364597,34.9665051,0 137.2364788,34.9665089,0 137.2364979,34.9665127,0 137.2365170,34.9665203,0 137.2365284,34.9665241,0</coordinates></LinearRing></outerBoundaryIs></Polygon></Placemark><Placemark><styleUrl>#minyu</styleUrl><Polygon><outerBoundaryIs><LinearRing><coordinates>137.2475006,34.9756796,0 137.2417390,34.9756796,0 137.2416744,34.9756489,0 137.2416439,34.9756336,0 137.2416134,34.9756145,0 137.2415981,34.9756069,0 137.2415867,34.9755993,0 137.2415714,34.9755917,0 137.2415562,34.9755802,0 137.2415409,34.9755688,0 137.2415295,34.9755573,0 137.2415180,34.9755497,0 137.2414837,34.9755154,0 137.2414684,34.9755039,0 137.2414494,34.9754925,0 137.2414341,34.9754848,0 137.2414188,34.9754772,0 137.2414036,34.9754696,0 137.2413883,34.9754620,0 137.2413540,34.9754505,0 137.2413235,34.9754391,0 137.2412739,34.9754238,0 137.2411404,34.9753819,0 137.2410221,34.9753437,0 137.2409916,34.9753323,0 137.2409573,34.9753246,0 137.2409420,34.9753208,0 137.2409229,34.9753170,0 137.2409077,34.9753132,0 137.2408810,34.9753132,0 137.2408581,34.9753208,0 137.2408428,34.9753323,0 137.2408352,34.9753437,0 137.2408314,34.9753551,0 137.2408199,34.9753704,0 137.2408085,34.9754047,0 137.2408009,34.9754238,0 137.2407932,34.9754391,0 137.2407856,34.9754543,0 137.2407780,34.9754658,0 137.2407703,34.9754810,0 137.2407589,34.9754925,0 137.2407513,34.9755039,0 137.2407398,34.9755192,0 137.2407246,34.9755306,0 137.2407131,34.9755383,0 137.2407017,34.9755459,0 137.2406902,34.9755535,0 137.2406712,34.9755611,0 137.2406559,34.9755688,0 137.2406406,34.9755764,0 137.2406254,34.9755802,0 137.2405910,34.9755917,0 137.2405567,34.9755993,0 137.2405109,34.9756145,0 137.2404613,34.9756260,0 137.2404270,34.9756336,0 137.2403965,34.9756413,0 137.2403812,34.9756451,0 137.2403469,34.9756489,0 137.2402935,34.9756527,0 137.2401028,34.9756680,0 137.2400684,34.9756718,0 137.2400341,34.9756718,0 137.2400150,34.9756718,0 137.2399769,34.9756718,0 137.2399578,34.9756680,0 137.2399349,34.9756641,0 137.2399197,34.9756603,0 137.2399044,34.9756565,0 137.2398777,34.9756489,0 137.2398624,34.9756451,0 137.2398510,34.9756374,0 137.2398357,34.9756336,0 137.2398205,34.9756222,0 137.2398090,34.9756145,0 137.2397938,34.9756031,0 137.2397785,34.9755917,0 137.2397671,34.9755802,0 137.2397556,34.9755650,0 137.2397442,34.9755459,0 137.2397327,34.9755344,0 137.2397175,34.9755039,0 137.2397022,34.9754734,0 137.2396679,34.9754124,0 137.2396450,34.9753666,0 137.2396183,34.9753132,0 137.2395611,34.9751835,0 137.2395382,34.9751339,0 137.2395229,34.9751034,0 137.2395039,34.9750729,0 137.2394962,34.9750538,0 137.2394810,34.9750309,0 137.2394619,34.9750004,0 137.2394238,34.9749432,0 137.2394123,34.9749279,0 137.2394047,34.9749126,0 137.2393970,34.9748974,0 137.2393894,34.9748821,0 137.2393856,34.9748669,0 137.2393780,34.9748516,0 137.2393742,34.9748325,0 137.2393742,34.9748173,0 137.2393742,34.9748020,0 137.2393780,34.9747906,0 137.2393856,34.9747753,0 137.2393932,34.9747601,0 137.2394047,34.9747448,0 137.2394123,34.9747334,0 137.2394238,34.9747219,0 137.2394390,34.9747105,0 137.2394581,34.9746952,0 137.2394695,34.9746876,0 137.2394848,34.9746799,0 137.2395000,34.9746723,0 137.2395153,34.9746685,0 137.2395344,34.9746609,0 137.2395496,34.9746571,0 137.2395725,34.9746532,0 137.2395916,34.9746494,0 137.2396221,34.9746532,0 137.2396412,34.9746532,0 137.2396564,34.9746571,0 137.2396832,34.9746685,0 137.2397022,34.9746723,0 137.2397175,34.9746799,0 137.2397327,34.9746876,0 137.2397785,34.9747066,0 137.2398396,34.9747372,0 137.2398777,34.9747601,0 137.2399273,34.9747868,0 137.2399883,34.9748211,0 137.2402058,34.9749470,0 137.2402401,34.9749622,0 137.2402554,34.9749737,0 137.2402706,34.9749775,0 137.2402859,34.9749851,0 137.2403049,34.9749928,0 137.2403316,34.9749966,0 137.2403660,34.9749928,0 137.2403812,34.9749889,0 137.2403965,34.9749851,0 137.2404118,34.9749813,0 137.2404270,34.9749737,0 137.2404423,34.9749660,0 137.2404575,34.9749546,0 137.2404881,34.9749393,0 137.2405186,34.9749203,0 137.2405796,34.9748783,0 137.2406101,34.9748592,0 137.2406406,34.9748402,0 137.2406521,34.9748287,0 137.2406673,34.9748173,0 137.2406826,34.9748058,0 137.2406940,34.9747944,0 137.2407055,34.9747829,0 137.2407131,34.9747715,0 137.2407246,34.9747562,0 137.2407322,34.9747448,0 137.2407475,34.9747257,0 137.2407551,34.9747066,0 137.2407627,34.9746914,0 137.2407703,34.9746761,0 137.2407856,34.9746418,0 137.2408085,34.9745960,0 137.2408237,34.9745617,0 137.2408314,34.9745464,0 137.2408390,34.9745312,0 137.2408543,34.9745121,0 137.2408619,34.9744968,0 137.2408733,34.9744854,0 137.2408848,34.9744701,0 137.2408962,34.9744587,0 137.2409039,34.9744473,0 137.2409153,34.9744396,0 137.2409267,34.9744282,0 137.2409534,34.9744053,0 137.2409801,34.9743862,0 137.2410221,34.9743557,0 137.2410641,34.9743290,0 137.2410946,34.9743099,0 137.2411060,34.9743023,0 137.2411213,34.9742908,0 137.2411404,34.9742832,0 137.2411556,34.9742794,0 137.2411747,34.9742718,0 137.2411900,34.9742680,0 137.2412052,34.9742641,0 137.2412243,34.9742641,0 137.2412434,34.9742641,0 137.2412586,34.9742680,0 137.2412815,34.9742718,0 137.2413006,34.9742794,0 137.2413158,34.9742870,0 137.2413273,34.9742947,0 137.2413387,34.9743023,0 137.2413502,34.9743137,0 137.2413616,34.9743290,0 137.2413692,34.9743443,0 137.2413769,34.9743557,0 137.2413807,34.9743824,0 137.2413845,34.9743977,0 137.2413807,34.9744282,0 137.2413769,34.9744434,0 137.2413731,34.9744625,0 137.2413692,34.9744778,0 137.2413654,34.9744968,0 137.2413311,34.9745998,0 137.2413273,34.9746189,0 137.2413235,34.9746342,0 137.2413197,34.9746571,0 137.2413158,34.9746799,0 137.2413120,34.9746952,0 137.2413120,34.9747143,0 137.2413082,34.9747295,0 137.2413082,34.9747448,0 137.2413120,34.9747639,0 137.2413120,34.9747791,0 137.2413197,34.9747982,0 137.2413273,34.9748135,0 137.2413387,34.9748325,0 137.2413502,34.9748402,0 137.2413616,34.9748516,0 137.2413731,34.9748631,0 137.2413883,34.9748707,0 137.2413998,34.9748821,0 137.2414303,34.9749012,0 137.2415638,34.9749813,0 137.2416096,34.9750080,0 137.2416553,34.9750309,0 137.2417164,34.9750652,0 137.2417774,34.9750996,0 137.2418079,34.9751186,0 137.2418423,34.9751339,0 137.2418575,34.9751415,0 137.2418804,34.9751492,0 137.2419071,34.9751568,0 137.2419720,34.9751759,0 137.2419987,34.9751835,0 137.2420139,34.9751911,0 137.2420406,34.9751987,0 137.2420521,34.9752064,0 137.2420635,34.9752140,0 137.2420788,34.9752254,0 137.2420940,34.9752331,0 137.2421093,34.9752445,0 137.2421360,34.9752636,0 137.2422314,34.9753399,0 137.2422619,34.9753628,0 137.2422733,34.9753704,0 137.2422886,34.9753819,0 137.2423038,34.9753895,0 137.2423191,34.9753971,0 137.2423344,34.9754047,0 137.2423496,34.9754124,0 137.2423687,34.9754162,0 137.2423840,34.9754200,0 137.2423992,34.9754238,0 137.2424335,34.9754353,0 137.2425022,34.9754505,0 137.2425861,34.9754696,0 137.2426205,34.9754772,0 137.2426548,34.9754810,0 137.2426739,34.9754848,0 137.2426891,34.9754887,0 137.2427158,34.9754887,0 137.2427311,34.9754925,0 137.2427502,34.9754925,0 137.2427998,34.9754925,0 137.2428188,34.9754925,0 137.2428532,34.9754963,0 137.2428722,34.9755001,0 137.2428913,34.9755039,0 137.2429104,34.9755116,0 137.2429218,34.9755192,0 137.2429371,34.9755268,0 137.2429638,34.9755421,0 137.2429790,34.9755535,0 137.2430058,34.9755802,0 137.2430210,34.9755917,0 137.2430325,34.9755993,0 137.2430477,34.9756069,0 137.2430744,34.9756107,0 137.2431049,34.9756107,0 137.2431355,34.9756069,0 137.2431545,34.9756069,0 137.2432041,34.9755993,0 137.2432537,34.9755878,0 137.2432880,34.9755840,0 137.2433300,34.9755726,0 137.2433796,34.9755611,0 137.2434483,34.9755459,0 137.2435627,34.9755192,0 137.2436314,34.9755001,0 137.2436886,34.9754848,0 137.2439098,34.9754238,0 137.2440662,34.9753819,0 137.2441006,34.9753704,0 137.2441196,34.9753666,0 137.2441349,34.9753628,0 137.2441502,34.9753551,0 137.2441654,34.9753475,0 137.2441807,34.9753399,0 137.2442074,34.9753246,0 137.2442150,34.9753132,0 137.2442226,34.9753017,0 137.2442303,34.9752865,0 137.2442341,34.9752750,0 137.2442379,34.9752598,0 137.2442455,34.9752331,0 137.2442455,34.9752140,0 137.2442455,34.9751949,0 137.2442417,34.9751797,0 137.2442417,34.9751644,0 137.2442379,34.9751492,0 137.2442226,34.9750996,0 137.2442150,34.9750805,0 137.2442112,34.9750614,0 137.2442112,34.9750385,0 137.2442112,34.9750233,0 137.2442150,34.9749966,0 137.2442226,34.9749851,0 137.2442303,34.9749699,0 137.2442379,34.9749546,0 137.2442532,34.9749432,0 137.2442646,34.9749317,0 137.2442837,34.9749203,0 137.2442989,34.9749126,0 137.2443180,34.9749050,0 137.2443371,34.9749012,0 137.2443676,34.9748974,0 137.2443829,34.9749012,0 137.2444019,34.9749012,0 137.2444172,34.9749050,0 137.2444363,34.9749126,0 137.2444515,34.9749165,0 137.2444668,34.9749279,0 137.2444820,34.9749355,0 137.2444973,34.9749432,0 137.2445240,34.9749622,0 137.2445774,34.9749966,0 137.2446156,34.9750233,0 137.2446575,34.9750500,0 137.2446880,34.9750652,0 137.2447186,34.9750843,0 137.2447491,34.9750996,0 137.2447643,34.9751072,0 137.2447796,34.9751148,0 137.2447948,34.9751225,0 137.2448139,34.9751301,0 137.2448406,34.9751339,0 137.2448673,34.9751377,0 137.2448826,34.9751339,0 137.2449017,34.9751339,0 137.2449169,34.9751301,0 137.2449322,34.9751225,0 137.2449741,34.9751110,0 137.2449856,34.9751034,0 137.2450008,34.9750996,0 137.2450199,34.9750996,0 137.2450352,34.9750957,0 137.2450542,34.9750957,0 137.2450848,34.9750996,0 137.2451038,34.9750996,0 137.2451534,34.9751034,0 137.2451839,34.9751072,0 137.2452183,34.9751110,0 137.2452755,34.9751225,0 137.2453098,34.9751263,0 137.2453289,34.9751263,0 137.2453594,34.9751301,0 137.2453823,34.9751301,0 137.2454128,34.9751301,0 137.2454357,34.9751263,0 137.2454548,34.9751263,0 137.2454853,34.9751225,0 137.2455006,34.9751186,0 137.2455196,34.9751148,0 137.2455387,34.9751110,0 137.2455616,34.9750996,0 137.2455807,34.9750919,0 137.2455959,34.9750843,0 137.2456264,34.9750652,0 137.2456570,34.9750462,0 137.2457790,34.9749737,0 137.2459164,34.9748898,0 137.2459469,34.9748707,0 137.2459621,34.9748592,0 137.2459774,34.9748516,0 137.2459888,34.9748402,0 137.2460003,34.9748325,0 137.2460117,34.9748211,0 137.2460270,34.9748096,0 137.2460346,34.9747982,0 137.2460423,34.9747868,0 137.2460537,34.9747715,0 137.2460613,34.9747562,0 137.2460651,34.9747372,0 137.2460690,34.9747219,0 137.2460728,34.9747066,0 137.2460728,34.9746914,0 137.2460766,34.9746723,0 137.2460804,34.9746265,0 137.2460842,34.9746151,0 137.2460880,34.9745884,0 137.2460918,34.9745770,0 137.2460957,34.9745655,0 137.2460995,34.9745541,0 137.2461033,34.9745426,0 137.2461109,34.9745274,0 137.2461224,34.9745121,0 137.2461300,34.9744968,0 137.2461491,34.9744701,0 137.2462101,34.9743824,0 137.2462215,34.9743671,0 137.2462292,34.9743519,0 137.2462368,34.9743404,0 137.2462444,34.9743252,0 137.2462521,34.9743099,0 137.2462597,34.9742908,0 137.2462597,34.9742718,0 137.2462597,34.9742565,0 137.2462597,34.9742374,0 137.2462559,34.9742222,0 137.2462521,34.9742031,0 137.2462482,34.9741879,0 137.2462444,34.9741688,0 137.2462406,34.9741535,0 137.2462292,34.9741192,0 137.2462215,34.9740849,0 137.2462139,34.9740658,0 137.2462101,34.9740505,0 137.2462025,34.9740314,0 137.2461910,34.9740047,0 137.2461834,34.9739895,0 137.2461796,34.9739742,0 137.2461758,34.9739590,0 137.2461758,34.9739399,0 137.2461758,34.9739246,0 137.2461834,34.9738941,0 137.2461910,34.9738789,0 137.2462025,34.9738598,0 137.2462177,34.9738407,0 137.2462330,34.9738293,0 137.2462559,34.9738178,0 137.2462788,34.9738102,0 137.2462978,34.9738064,0 137.2463169,34.9738026,0 137.2463360,34.9738026,0 137.2463551,34.9738026,0 137.2464046,34.9738064,0 137.2464275,34.9738064,0 137.2464542,34.9738064,0 137.2464848,34.9738026,0 137.2465343,34.9737949,0 137.2465649,34.9737911,0 137.2465839,34.9737873,0 137.2466106,34.9737759,0 137.2466297,34.9737720,0 137.2466450,34.9737606,0 137.2466602,34.9737568,0 137.2466717,34.9737453,0 137.2466946,34.9737301,0 137.2467022,34.9737186,0 137.2467098,34.9737072,0 137.2467213,34.9736958,0 137.2467365,34.9736729,0 137.2467518,34.9736538,0 137.2467670,34.9736385,0 137.2467785,34.9736309,0 137.2467937,34.9736195,0 137.2468128,34.9736080,0 137.2468281,34.9736004,0 137.2468472,34.9735966,0 137.2468662,34.9735928,0 137.2468967,34.9735889,0 137.2469158,34.9735928,0 137.2469387,34.9735966,0 137.2469578,34.9736042,0 137.2469730,34.9736156,0 137.2469921,34.9736233,0 137.2470074,34.9736385,0 137.2470264,34.9736538,0 137.2470379,34.9736691,0 137.2470493,34.9736805,0 137.2470570,34.9736958,0 137.2470684,34.9737110,0 137.2470875,34.9737377,0 137.2471180,34.9737835,0 137.2471371,34.9738102,0 137.2471447,34.9738255,0 137.2471561,34.9738407,0 137.2471638,34.9738560,0 137.2471676,34.9738674,0 137.2471790,34.9738827,0 137.2471828,34.9738979,0 137.2471867,34.9739132,0 137.2471905,34.9739246,0 137.2471943,34.9739361,0 137.2471981,34.9739513,0 137.2471981,34.9739704,0 137.2472019,34.9739895,0 137.2472019,34.9740047,0 137.2472057,34.9740391,0 137.2472095,34.9740772,0 137.2472172,34.9741802,0 137.2472172,34.9742565,0 137.2472248,34.9743824,0 137.2472248,34.9744358,0 137.2472248,34.9744740,0 137.2472248,34.9745121,0 137.2472210,34.9745617,0 137.2472210,34.9746113,0 137.2472172,34.9746456,0 137.2472134,34.9746723,0 137.2472057,34.9747143,0 137.2472019,34.9747334,0 137.2472019,34.9747486,0 137.2472095,34.9747639,0 137.2472172,34.9747753,0 137.2472248,34.9747868,0 137.2472401,34.9747944,0 137.2472591,34.9747982,0 137.2472744,34.9748020,0 137.2473087,34.9748020,0 137.2473431,34.9747982,0 137.2473698,34.9747944,0 137.2473965,34.9747829,0 137.2474117,34.9747753,0 137.2474232,34.9747677,0 137.2474346,34.9747601,0 137.2474461,34.9747486,0 137.2474575,34.9747372,0 137.2474728,34.9747257,0 137.2474880,34.9747066,0 137.2474957,34.9746914,0 137.2475006,34.9756796,0</coordinates></LinearRing></outerBoundaryIs></Polygon></Placemark><Placemark><styleUrl>#minyu</styleUrl><Polygon><outerBoundaryIs><LinearRing><coordinates>137.2301235,34.9742565,0 137.2301197,34.9742718,0 137.2301121,34.9742870,0 137.2301044,34.9743023,0 137.2300930,34.9743214,0 137.2300777,34.9743366,0 137.2300663,34.9743519,0 137.2300510,34.9743671,0 137.2300358,34.9743824,0 137.2300205,34.9743938,0 137.2299824,34.9744282,0 137.2299557,34.9744511,0 137.2299404,34.9744587,0 137.2299252,34.9744701,0 137.2299137,34.9744778,0 137.2298946,34.9744892,0 137.2298756,34.9745007,0 137.2298603,34.9745083,0 137.2298222,34.9745235,0 137.2298069,34.9745312,0 137.2297955,34.9745388,0 137.2297802,34.9745502,0 137.2297726,34.9745579,0 137.2297649,34.9745655,0 137.2297611,34.9745770,0 137.2297573,34.9745884,0 137.2297573,34.9746037,0 137.2297611,34.9746151,0 137.2297649,34.9746304,0 137.2297726,34.9746456,0 137.2297802,34.9746609,0 137.2297878,34.9746761,0 137.2298107,34.9747219,0 137.2298183,34.9747372,0 137.2298260,34.9747524,0 137.2298336,34.9747715,0 137.2298374,34.9747829,0 137.2298412,34.9747944,0 137.2298450,34.9748096,0 137.2298450,34.9748325,0 137.2298450,34.9748478,0 137.2298412,34.9748592,0 137.2298374,34.9748745,0 137.2298298,34.9748898,0 137.2298222,34.9749012,0 137.2298145,34.9749165,0 137.2298031,34.9749279,0 137.2297955,34.9749432,0 137.2297840,34.9749546,0 137.2297726,34.9749660,0 137.2297611,34.9749737,0 137.2297497,34.9749851,0 137.2297344,34.9749928,0 137.2297192,34.9750042,0 137.2297039,34.9750080,0 137.2296772,34.9750156,0 137.2296619,34.9750195,0 137.2296429,34.9750233,0 137.2296200,34.9750233,0 137.2295856,34.9750195,0 137.2295704,34.9750156,0 137.2295551,34.9750118,0 137.2295437,34.9750042,0 137.2295284,34.9750004,0 137.2295170,34.9749889,0 137.2295055,34.9749813,0 137.2294903,34.9749660,0 137.2294827,34.9749584,0 137.2294750,34.9749432,0 137.2294674,34.9749279,0 137.2294559,34.9749088,0 137.2294483,34.9748936,0 137.2294407,34.9748783,0 137.2294369,34.9748631,0 137.2294102,34.9747753,0 137.2294025,34.9747601,0 137.2293987,34.9747448,0 137.2293911,34.9747257,0 137.2293797,34.9747105,0 137.2293720,34.9746990,0 137.2293644,34.9746914,0 137.2293491,34.9746761,0 137.2293339,34.9746647,0 137.2293224,34.9746532,0 137.2293072,34.9746456,0 137.2292919,34.9746380,0 137.2292767,34.9746304,0 137.2292614,34.9746265,0 137.2292271,34.9746151,0 137.2292080,34.9746075,0 137.2291431,34.9745846,0 137.2291088,34.9745770,0 137.2290936,34.9745693,0 137.2290745,34.9745617,0 137.2290554,34.9745502,0 137.2290287,34.9745350,0 137.2290134,34.9745197,0 137.2289982,34.9745007,0 137.2289867,34.9744892,0 137.2289791,34.9744778,0 137.2289715,34.9744625,0 137.2289639,34.9744473,0 137.2289600,34.9744282,0 137.2289524,34.9744053,0 137.2289448,34.9743900,0 137.2289410,34.9743748,0 137.2289295,34.9743252,0 137.2289219,34.9743061,0 137.2289181,34.9742908,0 137.2289143,34.9742756,0 137.2289104,34.9742641,0 137.2289028,34.9742527,0 137.2288952,34.9742374,0 137.2288876,34.9742260,0 137.2288761,34.9742107,0 137.2288685,34.9741993,0 137.2288570,34.9741879,0 137.2288456,34.9741764,0 137.2288342,34.9741650,0 137.2288227,34.9741573,0 137.2287960,34.9741383,0 137.2287693,34.9741192,0 137.2287388,34.9740963,0 137.2286968,34.9740658,0 137.2286129,34.9740124,0 137.2285709,34.9739819,0 137.2285480,34.9739666,0 137.2285290,34.9739513,0 137.2285175,34.9739399,0 137.2285023,34.9739285,0 137.2284908,34.9739170,0 137.2284794,34.9739056,0 137.2284679,34.9738903,0 137.2284565,34.9738712,0 137.2284451,34.9738522,0 137.2284412,34.9738407,0 137.2284374,34.9738293,0 137.2284374,34.9738140,0 137.2284374,34.9737988,0 137.2284412,34.9737835,0 137.2284489,34.9737682,0 137.2284527,34.9737530,0 137.2284641,34.9737453,0 137.2284718,34.9737301,0 137.2284832,34.9737225,0 137.2284946,34.9737110,0 137.2285061,34.9737034,0 137.2285328,34.9736919,0 137.2285633,34.9736843,0 137.2285824,34.9736805,0 137.2286015,34.9736805,0 137.2286358,34.9736805,0 137.2286549,34.9736843,0 137.2286968,34.9736881,0 137.2287312,34.9736958,0 137.2287617,34.9737034,0 137.2287846,34.9737110,0 137.2288036,34.9737148,0 137.2288303,34.9737263,0 137.2288609,34.9737415,0 137.2288837,34.9737530,0 137.2288990,34.9737606,0 137.2289104,34.9737682,0 137.2289295,34.9737797,0 137.2289829,34.9738178,0 137.2289982,34.9738255,0 137.2290134,34.9738331,0 137.2290249,34.9738407,0 137.2290516,34.9738522,0 137.2290668,34.9738560,0 137.2290936,34.9738636,0 137.2291088,34.9738674,0 137.2291317,34.9738674,0 137.2291508,34.9738674,0 137.2291775,34.9738636,0 137.2291965,34.9738598,0 137.2292118,34.9738560,0 137.2292309,34.9738522,0 137.2292461,34.9738445,0 137.2292614,34.9738407,0 137.2292767,34.9738331,0 137.2292919,34.9738255,0 137.2293034,34.9738140,0 137.2293186,34.9737988,0 137.2293301,34.9737873,0 137.2293377,34.9737759,0 137.2293453,34.9737644,0 137.2293758,34.9737263,0 137.2293835,34.9737110,0 137.2293987,34.9736958,0 137.2294140,34.9736767,0 137.2294254,34.9736691,0 137.2294407,34.9736614,0 137.2294521,34.9736500,0 137.2294674,34.9736462,0 137.2294827,34.9736385,0 137.2294979,34.9736347,0 137.2295170,34.9736309,0 137.2295322,34.9736271,0 137.2295513,34.9736309,0 137.2295818,34.9736347,0 137.2295971,34.9736385,0 137.2296200,34.9736500,0 137.2296429,34.9736614,0 137.2296543,34.9736691,0 137.2296658,34.9736767,0 137.2296772,34.9736881,0 137.2296886,34.9737034,0 137.2297039,34.9737148,0 137.2297382,34.9737530,0 137.2298489,34.9738712,0 137.2298717,34.9738979,0 137.2298946,34.9739246,0 137.2299061,34.9739323,0 137.2299252,34.9739590,0 137.2299671,34.9740124,0 137.2300320,34.9740963,0 137.2300472,34.9741154,0 137.2300587,34.9741306,0 137.2300663,34.9741459,0 137.2300777,34.9741650,0 137.2300892,34.9741802,0 137.2300968,34.9741955,0 137.2301083,34.9742146,0 137.2301121,34.9742260,0 137.2301197,34.9742374,0 137.2301235,34.9742565,0</coordinates></LinearRing></outerBoundaryIs></Polygon></Placemark><Placemark><styleUrl>#minyu</styleUrl><Polygon><outerBoundaryIs><LinearRing><coordinates>137.2215557,34.9756796,0 137.2215557,34.9756641,0 137.2215519,34.9756451,0 137.2215481,34.9756107,0 137.2215405,34.9755726,0 137.2215366,34.9755573,0 137.2215290,34.9755230,0 137.2215214,34.9754887,0 137.2215176,34.9754696,0 137.2215099,34.9754353,0 137.2215061,34.9754200,0 137.2214985,34.9754009,0 137.2214947,34.9753857,0 137.2214870,34.9753704,0 137.2214794,34.9753551,0 137.2214642,34.9753246,0 137.2214527,34.9752941,0 137.2214451,34.9752789,0 137.2214260,34.9752522,0 137.2214184,34.9752369,0 137.2214108,34.9752216,0 137.2213993,34.9752102,0 137.2213917,34.9751987,0 137.2213802,34.9751835,0 137.2213688,34.9751720,0 137.2213573,34.9751606,0 137.2213459,34.9751530,0 137.2213230,34.9751301,0 137.2213116,34.9751186,0 137.2212658,34.9750843,0 137.2212505,34.9750690,0 137.2212429,34.9750576,0 137.2212353,34.9750500,0 137.2212238,34.9750347,0 137.2212162,34.9750195,0 137.2212086,34.9750080,0 137.2212048,34.9749851,0 137.2212048,34.9749699,0 137.2212086,34.9749393,0 137.2212124,34.9749279,0 137.2212200,34.9749126,0 137.2212276,34.9748974,0 137.2212391,34.9748898,0 137.2212505,34.9748745,0 137.2212620,34.9748669,0 137.2212734,34.9748592,0 137.2212849,34.9748516,0 137.2212963,34.9748440,0 137.2213268,34.9748325,0 137.2213421,34.9748287,0 137.2213573,34.9748249,0 137.2213879,34.9748211,0 137.2214146,34.9748249,0 137.2214375,34.9748287,0 137.2214527,34.9748325,0 137.2214756,34.9748440,0 137.2214909,34.9748478,0 137.2215023,34.9748554,0 137.2215214,34.9748669,0 137.2215328,34.9748783,0 137.2215481,34.9748898,0 137.2215748,34.9749126,0 137.2217503,34.9750614,0 137.2217770,34.9750843,0 137.2217884,34.9750996,0 137.2218037,34.9751110,0 137.2218151,34.9751225,0 137.2218266,34.9751377,0 137.2218380,34.9751530,0 137.2218456,34.9751682,0 137.2218533,34.9751873,0 137.2218571,34.9751987,0 137.2218609,34.9752178,0 137.2218609,34.9752331,0 137.2218647,34.9752522,0 137.2218647,34.9752674,0 137.2218647,34.9752865,0 137.2218685,34.9753399,0 137.2218685,34.9755154,0 137.2218685,34.9755497,0 137.2218685,34.9755688,0 137.2218685,34.9755840,0 137.2218647,34.9756107,0 137.2218647,34.9756336,0 137.2218609,34.9756489,0 137.2218571,34.9756603,0 137.2218533,34.9756756,0 137.2215557,34.9756796,0</coordinates></LinearRing></outerBoundaryIs></Polygon></Placemark><Placemark><styleUrl>#minyu</styleUrl><Polygon><outerBoundaryIs><LinearRing><coordinates>137.2375278,34.9585667,0 137.2375164,34.9585438,0 137.2374973,34.9585361,0 137.2374783,34.9585323,0 137.2374630,34.9585285,0 137.2374477,34.9585323,0 137.2374325,34.9585361,0 137.2374172,34.9585400,0 137.2373791,34.9585514,0 137.2373562,34.9585552,0 137.2373295,34.9585590,0 137.2373028,34.9585629,0 137.2372875,34.9585590,0 137.2372570,34.9585552,0 137.2372303,34.9585438,0 137.2372074,34.9585323,0 137.2371960,34.9585209,0 137.2371845,34.9585133,0 137.2371769,34.9585018,0 137.2371731,34.9584904,0 137.2371616,34.9584789,0 137.2371578,34.9584637,0 137.2371540,34.9584522,0 137.2371540,34.9584370,0 137.2371502,34.9584255,0 137.2371540,34.9584103,0 137.2371540,34.9583836,0 137.2371578,34.9583683,0 137.2371616,34.9583569,0 137.2371655,34.9583454,0 137.2371731,34.9583340,0 137.2371883,34.9582920,0 137.2371922,34.9582767,0 137.2371960,34.9582615,0 137.2371922,34.9582348,0 137.2371769,34.9582157,0 137.2371616,34.9582043,0 137.2371464,34.9581966,0 137.2371311,34.9581928,0 137.2371159,34.9581890,0 137.2371006,34.9581852,0 137.2370815,34.9581852,0 137.2370472,34.9581776,0 137.2370129,34.9581738,0 137.2369785,34.9581699,0 137.2369442,34.9581699,0 137.2369099,34.9581661,0 137.2368908,34.9581661,0 137.2368755,34.9581699,0 137.2368374,34.9581699,0 137.2368031,34.9581738,0 137.2367687,34.9581776,0 137.2367306,34.9581814,0 137.2366085,34.9582005,0 137.2364826,34.9582157,0 137.2364292,34.9582233,0 137.2364101,34.9582233,0 137.2363949,34.9582272,0 137.2363758,34.9582272,0 137.2363491,34.9582272,0 137.2363338,34.9582233,0 137.2363071,34.9582195,0 137.2362804,34.9582081,0 137.2362537,34.9581928,0 137.2362385,34.9581814,0 137.2362270,34.9581661,0 137.2362156,34.9581470,0 137.2362080,34.9581318,0 137.2362041,34.9581203,0 137.2362003,34.9581051,0 137.2361927,34.9580860,0 137.2361851,34.9580326,0 137.2361813,34.9580097,0 137.2361774,34.9579945,0 137.2361736,34.9579754,0 137.2361660,34.9579639,0 137.2361584,34.9579487,0 137.2361507,34.9579372,0 137.2361393,34.9579258,0 137.2361279,34.9579144,0 137.2361088,34.9578991,0 137.2360935,34.9578915,0 137.2360783,34.9578800,0 137.2360630,34.9578724,0 137.2360477,34.9578648,0 137.2360325,34.9578571,0 137.2359982,34.9578419,0 137.2359676,34.9578304,0 137.2359524,34.9578228,0 137.2359257,34.9578152,0 137.2359066,34.9578114,0 137.2358913,34.9578075,0 137.2358761,34.9578037,0 137.2358418,34.9577999,0 137.2358074,34.9577999,0 137.2357693,34.9578075,0 137.2357540,34.9578114,0 137.2357388,34.9578190,0 137.2357235,34.9578228,0 137.2357082,34.9578304,0 137.2356930,34.9578381,0 137.2356739,34.9578457,0 137.2356396,34.9578609,0 137.2356091,34.9578762,0 137.2355785,34.9578953,0 137.2355595,34.9579067,0 137.2355251,34.9579258,0 137.2355061,34.9579372,0 137.2354908,34.9579487,0 137.2354717,34.9579563,0 137.2354450,34.9579639,0 137.2354183,34.9579716,0 137.2353916,34.9579754,0 137.2353611,34.9579754,0 137.2353420,34.9579716,0 137.2353077,34.9579678,0 137.2352924,34.9579601,0 137.2352657,34.9579525,0 137.2352505,34.9579372,0 137.2352352,34.9579296,0 137.2352200,34.9579182,0 137.2352047,34.9579029,0 137.2351894,34.9578876,0 137.2351742,34.9578724,0 137.2351627,34.9578609,0 137.2351208,34.9578075,0 137.2351055,34.9577885,0 137.2350903,34.9577770,0 137.2350750,34.9577656,0 137.2350597,34.9577579,0 137.2350483,34.9577503,0 137.2350140,34.9577389,0 137.2349987,34.9577312,0 137.2349834,34.9577274,0 137.2349491,34.9577160,0 137.2349148,34.9577084,0 137.2348614,34.9576969,0 137.2348118,34.9576855,0 137.2347775,34.9576778,0 137.2347584,34.9576740,0 137.2347355,34.9576702,0 137.2346935,34.9576702,0 137.2346706,34.9576664,0 137.2346516,34.9576702,0 137.2346287,34.9576702,0 137.2346134,34.9576740,0 137.2345791,34.9576778,0 137.2345486,34.9576855,0 137.2345219,34.9576931,0 137.2344990,34.9577007,0 137.2344646,34.9577122,0 137.2344456,34.9577160,0 137.2344227,34.9577236,0 137.2343960,34.9577274,0 137.2343655,34.9577274,0 137.2343464,34.9577236,0 137.2343311,34.9577198,0 137.2343159,34.9577160,0 137.2343044,34.9577084,0 137.2342930,34.9577007,0 137.2342777,34.9576931,0 137.2342587,34.9576740,0 137.2342472,34.9576588,0 137.2342396,34.9576435,0 137.2342319,34.9576244,0 137.2342243,34.9576092,0 137.2342205,34.9575825,0 137.2342129,34.9575367,0 137.2342091,34.9575100,0 137.2342014,34.9574947,0 137.2341976,34.9574795,0 137.2341938,34.9574642,0 137.2341862,34.9574451,0 137.2341747,34.9574223,0 137.2341671,34.9574070,0 137.2341480,34.9573727,0 137.2341290,34.9573421,0 137.2341022,34.9573002,0 137.2340832,34.9572697,0 137.2340603,34.9572392,0 137.2340527,34.9572239,0 137.2340412,34.9572086,0 137.2340298,34.9571972,0 137.2340183,34.9571819,0 137.2340031,34.9571705,0 137.2339916,34.9571590,0 137.2339802,34.9571514,0 137.2339687,34.9571438,0 137.2339535,34.9571362,0 137.2339268,34.9571247,0 137.2339115,34.9571209,0 137.2338848,34.9571133,0 137.2338696,34.9571095,0 137.2338390,34.9571056,0 137.2338238,34.9571018,0 137.2338047,34.9571018,0 137.2337742,34.9571056,0 137.2337551,34.9571056,0 137.2337322,34.9571095,0 137.2337170,34.9571133,0 137.2337017,34.9571209,0 137.2336864,34.9571247,0 137.2336712,34.9571323,0 137.2336559,34.9571362,0 137.2336407,34.9571438,0 137.2336254,34.9571552,0 137.2336102,34.9571629,0 137.2335949,34.9571705,0 137.2335796,34.9571819,0 137.2335682,34.9571934,0 137.2335415,34.9572124,0 137.2335148,34.9572353,0 137.2334995,34.9572468,0 137.2334805,34.9572620,0 137.2334652,34.9572773,0 137.2334194,34.9573307,0 137.2334080,34.9573421,0 137.2333965,34.9573536,0 137.2333813,34.9573650,0 137.2333698,34.9573765,0 137.2333546,34.9573841,0 137.2333431,34.9573956,0 137.2333279,34.9574032,0 137.2333088,34.9574108,0 137.2332897,34.9574146,0 137.2332745,34.9574223,0 137.2332592,34.9574261,0 137.2332325,34.9574299,0 137.2332020,34.9574299,0 137.2331753,34.9574299,0 137.2331409,34.9574261,0 137.2331219,34.9574184,0 137.2330952,34.9574108,0 137.2330837,34.9574032,0 137.2330723,34.9573956,0 137.2330608,34.9573841,0 137.2330494,34.9573765,0 137.2330418,34.9573650,0 137.2330303,34.9573536,0 137.2330265,34.9573383,0 137.2330189,34.9573231,0 137.2330151,34.9573116,0 137.2330112,34.9572926,0 137.2330074,34.9572735,0 137.2330074,34.9572544,0 137.2330074,34.9572392,0 137.2330074,34.9572239,0 137.2330074,34.9572048,0 137.2330112,34.9571819,0 137.2330151,34.9571629,0 137.2330227,34.9571133,0 137.2330265,34.9570904,0 137.2330265,34.9570637,0 137.2330303,34.9570484,0 137.2330303,34.9570332,0 137.2330303,34.9570179,0 137.2330303,34.9569988,0 137.2330265,34.9569836,0 137.2330265,34.9569569,0 137.2330227,34.9569454,0 137.2330189,34.9569340,0 137.2330151,34.9569225,0 137.2330112,34.9569111,0 137.2330036,34.9568958,0 137.2329960,34.9568844,0 137.2329884,34.9568691,0 137.2329769,34.9568539,0 137.2329655,34.9568386,0 137.2329540,34.9568272,0 137.2329350,34.9568043,0 137.2329235,34.9567890,0 137.2329082,34.9567776,0 137.2328968,34.9567661,0 137.2328815,34.9567547,0 137.2328701,34.9567432,0 137.2328548,34.9567356,0 137.2328396,34.9567318,0 137.2328167,34.9567242,0 137.2327900,34.9567280,0 137.2327747,34.9567356,0 137.2327518,34.9567432,0 137.2327404,34.9567509,0 137.2327251,34.9567623,0 137.2326336,34.9568233,0 137.2325993,34.9568501,0 137.2325687,34.9568691,0 137.2325230,34.9568958,0 137.2324924,34.9569149,0 137.2324619,34.9569340,0 137.2324467,34.9569416,0 137.2324238,34.9569530,0 137.2323971,34.9569645,0 137.2323742,34.9569683,0 137.2323475,34.9569721,0 137.2323132,34.9569721,0 137.2322788,34.9569721,0 137.2322598,34.9569683,0 137.2322445,34.9569645,0 137.2322140,34.9569607,0 137.2321301,34.9569416,0 137.2320957,34.9569340,0 137.2320423,34.9569263,0 137.2319736,34.9569149,0 137.2318478,34.9568958,0 137.2317791,34.9568844,0 137.2317410,34.9568806,0 137.2317257,34.9568768,0 137.2316723,34.9568729,0 137.2316494,34.9568691,0 137.2316303,34.9568653,0 137.2316113,34.9568615,0 137.2315884,34.9568539,0 137.2315693,34.9568501,0 137.2315540,34.9568424,0 137.2315235,34.9568310,0 137.2315006,34.9568233,0 137.2314548,34.9568005,0 137.2312641,34.9567204,0 137.2312336,34.9567051,0 137.2312031,34.9566898,0 137.2311878,34.9566822,0 137.2311726,34.9566746,0 137.2311611,34.9566669,0 137.2311497,34.9566593,0 137.2311382,34.9566517,0 137.2311268,34.9566441,0 137.2311077,34.9566288,0 137.2310963,34.9566174,0 137.2310810,34.9566059,0 137.2310696,34.9565907,0 137.2310581,34.9565792,0 137.2310467,34.9565678,0 137.2310352,34.9565525,0 137.2310238,34.9565411,0 137.2310162,34.9565296,0 137.2310085,34.9565182,0 137.2310009,34.9565029,0 137.2309933,34.9564838,0 137.2309818,34.9564610,0 137.2309780,34.9564457,0 137.2309742,34.9564266,0 137.2309628,34.9563923,0 137.2309361,34.9562702,0 137.2309284,34.9562359,0 137.2309246,34.9562168,0 137.2309170,34.9562016,0 137.2309132,34.9561825,0 137.2309093,34.9561672,0 137.2309017,34.9561520,0 137.2308941,34.9561367,0 137.2308826,34.9561214,0 137.2308712,34.9561100,0 137.2308559,34.9560947,0 137.2308140,34.9560566,0 137.2307987,34.9560452,0 137.2307911,34.9560337,0 137.2307758,34.9560223,0 137.2307644,34.9560070,0 137.2307568,34.9559917,0 137.2307453,34.9559803,0 137.2307377,34.9559650,0 137.2307301,34.9559536,0 137.2307224,34.9559383,0 137.2307148,34.9559231,0 137.2307110,34.9559040,0 137.2307034,34.9558887,0 137.2306957,34.9558735,0 137.2306919,34.9558544,0 137.2306843,34.9558392,0 137.2306805,34.9558201,0 137.2306767,34.9558048,0 137.2306728,34.9557896,0 137.2306728,34.9557743,0 137.2306690,34.9557552,0 137.2306690,34.9557285,0 137.2306728,34.9557056,0 137.2306767,34.9556904,0 137.2306805,34.9556713,0 137.2306843,34.9556561,0 137.2306919,34.9556217,0 137.2307224,34.9554996,0 137.2307606,34.9553623,0 137.2307682,34.9553280,0 137.2307720,34.9553127,0 137.2307796,34.9552937,0 137.2307835,34.9552784,0 137.2307911,34.9552631,0 137.2307949,34.9552517,0 137.2308064,34.9552364,0 137.2308178,34.9552212,0 137.2308292,34.9552097,0 137.2308445,34.9551945,0 137.2308559,34.9551868,0 137.2308826,34.9551716,0 137.2308979,34.9551678,0 137.2309132,34.9551640,0 137.2309399,34.9551563,0 137.2309742,34.9551525,0 137.2310085,34.9551525,0 137.2310581,34.9551487,0 137.2312107,34.9551449,0 137.2312412,34.9551449,0 137.2312756,34.9551487,0 137.2313061,34.9551487,0 137.2313213,34.9551525,0 137.2313442,34.9551563,0 137.2313633,34.9551640,0 137.2313824,34.9551716,0 137.2313938,34.9551792,0 137.2314053,34.9551868,0 137.2314167,34.9551945,0 137.2314320,34.9552059,0 137.2314434,34.9552174,0 137.2314816,34.9552555,0 137.2314930,34.9552670,0 137.2315083,34.9552784,0 137.2315197,34.9552898,0 137.2315350,34.9552975,0 137.2315464,34.9553089,0 137.2315731,34.9553280,0 137.2316151,34.9553585,0 137.2316456,34.9553776,0 137.2316608,34.9553852,0 137.2316837,34.9554005,0 137.2317028,34.9554081,0 137.2317181,34.9554157,0 137.2317677,34.9554386,0 137.2318134,34.9554615,0 137.2318325,34.9554653,0 137.2318478,34.9554729,0 137.2318630,34.9554768,0 137.2318783,34.9554844,0 137.2319050,34.9554882,0 137.2319241,34.9554882,0 137.2319469,34.9554882,0 137.2319622,34.9554806,0 137.2319736,34.9554653,0 137.2319775,34.9554501,0 137.2319775,34.9554195,0 137.2319698,34.9554005,0 137.2319622,34.9553852,0 137.2319431,34.9553356,0 137.2319355,34.9553127,0 137.2319279,34.9552937,0 137.2319202,34.9552746,0 137.2319164,34.9552593,0 137.2319126,34.9552402,0 137.2319088,34.9552212,0 137.2319050,34.9552021,0 137.2319050,34.9551792,0 137.2319050,34.9551563,0 137.2319088,34.9551334,0 137.2319088,34.9551182,0 137.2319126,34.9551029,0 137.2319202,34.9550877,0 137.2319241,34.9550724,0 137.2319317,34.9550571,0 137.2319431,34.9550381,0 137.2319546,34.9550266,0 137.2319622,34.9550152,0 137.2319736,34.9550037,0 137.2319851,34.9549923,0 137.2320004,34.9549885,0 137.2320156,34.9549770,0 137.2320347,34.9549694,0 137.2320499,34.9549656,0 137.2320690,34.9549618,0 137.2320881,34.9549618,0 137.2321072,34.9549618,0 137.2321301,34.9549618,0 137.2321529,34.9549656,0 137.2321682,34.9549694,0 137.2321873,34.9549732,0 137.2322025,34.9549809,0 137.2322178,34.9549847,0 137.2322330,34.9549885,0 137.2322521,34.9549961,0 137.2322674,34.9549999,0 137.2322788,34.9550076,0 137.2322903,34.9550152,0 137.2323170,34.9550304,0 137.2323360,34.9550495,0 137.2323513,34.9550610,0 137.2324085,34.9551258,0 137.2324581,34.9551792,0 137.2325344,34.9552555,0 137.2325954,34.9553204,0 137.2328701,34.9555912,0 137.2329082,34.9556293,0 137.2329350,34.9556522,0 137.2329464,34.9556637,0 137.2329617,34.9556751,0 137.2329807,34.9556942,0 137.2329960,34.9557056,0 137.2330074,34.9557133,0 137.2330227,34.9557247,0 137.2330494,34.9557438,0 137.2330952,34.9557705,0 137.2331371,34.9558010,0 137.2333622,34.9559422,0 137.2334232,34.9559803,0 137.2334652,34.9560070,0 137.2335072,34.9560337,0 137.2335377,34.9560490,0 137.2335529,34.9560566,0 137.2335758,34.9560680,0 137.2335911,34.9560719,0 137.2336063,34.9560757,0 137.2336216,34.9560795,0 137.2336369,34.9560833,0 137.2336636,34.9560871,0 137.2336941,34.9560871,0 137.2337246,34.9560833,0 137.2337551,34.9560795,0 137.2337704,34.9560757,0 137.2338238,34.9560566,0 137.2338428,34.9560528,0 137.2338619,34.9560490,0 137.2338810,34.9560452,0 137.2339115,34.9560452,0 137.2339306,34.9560452,0 137.2339458,34.9560490,0 137.2339764,34.9560566,0 137.2339878,34.9560642,0 137.2339993,34.9560719,0 137.2340145,34.9560833,0 137.2340221,34.9560909,0 137.2340336,34.9560986,0 137.2340450,34.9561138,0 137.2340488,34.9561253,0 137.2340603,34.9561443,0 137.2340908,34.9562092,0 137.2341061,34.9562359,0 137.2341213,34.9562664,0 137.2341290,34.9562817,0 137.2341366,34.9562969,0 137.2341442,34.9563084,0 137.2341557,34.9563198,0 137.2341671,34.9563351,0 137.2341785,34.9563465,0 137.2341900,34.9563541,0 137.2342167,34.9563656,0 137.2342319,34.9563694,0 137.2342472,34.9563732,0 137.2342625,34.9563770,0 137.2342815,34.9563808,0 137.2343121,34.9563847,0 137.2343311,34.9563847,0 137.2343578,34.9563885,0 137.2344074,34.9563885,0 137.2344418,34.9563885,0 137.2344952,34.9563847,0 137.2345333,34.9563847,0 137.2346134,34.9563808,0 137.2346363,34.9563808,0 137.2346516,34.9563847,0 137.2346745,34.9563885,0 137.2346935,34.9563923,0 137.2347088,34.9563961,0 137.2347202,34.9564037,0 137.2347431,34.9564152,0 137.2347584,34.9564266,0 137.2347736,34.9564381,0 137.2347813,34.9564495,0 137.2347927,34.9564610,0 137.2348042,34.9564724,0 137.2348118,34.9564877,0 137.2348309,34.9565144,0 137.2348537,34.9565449,0 137.2348995,34.9566135,0 137.2349186,34.9566402,0 137.2349262,34.9566555,0 137.2349415,34.9566708,0 137.2349529,34.9566784,0 137.2349606,34.9566860,0 137.2349720,34.9566936,0 137.2349834,34.9567051,0 137.2349987,34.9567127,0 137.2350140,34.9567204,0 137.2350292,34.9567280,0 137.2350445,34.9567394,0 137.2350597,34.9567432,0 137.2350750,34.9567509,0 137.2350903,34.9567585,0 137.2351170,34.9567699,0 137.2351360,34.9567738,0 137.2351513,34.9567776,0 137.2351665,34.9567814,0 137.2351856,34.9567852,0 137.2352009,34.9567890,0 137.2352161,34.9567928,0 137.2352390,34.9567928,0 137.2352657,34.9567928,0 137.2352886,34.9567890,0 137.2353077,34.9567852,0 137.2353230,34.9567814,0 137.2353916,34.9567585,0 137.2354221,34.9567509,0 137.2354374,34.9567471,0 137.2354717,34.9567432,0 137.2354870,34.9567394,0 137.2355137,34.9567394,0 137.2355404,34.9567432,0 137.2355671,34.9567471,0 137.2355976,34.9567623,0 137.2356129,34.9567699,0 137.2356243,34.9567776,0 137.2356358,34.9567928,0 137.2356510,34.9568043,0 137.2356586,34.9568195,0 137.2356663,34.9568310,0 137.2356892,34.9568729,0 137.2357006,34.9568882,0 137.2357082,34.9568996,0 137.2357159,34.9569149,0 137.2357273,34.9569263,0 137.2357349,34.9569378,0 137.2357464,34.9569492,0 137.2357616,34.9569645,0 137.2357769,34.9569798,0 137.2357960,34.9569874,0 137.2358112,34.9569950,0 137.2358265,34.9570065,0 137.2358418,34.9570103,0 137.2358570,34.9570179,0 137.2358761,34.9570255,0 137.2358913,34.9570332,0 137.2359104,34.9570370,0 137.2359257,34.9570446,0 137.2359447,34.9570484,0 137.2359600,34.9570522,0 137.2359867,34.9570522,0 137.2360172,34.9570522,0 137.2360477,34.9570446,0 137.2360706,34.9570332,0 137.2361050,34.9570179,0 137.2361164,34.9570103,0 137.2361355,34.9570026,0 137.2361507,34.9569988,0 137.2361660,34.9569950,0 137.2361889,34.9569950,0 137.2362080,34.9569912,0 137.2362423,34.9569950,0 137.2362576,34.9569988,0 137.2362728,34.9570065,0 137.2362881,34.9570103,0 137.2362995,34.9570179,0 137.2363148,34.9570293,0 137.2363644,34.9570599,0 137.2363758,34.9570675,0 137.2363911,34.9570789,0 137.2364063,34.9570866,0 137.2364216,34.9570904,0 137.2364407,34.9570980,0 137.2364559,34.9571018,0 137.2364712,34.9571056,0 137.2365093,34.9571171,0 137.2365437,34.9571247,0 137.2365780,34.9571323,0 137.2366123,34.9571400,0 137.2366314,34.9571400,0 137.2366467,34.9571438,0 137.2366657,34.9571476,0 137.2366848,34.9571476,0 137.2367077,34.9571514,0 137.2367420,34.9571514,0 137.2367764,34.9571514,0 137.2368946,34.9571476,0 137.2369442,34.9571476,0 137.2369938,34.9571476,0 137.2370625,34.9571476,0 137.2371159,34.9571514,0 137.2371502,34.9571514,0 137.2371693,34.9571514,0 137.2372074,34.9571552,0 137.2372417,34.9571629,0 137.2372608,34.9571629,0 137.2372799,34.9571667,0 137.2373028,34.9571743,0 137.2373180,34.9571781,0 137.2373333,34.9571857,0 137.2373486,34.9571896,0 137.2373638,34.9571972,0 137.2373791,34.9572086,0 137.2373905,34.9572163,0 137.2374058,34.9572277,0 137.2374134,34.9572392,0 137.2374249,34.9572506,0 137.2374363,34.9572659,0 137.2374439,34.9572773,0 137.2374516,34.9572926,0 137.2374706,34.9573231,0 137.2374859,34.9573536,0 137.2375240,34.9574261,0 137.2375469,34.9574718,0 137.2376194,34.9576092,0 137.2376461,34.9576550,0 137.2376614,34.9576855,0 137.2376728,34.9576969,0 137.2376804,34.9577122,0 137.2376957,34.9577274,0 137.2377110,34.9577465,0 137.2377300,34.9577618,0 137.2377453,34.9577694,0 137.2377644,34.9577732,0 137.2377796,34.9577808,0 137.2377949,34.9577847,0 137.2378101,34.9577885,0 137.2378292,34.9577885,0 137.2378445,34.9577923,0 137.2378788,34.9577961,0 137.2379131,34.9577961,0 137.2379665,34.9577923,0 137.2380352,34.9577885,0 137.2381420,34.9577808,0 137.2381954,34.9577732,0 137.2382145,34.9577732,0 137.2382374,34.9577694,0 137.2382717,34.9577618,0 137.2383213,34.9577541,0 137.2383900,34.9577427,0 137.2384243,34.9577351,0 137.2384586,34.9577274,0 137.2384739,34.9577236,0 137.2384930,34.9577160,0 137.2385082,34.9577084,0 137.2385235,34.9577045,0 137.2385349,34.9576969,0 137.2385502,34.9576893,0 137.2385654,34.9576778,0 137.2385807,34.9576702,0 137.2385921,34.9576626,0 137.2386074,34.9576511,0 137.2386189,34.9576435,0 137.2386303,34.9576321,0 137.2386456,34.9576206,0 137.2386570,34.9576092,0 137.2386684,34.9575977,0 137.2387028,34.9575634,0 137.2387257,34.9575367,0 137.2387486,34.9575138,0 137.2387714,34.9574871,0 137.2387829,34.9574757,0 137.2388020,34.9574528,0 137.2388210,34.9574261,0 137.2388630,34.9573727,0 137.2390499,34.9571171,0 137.2390804,34.9570751,0 137.2390995,34.9570446,0 137.2391109,34.9570293,0 137.2391186,34.9570141,0 137.2391338,34.9569950,0 137.2391415,34.9569721,0 137.2391491,34.9569569,0 137.2391529,34.9569416,0 137.2391605,34.9569263,0 137.2391644,34.9569111,0 137.2391720,34.9568920,0 137.2391758,34.9568768,0 137.2391796,34.9568615,0 137.2391796,34.9568424,0 137.2391834,34.9568233,0 137.2391834,34.9567890,0 137.2391796,34.9567699,0 137.2391758,34.9567547,0 137.2391720,34.9567394,0 137.2391682,34.9567204,0 137.2391644,34.9567051,0 137.2391567,34.9566784,0 137.2391415,34.9566479,0 137.2391224,34.9566021,0 137.2391033,34.9565563,0 137.2390804,34.9565144,0 137.2390652,34.9564800,0 137.2390499,34.9564495,0 137.2389240,34.9562168,0 137.2389088,34.9561863,0 137.2389011,34.9561710,0 137.2388897,34.9561596,0 137.2388821,34.9561443,0 137.2388706,34.9561291,0 137.2388592,34.9561176,0 137.2388477,34.9561100,0 137.2388363,34.9560986,0 137.2388248,34.9560909,0 137.2388020,34.9560833,0 137.2387867,34.9560757,0 137.2387447,34.9560604,0 137.2387295,34.9560566,0 137.2387180,34.9560490,0 137.2387066,34.9560413,0 137.2386799,34.9560261,0 137.2386684,34.9560108,0 137.2386608,34.9560032,0 137.2386494,34.9559841,0 137.2386417,34.9559650,0 137.2386379,34.9559536,0 137.2386379,34.9559307,0 137.2386417,34.9559155,0 137.2386456,34.9559002,0 137.2386532,34.9558887,0 137.2386608,34.9558697,0 137.2386723,34.9558544,0 137.2386837,34.9558392,0 137.2387142,34.9558125,0 137.2387218,34.9558010,0 137.2387295,34.9557934,0 137.2387371,34.9557781,0 137.2387447,34.9557629,0 137.2387486,34.9557476,0 137.2387524,34.9557323,0 137.2387562,34.9557171,0 137.2387600,34.9557018,0 137.2387600,34.9556866,0 137.2387600,34.9556713,0 137.2387562,34.9556446,0 137.2387524,34.9556332,0 137.2387486,34.9556217,0 137.2387333,34.9556103,0 137.2387257,34.9555988,0 137.2387142,34.9555874,0 137.2386951,34.9555759,0 137.2386532,34.9555454,0 137.2386379,34.9555378,0 137.2386227,34.9555302,0 137.2386112,34.9555187,0 137.2385960,34.9555073,0 137.2385807,34.9554958,0 137.2385693,34.9554806,0 137.2385578,34.9554691,0 137.2385464,34.9554539,0 137.2385349,34.9554424,0 137.2385273,34.9554272,0 137.2385159,34.9554119,0 137.2385082,34.9553928,0 137.2385044,34.9553738,0 137.2385006,34.9553623,0 137.2385006,34.9553471,0 137.2385044,34.9553318,0 137.2385082,34.9553204,0 137.2385159,34.9553051,0 137.2385235,34.9552898,0 137.2385349,34.9552746,0 137.2385426,34.9552631,0 137.2385540,34.9552517,0 137.2385654,34.9552441,0 137.2385769,34.9552364,0 137.2385883,34.9552288,0 137.2386036,34.9552212,0 137.2386227,34.9552097,0 137.2386532,34.9551945,0 137.2387829,34.9551334,0 137.2388935,34.9550762,0 137.2389240,34.9550610,0 137.2389584,34.9550457,0 137.2389736,34.9550381,0 137.2389889,34.9550343,0 137.2390079,34.9550266,0 137.2390232,34.9550228,0 137.2390575,34.9550190,0 137.2390842,34.9550190,0 137.2391033,34.9550190,0 137.2391186,34.9550228,0 137.2391453,34.9550304,0 137.2391682,34.9550381,0 137.2391834,34.9550457,0 137.2391987,34.9550533,0 137.2392139,34.9550610,0 137.2392445,34.9550800,0 137.2392750,34.9550953,0 137.2393932,34.9551678,0 137.2394390,34.9551945,0 137.2394848,34.9552212,0 137.2395077,34.9552364,0 137.2395382,34.9552517,0 137.2395725,34.9552670,0 137.2396221,34.9552898,0 137.2397213,34.9553318,0 137.2397556,34.9553471,0 137.2397747,34.9553547,0 137.2397900,34.9553661,0 137.2398052,34.9553776,0 137.2398167,34.9553852,0 137.2398281,34.9554005,0 137.2398396,34.9554157,0 137.2398510,34.9554272,0 137.2398586,34.9554424,0 137.2398701,34.9554577,0 137.2398777,34.9554729,0 137.2398853,34.9554882,0 137.2398930,34.9555073,0 137.2399082,34.9555378,0 137.2399197,34.9555721,0 137.2399273,34.9555874,0 137.2399311,34.9556026,0 137.2399387,34.9556217,0 137.2399426,34.9556370,0 137.2399426,34.9556522,0 137.2399464,34.9556675,0 137.2399502,34.9556828,0 137.2399502,34.9557018,0 137.2399540,34.9557247,0 137.2399540,34.9557400,0 137.2399540,34.9557552,0 137.2399540,34.9557705,0 137.2399540,34.9558048,0 137.2399502,34.9558392,0 137.2399502,34.9558735,0 137.2399464,34.9558887,0 137.2399464,34.9559078,0 137.2399426,34.9559269,0 137.2399387,34.9559422,0 137.2399311,34.9559612,0 137.2399235,34.9559765,0 137.2399158,34.9559994,0 137.2399044,34.9560146,0 137.2398815,34.9560566,0 137.2398739,34.9560719,0 137.2398701,34.9560871,0 137.2398624,34.9560986,0 137.2398586,34.9561138,0 137.2398586,34.9561291,0 137.2398586,34.9561558,0 137.2398624,34.9561710,0 137.2398663,34.9561825,0 137.2398739,34.9561977,0 137.2398853,34.9562130,0 137.2398968,34.9562244,0 137.2399082,34.9562359,0 137.2399235,34.9562473,0 137.2399349,34.9562550,0 137.2399502,34.9562664,0 137.2399807,34.9562855,0 137.2400723,34.9563427,0 137.2401028,34.9563618,0 137.2401333,34.9563808,0 137.2401791,34.9564075,0 137.2402477,34.9564571,0 137.2404575,34.9566021,0 137.2405148,34.9566402,0 137.2405529,34.9566708,0 137.2405834,34.9566898,0 137.2405949,34.9567013,0 137.2406292,34.9567280,0 137.2406712,34.9567661,0 137.2407780,34.9568577,0 137.2408237,34.9568958,0 137.2408466,34.9569187,0 137.2408733,34.9569378,0 137.2409000,34.9569569,0 137.2409229,34.9569721,0 137.2409496,34.9569912,0 137.2409801,34.9570065,0 137.2410107,34.9570255,0 137.2410336,34.9570370,0 137.2410831,34.9570637,0 137.2412090,34.9571285,0 137.2412586,34.9571552,0 137.2413349,34.9571934,0 137.2414112,34.9572353,0 137.2414722,34.9572697,0 137.2415638,34.9573231,0 137.2416096,34.9573498,0 137.2416248,34.9573612,0 137.2416363,34.9573727,0 137.2416553,34.9573841,0 137.2416744,34.9573994,0 137.2416935,34.9574184,0 137.2417164,34.9574375,0 137.2417507,34.9574718,0 137.2418308,34.9575558,0 137.2418537,34.9575787,0 137.2418766,34.9575977,0 137.2418880,34.9576092,0 137.2419033,34.9576206,0 137.2419147,34.9576321,0 137.2419300,34.9576435,0 137.2419453,34.9576550,0 137.2419605,34.9576664,0 137.2419758,34.9576740,0 137.2419872,34.9576817,0 137.2419987,34.9576893,0 137.2420139,34.9576931,0 137.2420330,34.9577007,0 137.2420635,34.9577084,0 137.2420940,34.9577084,0 137.2421207,34.9577084,0 137.2421513,34.9577045,0 137.2421703,34.9577045,0 137.2422009,34.9576969,0 137.2422695,34.9576817,0 137.2423000,34.9576740,0 137.2423267,34.9576702,0 137.2423458,34.9576664,0 137.2423725,34.9576664,0 137.2423878,34.9576626,0 137.2424068,34.9576626,0 137.2424412,34.9576626,0 137.2424641,34.9576664,0 137.2424831,34.9576702,0 137.2425022,34.9576740,0 137.2425251,34.9576778,0 137.2425442,34.9576855,0 137.2425594,34.9576931,0 137.2425785,34.9577007,0 137.2426357,34.9577312,0 137.2426510,34.9577389,0 137.2426662,34.9577427,0 137.2426815,34.9577503,0 137.2426968,34.9577541,0 137.2427197,34.9577618,0 137.2427502,34.9577656,0 137.2427654,34.9577694,0 137.2427845,34.9577694,0 137.2428036,34.9577694,0 137.2428226,34.9577694,0 137.2428532,34.9577694,0 137.2428875,34.9577694,0 137.2429218,34.9577656,0 137.2429752,34.9577618,0 137.2430134,34.9577579,0 137.2430477,34.9577579,0 137.2430668,34.9577541,0 137.2430935,34.9577503,0 137.2431278,34.9577427,0 137.2431812,34.9577351,0 137.2432308,34.9577198,0 137.2433720,34.9576893,0 137.2434216,34.9576778,0 137.2434559,34.9576702,0 137.2434750,34.9576664,0 137.2435131,34.9576626,0 137.2435551,34.9576626,0 137.2435703,34.9576664,0 137.2436047,34.9576664,0 137.2436199,34.9576702,0 137.2436352,34.9576740,0 137.2436619,34.9576817,0 137.2436771,34.9576855,0 137.2437038,34.9576969,0 137.2437191,34.9577084,0 137.2437344,34.9577198,0 137.2437496,34.9577351,0 137.2437611,34.9577503,0 137.2437725,34.9577618,0 137.2437801,34.9577732,0 137.2437916,34.9577885,0 137.2438335,34.9578571,0 137.2438450,34.9578724,0 137.2438564,34.9578876,0 137.2438679,34.9579029,0 137.2438831,34.9579182,0 137.2438946,34.9579296,0 137.2439098,34.9579411,0 137.2439213,34.9579525,0 137.2439327,34.9579601,0 137.2439480,34.9579678,0 137.2439594,34.9579754,0 137.2439899,34.9579906,0 137.2441463,34.9580708,0 137.2442112,34.9581013,0 137.2442417,34.9581203,0 137.2442608,34.9581280,0 137.2442760,34.9581394,0 137.2442875,34.9581470,0 137.2443027,34.9581585,0 137.2443180,34.9581738,0 137.2443295,34.9581852,0 137.2443371,34.9581966,0 137.2443447,34.9582119,0 137.2443523,34.9582272,0 137.2443562,34.9582424,0 137.2443562,34.9582653,0 137.2443523,34.9582882,0 137.2443485,34.9583073,0 137.2443371,34.9583263,0 137.2443218,34.9583416,0 137.2443104,34.9583530,0 137.2443027,34.9583607,0 137.2442875,34.9583683,0 137.2442646,34.9583797,0 137.2442493,34.9583836,0 137.2442150,34.9583950,0 137.2441959,34.9583988,0 137.2441616,34.9584064,0 137.2441082,34.9584141,0 137.2440510,34.9584217,0 137.2439976,34.9584255,0 137.2439327,34.9584332,0 137.2439175,34.9584370,0 137.2438869,34.9584408,0 137.2438717,34.9584484,0 137.2438564,34.9584560,0 137.2438412,34.9584637,0 137.2438221,34.9584751,0 137.2438107,34.9584866,0 137.2438030,34.9584980,0 137.2437954,34.9585094,0 137.2437878,34.9585247,0 137.2437801,34.9585361,0 137.2437763,34.9585514,0 137.2437725,34.9585667,0 137.2437649,34.9585857,0 137.2437649,34.9586010,0 137.2437611,34.9586124,0 137.2437611,34.9586315,0 137.2437572,34.9586468,0 137.2437572,34.9586658,0 137.2437572,34.9586849,0 137.2437611,34.9587383,0 137.2437611,34.9587727,0 137.2437611,34.9587917,0 137.2437611,34.9588070,0 137.2437572,34.9588299,0 137.2437534,34.9588528,0 137.2437496,34.9588680,0 137.2437420,34.9588833,0 137.2437305,34.9588985,0 137.2437153,34.9589176,0 137.2437000,34.9589291,0 137.2436886,34.9589367,0 137.2436657,34.9589481,0 137.2436390,34.9589558,0 137.2436085,34.9589596,0 137.2435780,34.9589596,0 137.2435627,34.9589558,0 137.2435436,34.9589520,0 137.2435207,34.9589405,0 137.2434978,34.9589291,0 137.2434826,34.9589176,0 137.2434635,34.9588985,0 137.2434483,34.9588833,0 137.2434368,34.9588718,0 137.2433910,34.9588146,0 137.2433758,34.9587955,0 137.2433643,34.9587803,0 137.2433414,34.9587574,0 137.2433186,34.9587345,0 137.2433071,34.9587231,0 137.2432919,34.9587154,0 137.2432804,34.9587040,0 137.2432652,34.9586926,0 137.2432537,34.9586849,0 137.2432384,34.9586773,0 137.2432194,34.9586658,0 137.2432041,34.9586620,0 137.2431889,34.9586582,0 137.2431622,34.9586544,0 137.2431355,34.9586544,0 137.2431087,34.9586582,0 137.2430820,34.9586658,0 137.2430668,34.9586735,0 137.2430515,34.9586811,0 137.2430210,34.9586964,0 137.2429714,34.9587231,0 137.2429562,34.9587307,0 137.2429409,34.9587383,0 137.2429256,34.9587460,0 137.2429104,34.9587498,0 137.2428951,34.9587574,0 137.2428761,34.9587612,0 137.2428417,34.9587650,0 137.2428150,34.9587612,0 137.2427883,34.9587574,0 137.2427616,34.9587498,0 137.2427464,34.9587383,0 137.2427235,34.9587269,0 137.2427120,34.9587116,0 137.2427006,34.9587002,0 137.2426815,34.9586773,0 137.2426739,34.9586620,0 137.2426548,34.9586315,0 137.2426205,34.9585743,0 137.2426090,34.9585552,0 137.2425976,34.9585400,0 137.2425785,34.9585133,0 137.2425556,34.9584866,0 137.2425442,34.9584751,0 137.2425327,34.9584599,0 137.2425175,34.9584446,0 137.2425022,34.9584332,0 137.2424793,34.9584141,0 137.2424564,34.9583912,0 137.2424412,34.9583836,0 137.2424145,34.9583645,0 137.2423954,34.9583492,0 137.2423687,34.9583340,0 137.2423382,34.9583149,0 137.2423229,34.9583073,0 137.2423077,34.9582996,0 137.2422848,34.9582882,0 137.2422695,34.9582844,0 137.2422428,34.9582729,0 137.2422237,34.9582691,0 137.2422047,34.9582653,0 137.2421780,34.9582577,0 137.2421474,34.9582500,0 137.2421322,34.9582462,0 137.2421055,34.9582462,0 137.2420902,34.9582424,0 137.2420597,34.9582424,0 137.2420177,34.9582424,0 137.2419643,34.9582424,0 137.2419453,34.9582462,0 137.2419109,34.9582424,0 137.2418804,34.9582386,0 137.2418652,34.9582348,0 137.2418385,34.9582272,0 137.2418270,34.9582195,0 137.2418118,34.9582119,0 137.2418003,34.9582043,0 137.2417812,34.9581890,0 137.2417469,34.9581585,0 137.2417316,34.9581432,0 137.2417164,34.9581356,0 137.2417011,34.9581280,0 137.2416859,34.9581203,0 137.2416706,34.9581127,0 137.2416553,34.9581089,0 137.2416248,34.9580936,0 137.2415791,34.9580784,0 137.2415447,34.9580669,0 137.2415142,34.9580555,0 137.2414989,34.9580517,0 137.2414646,34.9580441,0 137.2414303,34.9580326,0 137.2412739,34.9579983,0 137.2412205,34.9579830,0 137.2411861,34.9579754,0 137.2411709,34.9579678,0 137.2411480,34.9579601,0 137.2411175,34.9579487,0 137.2410717,34.9579296,0 137.2410412,34.9579182,0 137.2410259,34.9579105,0 137.2409954,34.9578953,0 137.2409801,34.9578876,0 137.2409611,34.9578800,0 137.2409458,34.9578686,0 137.2409306,34.9578609,0 137.2409039,34.9578419,0 137.2408581,34.9578114,0 137.2407436,34.9577274,0 137.2407017,34.9577007,0 137.2406712,34.9576817,0 137.2406559,34.9576702,0 137.2406330,34.9576588,0 137.2406178,34.9576511,0 137.2405834,34.9576359,0 137.2405529,34.9576206,0 137.2405033,34.9575977,0 137.2404385,34.9575710,0 137.2403698,34.9575405,0 137.2403202,34.9575214,0 137.2402821,34.9575062,0 137.2402363,34.9574871,0 137.2402020,34.9574757,0 137.2401714,34.9574642,0 137.2401524,34.9574566,0 137.2401371,34.9574528,0 137.2401218,34.9574490,0 137.2401066,34.9574451,0 137.2400913,34.9574413,0 137.2400761,34.9574451,0 137.2400494,34.9574528,0 137.2400303,34.9574680,0 137.2400150,34.9574795,0 137.2400074,34.9574909,0 137.2400036,34.9575062,0 137.2399921,34.9575253,0 137.2399845,34.9575443,0 137.2399616,34.9576092,0 137.2399578,34.9576283,0 137.2399502,34.9576397,0 137.2399464,34.9576511,0 137.2399387,34.9576664,0 137.2399311,34.9576817,0 137.2399197,34.9577084,0 137.2399120,34.9577198,0 137.2399006,34.9577351,0 137.2398930,34.9577465,0 137.2398815,34.9577656,0 137.2398739,34.9577770,0 137.2398624,34.9577885,0 137.2398548,34.9577999,0 137.2398434,34.9578114,0 137.2398243,34.9578266,0 137.2398129,34.9578381,0 137.2397976,34.9578495,0 137.2397861,34.9578609,0 137.2397709,34.9578724,0 137.2397556,34.9578800,0 137.2397404,34.9578915,0 137.2397251,34.9578953,0 137.2397099,34.9579029,0 137.2396832,34.9579067,0 137.2396603,34.9579105,0 137.2396145,34.9579182,0 137.2395840,34.9579258,0 137.2395573,34.9579372,0 137.2395420,34.9579449,0 137.2395267,34.9579525,0 137.2395153,34.9579639,0 137.2395039,34.9579754,0 137.2394886,34.9579868,0 137.2394772,34.9579983,0 137.2394581,34.9580212,0 137.2394047,34.9580860,0 137.2393818,34.9581127,0 137.2393703,34.9581242,0 137.2393589,34.9581356,0 137.2393475,34.9581470,0 137.2393360,34.9581623,0 137.2393208,34.9581738,0 137.2393055,34.9581852,0 137.2392941,34.9581928,0 137.2392788,34.9582043,0 137.2392635,34.9582119,0 137.2392483,34.9582195,0 137.2392178,34.9582348,0 137.2391834,34.9582500,0 137.2391682,34.9582577,0 137.2391491,34.9582653,0 137.2391338,34.9582691,0 137.2391186,34.9582767,0 137.2390995,34.9582806,0 137.2390728,34.9582882,0 137.2390461,34.9582882,0 137.2390156,34.9582882,0 137.2389889,34.9582844,0 137.2389660,34.9582729,0 137.2389431,34.9582615,0 137.2389278,34.9582500,0 137.2389126,34.9582310,0 137.2389011,34.9582157,0 137.2388973,34.9582005,0 137.2388897,34.9581814,0 137.2388859,34.9581661,0 137.2388859,34.9581509,0 137.2388859,34.9581280,0 137.2388897,34.9580898,0 137.2388897,34.9580746,0 137.2388897,34.9580555,0 137.2388859,34.9580441,0 137.2388744,34.9580326,0 137.2388515,34.9580250,0 137.2388325,34.9580250,0 137.2388058,34.9580364,0 137.2387905,34.9580441,0 137.2387753,34.9580517,0 137.2387600,34.9580593,0 137.2387333,34.9580822,0 137.2387180,34.9580898,0 137.2386875,34.9581127,0 137.2386417,34.9581470,0 137.2385731,34.9582043,0 137.2385616,34.9582157,0 137.2385464,34.9582233,0 137.2385349,34.9582310,0 137.2385197,34.9582424,0 137.2385044,34.9582500,0 137.2384853,34.9582539,0 137.2384586,34.9582615,0 137.2384357,34.9582653,0 137.2384052,34.9582653,0 137.2383785,34.9582615,0 137.2383366,34.9582577,0 137.2383137,34.9582500,0 137.2382526,34.9582348,0 137.2382221,34.9582310,0 137.2381992,34.9582272,0 137.2381687,34.9582272,0 137.2381382,34.9582348,0 137.2381077,34.9582462,0 137.2380924,34.9582539,0 137.2380772,34.9582653,0 137.2380619,34.9582729,0 137.2380505,34.9582844,0 137.2380352,34.9582920,0 137.2380161,34.9583073,0 137.2379932,34.9583302,0 137.2379704,34.9583530,0 137.2379551,34.9583645,0 137.2379436,34.9583759,0 137.2379322,34.9583874,0 137.2379246,34.9583988,0 137.2379131,34.9584141,0 137.2379055,34.9584255,0 137.2378979,34.9584446,0 137.2378902,34.9584522,0 137.2378864,34.9584675,0 137.2378826,34.9584827,0 137.2378826,34.9585094,0 137.2378864,34.9585209,0 137.2378864,34.9585361,0 137.2378902,34.9585514,0 137.2378979,34.9585667,0 137.2379017,34.9585819,0 137.2379131,34.9586010,0 137.2379208,34.9586201,0 137.2379284,34.9586315,0 137.2379360,34.9586430,0 137.2379475,34.9586582,0 137.2379589,34.9586735,0 137.2379932,34.9587116,0 137.2380047,34.9587231,0 137.2380161,34.9587383,0 137.2380199,34.9587498,0 137.2380314,34.9587650,0 137.2380352,34.9587803,0 137.2380390,34.9587917,0 137.2380428,34.9588108,0 137.2380466,34.9588261,0 137.2380466,34.9588413,0 137.2380505,34.9588604,0 137.2380505,34.9588757,0 137.2380505,34.9589100,0 137.2380543,34.9589977,0 137.2380543,34.9590511,0 137.2380543,34.9590702,0 137.2380543,34.9590855,0 137.2380505,34.9591045,0 137.2380505,34.9591198,0 137.2380466,34.9591312,0 137.2380466,34.9591465,0 137.2380390,34.9591618,0 137.2380314,34.9591770,0 137.2380238,34.9591923,0 137.2380085,34.9592075,0 137.2379971,34.9592190,0 137.2379818,34.9592266,0 137.2379742,34.9592342,0 137.2379589,34.9592381,0 137.2379436,34.9592457,0 137.2379284,34.9592495,0 137.2379055,34.9592533,0 137.2378902,34.9592571,0 137.2378635,34.9592533,0 137.2378368,34.9592495,0 137.2378216,34.9592457,0 137.2377987,34.9592381,0 137.2377834,34.9592304,0 137.2377682,34.9592190,0 137.2377491,34.9592037,0 137.2377300,34.9591885,0 137.2377186,34.9591770,0 137.2376957,34.9591503,0 137.2376728,34.9591236,0 137.2375507,34.9589710,0 137.2375317,34.9589443,0 137.2375202,34.9589291,0 137.2375088,34.9589176,0 137.2375011,34.9589062,0 137.2374973,34.9588947,0 137.2374897,34.9588833,0 137.2374821,34.9588680,0 137.2374744,34.9588566,0 137.2374706,34.9588413,0 137.2374668,34.9588146,0 137.2374630,34.9587955,0 137.2374668,34.9587803,0 137.2374706,34.9587536,0 137.2374706,34.9587383,0 137.2374783,34.9587193,0 137.2374821,34.9587002,0 137.2374973,34.9586582,0 137.2375088,34.9586163,0 137.2375278,34.9585743,0 137.2375278,34.9585667,0</coordinates></LinearRing></outerBoundaryIs></Polygon></Placemark><Placemark><styleUrl>#minyu</styleUrl><Polygon><outerBoundaryIs><LinearRing><coordinates>137.2356434,34.9545269,0 137.2356129,34.9545231,0 137.2355785,34.9545231,0 137.2355442,34.9545231,0 137.2354794,34.9545269,0 137.2354450,34.9545269,0 137.2354259,34.9545269,0 137.2354107,34.9545231,0 137.2353764,34.9545193,0 137.2353535,34.9545155,0 137.2353382,34.9545078,0 137.2353230,34.9545040,0 137.2353077,34.9544964,0 137.2352924,34.9544888,0 137.2352734,34.9544811,0 137.2352428,34.9544621,0 137.2352123,34.9544468,0 137.2351971,34.9544353,0 137.2351818,34.9544277,0 137.2351704,34.9544163,0 137.2351551,34.9544048,0 137.2351437,34.9543934,0 137.2351170,34.9543705,0 137.2350636,34.9543247,0 137.2350521,34.9543133,0 137.2350368,34.9543018,0 137.2350254,34.9542904,0 137.2350101,34.9542828,0 137.2349949,34.9542751,0 137.2349796,34.9542675,0 137.2349529,34.9542599,0 137.2349339,34.9542561,0 137.2349186,34.9542522,0 137.2348461,34.9542484,0 137.2348118,34.9542446,0 137.2347965,34.9542408,0 137.2347813,34.9542370,0 137.2347546,34.9542332,0 137.2347355,34.9542294,0 137.2347202,34.9542217,0 137.2346973,34.9542141,0 137.2346706,34.9541988,0 137.2346554,34.9541874,0 137.2346401,34.9541721,0 137.2346287,34.9541607,0 137.2346210,34.9541492,0 137.2346096,34.9541302,0 137.2345982,34.9541149,0 137.2345905,34.9540997,0 137.2345867,34.9540844,0 137.2345791,34.9540691,0 137.2345753,34.9540539,0 137.2345715,34.9540424,0 137.2345715,34.9540272,0 137.2345715,34.9540005,0 137.2345753,34.9539890,0 137.2345791,34.9539738,0 137.2345867,34.9539623,0 137.2345982,34.9539433,0 137.2346096,34.9539280,0 137.2346249,34.9539165,0 137.2346401,34.9539089,0 137.2346516,34.9539013,0 137.2346668,34.9538975,0 137.2346935,34.9538898,0 137.2347202,34.9538860,0 137.2347507,34.9538860,0 137.2347698,34.9538898,0 137.2348003,34.9538975,0 137.2348194,34.9539013,0 137.2348347,34.9539089,0 137.2348499,34.9539127,0 137.2348843,34.9539280,0 137.2350025,34.9539776,0 137.2350368,34.9539890,0 137.2350521,34.9539967,0 137.2350826,34.9540081,0 137.2351170,34.9540157,0 137.2352123,34.9540462,0 137.2352772,34.9540691,0 137.2353611,34.9540920,0 137.2359066,34.9542408,0 137.2359600,34.9542561,0 137.2359943,34.9542637,0 137.2360210,34.9542713,0 137.2360439,34.9542751,0 137.2360783,34.9542828,0 137.2361317,34.9542904,0 137.2365742,34.9543552,0 137.2369785,34.9544125,0 137.2370129,34.9544201,0 137.2370625,34.9544277,0 137.2371311,34.9544353,0 137.2371655,34.9544353,0 137.2371807,34.9544392,0 137.2371998,34.9544392,0 137.2372341,34.9544392,0 137.2372684,34.9544353,0 137.2372875,34.9544315,0 137.2373219,34.9544277,0 137.2373371,34.9544201,0 137.2373524,34.9544163,0 137.2373638,34.9544086,0 137.2373791,34.9544048,0 137.2374516,34.9543667,0 137.2374821,34.9543514,0 137.2375126,34.9543400,0 137.2375278,34.9543324,0 137.2375469,34.9543247,0 137.2375622,34.9543209,0 137.2375889,34.9543171,0 137.2376156,34.9543133,0 137.2376423,34.9543133,0 137.2376614,34.9543171,0 137.2376995,34.9543247,0 137.2377224,34.9543324,0 137.2377377,34.9543400,0 137.2377529,34.9543476,0 137.2378025,34.9543667,0 137.2378368,34.9543819,0 137.2378521,34.9543934,0 137.2378712,34.9544010,0 137.2378864,34.9544086,0 137.2379055,34.9544201,0 137.2379208,34.9544315,0 137.2379360,34.9544468,0 137.2379475,34.9544582,0 137.2379589,34.9544735,0 137.2379665,34.9544888,0 137.2379704,34.9545040,0 137.2379742,34.9545193,0 137.2379742,34.9545345,0 137.2379742,34.9545498,0 137.2379704,34.9545650,0 137.2379627,34.9545803,0 137.2379551,34.9545956,0 137.2379398,34.9546146,0 137.2379284,34.9546261,0 137.2379169,34.9546337,0 137.2379055,34.9546413,0 137.2378941,34.9546490,0 137.2378674,34.9546566,0 137.2378521,34.9546604,0 137.2378330,34.9546642,0 137.2378139,34.9546642,0 137.2377796,34.9546642,0 137.2377262,34.9546642,0 137.2375889,34.9546566,0 137.2375240,34.9546528,0 137.2374706,34.9546528,0 137.2374363,34.9546528,0 137.2374020,34.9546528,0 137.2373676,34.9546566,0 137.2372417,34.9546680,0 137.2372074,34.9546719,0 137.2371883,34.9546757,0 137.2371578,34.9546757,0 137.2371235,34.9546757,0 137.2370052,34.9546795,0 137.2369518,34.9546833,0 137.2369175,34.9546833,0 137.2368832,34.9546871,0 137.2368336,34.9546909,0 137.2367802,34.9546986,0 137.2367115,34.9547062,0 137.2365932,34.9547215,0 137.2365627,34.9547253,0 137.2365360,34.9547253,0 137.2365017,34.9547253,0 137.2364635,34.9547215,0 137.2364407,34.9547176,0 137.2364254,34.9547138,0 137.2364063,34.9547100,0 137.2363873,34.9547062,0 137.2363720,34.9546986,0 137.2363567,34.9546947,0 137.2363148,34.9546795,0 137.2362843,34.9546680,0 137.2361736,34.9546261,0 137.2361317,34.9546108,0 137.2361050,34.9546032,0 137.2360783,34.9545956,0 137.2360439,34.9545841,0 137.2360134,34.9545765,0 137.2357311,34.9545383,0 137.2356777,34.9545307,0 137.2356434,34.9545269,0</coordinates></LinearRing></outerBoundaryIs></Polygon></Placemark><Placemark><styleUrl>#minyu</styleUrl><Polygon><outerBoundaryIs><LinearRing><coordinates>137.2146167,34.9735875,0 137.2148609,34.9735165,0 137.2148838,34.9735088,0 137.2149067,34.9735012,0 137.2149334,34.9734974,0 137.2149715,34.9734936,0 137.2149944,34.9734974,0 137.2150135,34.9734974,0 137.2150288,34.9735012,0 137.2150440,34.9735088,0 137.2150593,34.9735165,0 137.2150745,34.9735241,0 137.2150860,34.9735355,0 137.2150974,34.9735470,0 137.2151051,34.9735546,0 137.2151165,34.9735699,0 137.2151241,34.9735851,0 137.2151279,34.9735966,0 137.2151356,34.9736156,0 137.2151356,34.9736385,0 137.2151394,34.9736538,0 137.2151394,34.9736729,0 137.2151394,34.9736881,0 137.2151356,34.9737072,0 137.2151318,34.9737263,0 137.2151279,34.9737377,0 137.2151241,34.9737530,0 137.2151165,34.9737682,0 137.2151089,34.9737835,0 137.2150936,34.9738026,0 137.2150860,34.9738178,0 137.2150631,34.9738445,0 137.2150402,34.9738750,0 137.2149296,34.9740086,0 137.2149067,34.9740353,0 137.2148952,34.9740505,0 137.2148838,34.9740620,0 137.2148724,34.9740772,0 137.2148495,34.9740963,0 137.2148342,34.9741077,0 137.2148228,34.9741192,0 137.2148075,34.9741230,0 137.2147923,34.9741306,0 137.2147655,34.9741383,0 137.2147503,34.9741421,0 137.2147274,34.9741421,0 137.2147007,34.9741421,0 137.2146854,34.9741383,0 137.2146702,34.9741344,0 137.2146473,34.9741268,0 137.2146282,34.9741192,0 137.2146167,34.9741146,0 137.2146167,34.9735875,0</coordinates></LinearRing></outerBoundaryIs></Polygon></Placemark><Placemark><styleUrl>#minyu</styleUrl><Polygon><outerBoundaryIs><LinearRing><coordinates>137.2249928,34.9637547,0 137.2250538,34.9638119,0 137.2250881,34.9638424,0 137.2251072,34.9638538,0 137.2251225,34.9638653,0 137.2251339,34.9638767,0 137.2251492,34.9638844,0 137.2251644,34.9638958,0 137.2251759,34.9639034,0 137.2251911,34.9639072,0 137.2252102,34.9639149,0 137.2252254,34.9639187,0 137.2252407,34.9639225,0 137.2252750,34.9639263,0 137.2252903,34.9639301,0 137.2253094,34.9639339,0 137.2253246,34.9639416,0 137.2253437,34.9639492,0 137.2253628,34.9639606,0 137.2253780,34.9639721,0 137.2253933,34.9639835,0 137.2254086,34.9640026,0 137.2254200,34.9640217,0 137.2254238,34.9640369,0 137.2254276,34.9640484,0 137.2254276,34.9640751,0 137.2254238,34.9641018,0 137.2254162,34.9641171,0 137.2254047,34.9641323,0 137.2253933,34.9641438,0 137.2253857,34.9641552,0 137.2253704,34.9641666,0 137.2253551,34.9641743,0 137.2253399,34.9641819,0 137.2253132,34.9641895,0 137.2252979,34.9641972,0 137.2252789,34.9641972,0 137.2252636,34.9642010,0 137.2252369,34.9642010,0 137.2251759,34.9642048,0 137.2251415,34.9642048,0 137.2251072,34.9642086,0 137.2250881,34.9642086,0 137.2250729,34.9642124,0 137.2250462,34.9642200,0 137.2250271,34.9642200,0 137.2249966,34.9642353,0 137.2249775,34.9642391,0 137.2249660,34.9642467,0 137.2249508,34.9642544,0 137.2249317,34.9642620,0 137.2249165,34.9642735,0 137.2249012,34.9642811,0 137.2248898,34.9642925,0 137.2248745,34.9643002,0 137.2248554,34.9643154,0 137.2248402,34.9643307,0 137.2248135,34.9643536,0 137.2247791,34.9643917,0 137.2247639,34.9644032,0 137.2247524,34.9644146,0 137.2247410,34.9644260,0 137.2247257,34.9644375,0 137.2247143,34.9644451,0 137.2246990,34.9644527,0 137.2246838,34.9644604,0 137.2246685,34.9644680,0 137.2246494,34.9644718,0 137.2246342,34.9644794,0 137.2246037,34.9644871,0 137.2245693,34.9644947,0 137.2245541,34.9644985,0 137.2245197,34.9645061,0 137.2244816,34.9645100,0 137.2244511,34.9645176,0 137.2244358,34.9645214,0 137.2244015,34.9645329,0 137.2243671,34.9645405,0 137.2243443,34.9645481,0 137.2243252,34.9645557,0 137.2242947,34.9645710,0 137.2242641,34.9645824,0 137.2242336,34.9645977,0 137.2242184,34.9646053,0 137.2242031,34.9646130,0 137.2241802,34.9646282,0 137.2241497,34.9646473,0 137.2241077,34.9646740,0 137.2240200,34.9647350,0 137.2239780,34.9647617,0 137.2239666,34.9647732,0 137.2239513,34.9647846,0 137.2239399,34.9647961,0 137.2239285,34.9648075,0 137.2239132,34.9648228,0 137.2239056,34.9648380,0 137.2239017,34.9648533,0 137.2238941,34.9648685,0 137.2238941,34.9648838,0 137.2238903,34.9648991,0 137.2238903,34.9649181,0 137.2238903,34.9649334,0 137.2238941,34.9649487,0 137.2238941,34.9649677,0 137.2238979,34.9649868,0 137.2239017,34.9650021,0 137.2239056,34.9650173,0 137.2239094,34.9650326,0 137.2239170,34.9650478,0 137.2239399,34.9650936,0 137.2239437,34.9651089,0 137.2239513,34.9651241,0 137.2239552,34.9651394,0 137.2239590,34.9651623,0 137.2239552,34.9651890,0 137.2239513,34.9652042,0 137.2239475,34.9652195,0 137.2239399,34.9652348,0 137.2239285,34.9652500,0 137.2239132,34.9652615,0 137.2238979,34.9652729,0 137.2238827,34.9652843,0 137.2238636,34.9652882,0 137.2238369,34.9652958,0 137.2238140,34.9652996,0 137.2237949,34.9652996,0 137.2237720,34.9652958,0 137.2237568,34.9652920,0 137.2237377,34.9652882,0 137.2237225,34.9652843,0 137.2237034,34.9652805,0 137.2236881,34.9652729,0 137.2236538,34.9652615,0 137.2235355,34.9652195,0 137.2234135,34.9651814,0 137.2233829,34.9651661,0 137.2233639,34.9651623,0 137.2233486,34.9651546,0 137.2233334,34.9651470,0 137.2233219,34.9651394,0 137.2233028,34.9651318,0 137.2232876,34.9651203,0 137.2232761,34.9651089,0 137.2232647,34.9650974,0 137.2232571,34.9650822,0 137.2232494,34.9650707,0 137.2232456,34.9650593,0 137.2232418,34.9650478,0 137.2232418,34.9650249,0 137.2232418,34.9650021,0 137.2232456,34.9649906,0 137.2232494,34.9649792,0 137.2232609,34.9649677,0 137.2232685,34.9649487,0 137.2232838,34.9649334,0 137.2232952,34.9649258,0 137.2233067,34.9649143,0 137.2233219,34.9649067,0 137.2233372,34.9648952,0 137.2233524,34.9648876,0 137.2234135,34.9648533,0 137.2234287,34.9648418,0 137.2234440,34.9648342,0 137.2234592,34.9648228,0 137.2234707,34.9648113,0 137.2234859,34.9648037,0 137.2234974,34.9647923,0 137.2235088,34.9647770,0 137.2235203,34.9647655,0 137.2235622,34.9647160,0 137.2235737,34.9647007,0 137.2235851,34.9646893,0 137.2235966,34.9646778,0 137.2236118,34.9646664,0 137.2236233,34.9646549,0 137.2236538,34.9646320,0 137.2236805,34.9646130,0 137.2237530,34.9645596,0 137.2237797,34.9645367,0 137.2237911,34.9645252,0 137.2238064,34.9645138,0 137.2238178,34.9645023,0 137.2238331,34.9644871,0 137.2238522,34.9644680,0 137.2238598,34.9644527,0 137.2238674,34.9644337,0 137.2238712,34.9644184,0 137.2238750,34.9644032,0 137.2238789,34.9643917,0 137.2238789,34.9643764,0 137.2238865,34.9643269,0 137.2238903,34.9643116,0 137.2238941,34.9642963,0 137.2238979,34.9642811,0 137.2239056,34.9642696,0 137.2239094,34.9642544,0 137.2239208,34.9642429,0 137.2239323,34.9642315,0 137.2239475,34.9642162,0 137.2239666,34.9642048,0 137.2239819,34.9641933,0 137.2239971,34.9641895,0 137.2240124,34.9641819,0 137.2240276,34.9641781,0 137.2240467,34.9641743,0 137.2240772,34.9641666,0 137.2241650,34.9641514,0 137.2241993,34.9641438,0 137.2242146,34.9641399,0 137.2242298,34.9641361,0 137.2242489,34.9641323,0 137.2242641,34.9641247,0 137.2242794,34.9641209,0 137.2242947,34.9641132,0 137.2243061,34.9641056,0 137.2243214,34.9640980,0 137.2243443,34.9640865,0 137.2243557,34.9640713,0 137.2243671,34.9640636,0 137.2243786,34.9640522,0 137.2243938,34.9640369,0 137.2244167,34.9640102,0 137.2244244,34.9639988,0 137.2244358,34.9639835,0 137.2244549,34.9639568,0 137.2245274,34.9638538,0 137.2245541,34.9638119,0 137.2245770,34.9637852,0 137.2245884,34.9637699,0 137.2245998,34.9637547,0 137.2246151,34.9637394,0 137.2246265,34.9637280,0 137.2246380,34.9637203,0 137.2246532,34.9637089,0 137.2246647,34.9637012,0 137.2246761,34.9636936,0 137.2246876,34.9636822,0 137.2247028,34.9636745,0 137.2247181,34.9636669,0 137.2247372,34.9636593,0 137.2247601,34.9636478,0 137.2247753,34.9636440,0 137.2247944,34.9636402,0 137.2248173,34.9636364,0 137.2248516,34.9636402,0 137.2248783,34.9636440,0 137.2249012,34.9636555,0 137.2249126,34.9636631,0 137.2249393,34.9636822,0 137.2249584,34.9637012,0 137.2249737,34.9637203,0 137.2249851,34.9637356,0 137.2249928,34.9637547,0</coordinates></LinearRing></outerBoundaryIs></Polygon></Placemark><Placemark><styleUrl>#minyu</styleUrl><Polygon><outerBoundaryIs><LinearRing><coordinates>137.2281246,34.9653683,0 137.2281437,34.9653416,0 137.2281590,34.9653149,0 137.2281704,34.9652958,0 137.2281933,34.9652538,0 137.2282047,34.9652386,0 137.2282238,34.9652004,0 137.2282772,34.9650936,0 137.2283535,34.9649372,0 137.2283840,34.9648724,0 137.2284031,34.9648418,0 137.2284222,34.9647923,0 137.2284603,34.9647121,0 137.2284832,34.9646626,0 137.2284985,34.9646244,0 137.2285099,34.9645939,0 137.2285175,34.9645786,0 137.2285252,34.9645519,0 137.2285290,34.9645367,0 137.2285366,34.9645176,0 137.2285404,34.9644985,0 137.2285404,34.9644718,0 137.2285404,34.9644566,0 137.2285366,34.9644413,0 137.2285290,34.9644146,0 137.2285213,34.9643993,0 137.2285137,34.9643841,0 137.2285061,34.9643688,0 137.2284946,34.9643536,0 137.2284832,34.9643383,0 137.2284756,34.9643269,0 137.2284641,34.9643154,0 137.2284527,34.9643040,0 137.2284412,34.9642925,0 137.2284298,34.9642849,0 137.2284184,34.9642735,0 137.2284031,34.9642658,0 137.2283916,34.9642544,0 137.2283764,34.9642467,0 137.2283649,34.9642391,0 137.2283497,34.9642315,0 137.2283344,34.9642239,0 137.2283192,34.9642162,0 137.2282887,34.9642086,0 137.2282581,34.9642010,0 137.2282276,34.9642010,0 137.2282085,34.9642010,0 137.2281933,34.9642048,0 137.2281742,34.9642048,0 137.2281513,34.9642086,0 137.2281322,34.9642162,0 137.2280865,34.9642277,0 137.2280674,34.9642353,0 137.2280407,34.9642391,0 137.2280216,34.9642391,0 137.2279911,34.9642391,0 137.2279644,34.9642353,0 137.2279377,34.9642277,0 137.2279263,34.9642200,0 137.2279110,34.9642086,0 137.2278919,34.9641933,0 137.2278767,34.9641819,0 137.2278690,34.9641705,0 137.2278614,34.9641590,0 137.2278500,34.9641438,0 137.2278423,34.9641323,0 137.2278347,34.9641209,0 137.2278271,34.9641056,0 137.2278194,34.9640903,0 137.2278118,34.9640713,0 137.2278042,34.9640560,0 137.2277851,34.9640064,0 137.2277775,34.9639874,0 137.2277699,34.9639721,0 137.2277622,34.9639568,0 137.2277546,34.9639454,0 137.2277431,34.9639301,0 137.2277355,34.9639225,0 137.2277203,34.9639111,0 137.2276974,34.9639034,0 137.2276669,34.9639034,0 137.2276516,34.9639072,0 137.2276249,34.9639111,0 137.2276096,34.9639187,0 137.2275829,34.9639301,0 137.2275677,34.9639378,0 137.2275486,34.9639454,0 137.2275295,34.9639568,0 137.2275143,34.9639683,0 137.2274990,34.9639797,0 137.2274876,34.9639912,0 137.2274723,34.9640064,0 137.2274532,34.9640255,0 137.2274418,34.9640369,0 137.2274303,34.9640522,0 137.2274189,34.9640636,0 137.2273998,34.9640942,0 137.2273769,34.9641209,0 137.2273579,34.9641514,0 137.2273388,34.9641819,0 137.2273197,34.9642086,0 137.2272892,34.9642506,0 137.2272701,34.9642773,0 137.2272549,34.9643078,0 137.2272472,34.9643230,0 137.2272358,34.9643459,0 137.2272282,34.9643612,0 137.2272205,34.9643764,0 137.2272167,34.9643917,0 137.2272091,34.9644108,0 137.2272015,34.9644299,0 137.2271976,34.9644451,0 137.2271938,34.9644756,0 137.2271900,34.9644871,0 137.2271862,34.9645100,0 137.2271862,34.9645290,0 137.2271824,34.9645634,0 137.2271824,34.9646168,0 137.2271786,34.9648037,0 137.2271786,34.9648380,0 137.2271786,34.9648800,0 137.2271748,34.9649296,0 137.2271709,34.9650021,0 137.2271671,34.9650707,0 137.2271595,34.9651966,0 137.2271557,34.9652309,0 137.2271557,34.9652462,0 137.2271557,34.9652653,0 137.2271557,34.9652805,0 137.2271595,34.9652996,0 137.2271595,34.9653149,0 137.2271633,34.9653263,0 137.2271671,34.9653378,0 137.2271786,34.9653530,0 137.2271938,34.9653645,0 137.2272091,34.9653721,0 137.2272282,34.9653759,0 137.2272625,34.9653797,0 137.2272816,34.9653797,0 137.2273159,34.9653797,0 137.2273884,34.9653759,0 137.2274609,34.9653721,0 137.2274990,34.9653721,0 137.2275219,34.9653683,0 137.2275410,34.9653645,0 137.2276058,34.9653568,0 137.2276440,34.9653530,0 137.2276707,34.9653530,0 137.2277050,34.9653568,0 137.2277241,34.9653606,0 137.2277431,34.9653683,0 137.2277622,34.9653797,0 137.2277813,34.9653950,0 137.2277966,34.9654064,0 137.2278042,34.9654179,0 137.2278118,34.9654293,0 137.2278194,34.9654446,0 137.2278233,34.9654560,0 137.2278309,34.9654751,0 137.2278347,34.9654942,0 137.2278347,34.9655132,0 137.2278423,34.9655590,0 137.2278461,34.9655781,0 137.2278500,34.9655933,0 137.2278576,34.9656124,0 137.2278652,34.9656239,0 137.2278767,34.9656391,0 137.2278843,34.9656467,0 137.2278957,34.9656582,0 137.2279224,34.9656734,0 137.2279415,34.9656773,0 137.2279682,34.9656811,0 137.2279987,34.9656811,0 137.2280140,34.9656773,0 137.2280407,34.9656658,0 137.2280598,34.9656544,0 137.2280712,34.9656353,0 137.2280788,34.9656200,0 137.2280827,34.9656048,0 137.2280827,34.9655895,0 137.2280865,34.9655743,0 137.2280903,34.9655323,0 137.2280903,34.9655018,0 137.2280941,34.9654789,0 137.2280979,34.9654560,0 137.2281017,34.9654369,0 137.2281055,34.9654102,0 137.2281132,34.9653912,0 137.2281170,34.9653797,0 137.2281246,34.9653683,0</coordinates></LinearRing></outerBoundaryIs></Polygon></Placemark><Placemark><styleUrl>#minyu</styleUrl><Polygon><outerBoundaryIs><LinearRing><coordinates>137.2473049,34.9504795,0 137.2473202,34.9504757,0 137.2473392,34.9504757,0 137.2473545,34.9504719,0 137.2473698,34.9504681,0 137.2474041,34.9504604,0 137.2475006,34.9504382,0 137.2475006,34.9500386,0 137.2474766,34.9500408,0 137.2474499,34.9500446,0 137.2474003,34.9500446,0 137.2473698,34.9500446,0 137.2473507,34.9500484,0 137.2473354,34.9500561,0 137.2473240,34.9500637,0 137.2473125,34.9500713,0 137.2473049,34.9500828,0 137.2472935,34.9500980,0 137.2472858,34.9501133,0 137.2472820,34.9501286,0 137.2472782,34.9501438,0 137.2472744,34.9501591,0 137.2472706,34.9501781,0 137.2472630,34.9502125,0 137.2472439,34.9503002,0 137.2472401,34.9503345,0 137.2472324,34.9503689,0 137.2472324,34.9503841,0 137.2472324,34.9503994,0 137.2472324,34.9504185,0 137.2472363,34.9504414,0 137.2472439,34.9504528,0 137.2472515,34.9504642,0 137.2472630,34.9504719,0 137.2472858,34.9504795,0 137.2473049,34.9504795,0</coordinates></LinearRing></outerBoundaryIs></Polygon></Placemark></Folder><Folder><name>保安林（国土数値情報A13）</name><Placemark><styleUrl>#hoan</styleUrl><Polygon><outerBoundaryIs><LinearRing><coordinates>137.2146167,34.9756796,0 137.2210488,34.9756796,0 137.2210505,34.9756617,0 137.2212169,34.9754661,0 137.2214658,34.9754359,0 137.2214842,34.9753647,0 137.2214642,34.9753246,0 137.2214527,34.9752941,0 137.2214451,34.9752789,0 137.2214260,34.9752522,0 137.2214184,34.9752369,0 137.2214108,34.9752216,0 137.2213993,34.9752102,0 137.2213917,34.9751987,0 137.2213802,34.9751835,0 137.2213688,34.9751720,0 137.2213573,34.9751606,0 137.2213459,34.9751530,0 137.2213230,34.9751301,0 137.2213116,34.9751186,0 137.2212658,34.9750843,0 137.2212505,34.9750690,0 137.2212429,34.9750576,0 137.2212353,34.9750500,0 137.2212238,34.9750347,0 137.2212162,34.9750195,0 137.2212086,34.9750080,0 137.2212048,34.9749851,0 137.2212048,34.9749699,0 137.2212086,34.9749393,0 137.2212124,34.9749279,0 137.2212200,34.9749126,0 137.2212276,34.9748974,0 137.2212391,34.9748898,0 137.2212505,34.9748745,0 137.2212620,34.9748669,0 137.2212734,34.9748592,0 137.2212849,34.9748516,0 137.2212963,34.9748440,0 137.2213268,34.9748325,0 137.2213421,34.9748287,0 137.2213573,34.9748249,0 137.2213879,34.9748211,0 137.2214146,34.9748249,0 137.2214375,34.9748287,0 137.2214201,34.9743198,0 137.2216518,34.9742258,0 137.2219489,34.9748237,0 137.2220830,34.9751678,0 137.2221542,34.9756796,0 137.2233301,34.9756796,0 137.2235585,34.9754746,0 137.2241007,34.9753235,0 137.2244420,34.9752402,0 137.2252979,34.9751475,0 137.2253246,34.9749800,0 137.2253130,34.9747960,0 137.2252941,34.9747677,0 137.2252750,34.9747372,0 137.2252598,34.9747105,0 137.2252445,34.9746799,0 137.2252293,34.9746494,0 137.2252216,34.9746342,0 137.2252178,34.9746189,0 137.2252102,34.9745998,0 137.2252064,34.9745846,0 137.2252026,34.9745617,0 137.2252064,34.9745502,0 137.2252102,34.9745235,0 137.2252140,34.9745121,0 137.2252216,34.9745007,0 137.2252293,34.9744892,0 137.2252369,34.9744778,0 137.2250709,34.9742578,0 137.2247228,34.9740845,0 137.2233825,34.9741604,0 137.2231142,34.9740498,0 137.2231693,34.9737791,0 137.2233471,34.9734293,0 137.2235732,34.9731299,0 137.2237415,34.9730654,0 137.2237415,34.9730396,0 137.2237453,34.9730015,0 137.2237492,34.9729671,0 137.2237568,34.9729328,0 137.2237606,34.9728985,0 137.2237644,34.9728794,0 137.2237682,34.9728642,0 137.2237720,34.9728489,0 137.2237797,34.9728260,0 137.2237835,34.9728107,0 137.2237873,34.9727993,0 137.2237988,34.9727840,0 137.2238102,34.9727650,0 137.2238255,34.9727497,0 137.2238331,34.9727383,0 137.2238712,34.9727001,0 137.2238865,34.9726849,0 137.2238979,34.9726696,0 137.2239056,34.9726505,0 137.2239094,34.9726353,0 137.2239132,34.9726162,0 137.2239132,34.9726009,0 137.2239094,34.9725819,0 137.2239094,34.9725666,0 137.2239094,34.9725475,0 137.2239017,34.9725132,0 137.2238979,34.9724789,0 137.2238903,34.9724445,0 137.2238865,34.9724293,0 137.2238827,34.9724140,0 137.2238750,34.9723949,0 137.2238712,34.9723835,0 137.2238636,34.9723682,0 137.2238560,34.9723606,0 137.2238407,34.9723454,0 137.2238255,34.9723415,0 137.2238026,34.9723377,0 137.2237720,34.9723377,0 137.2237492,34.9723454,0 137.2237339,34.9723492,0 137.2236996,34.9723606,0 137.2236691,34.9723721,0 137.2234859,34.9724407,0 137.2234516,34.9724560,0 137.2234364,34.9724636,0 137.2234211,34.9724674,0 137.2234058,34.9724751,0 137.2233906,34.9724865,0 137.2233715,34.9724979,0 137.2233524,34.9725132,0 137.2233410,34.9725246,0 137.2233257,34.9725475,0 137.2233105,34.9725628,0 137.2232990,34.9725742,0 137.2232838,34.9725857,0 137.2232685,34.9725971,0 137.2232456,34.9726124,0 137.2232189,34.9726238,0 137.2232037,34.9726315,0 137.2231731,34.9726429,0 137.2231236,34.9726582,0 137.2230091,34.9726925,0 137.2229595,34.9727077,0 137.2229252,34.9727192,0 137.2229099,34.9727268,0 137.2228947,34.9727306,0 137.2228794,34.9727383,0 137.2228642,34.9727459,0 137.2228489,34.9727535,0 137.2228374,34.9727612,0 137.2228298,34.9727688,0 137.2228146,34.9727764,0 137.2227879,34.9728031,0 137.2227764,34.9728146,0 137.2227612,34.9728260,0 137.2227383,34.9728413,0 137.2227230,34.9728489,0 137.2227039,34.9728603,0 137.2226887,34.9728642,0 137.2226734,34.9728718,0 137.2226582,34.9728756,0 137.2226429,34.9728794,0 137.2226124,34.9728870,0 137.2225971,34.9728909,0 137.2225628,34.9728947,0 137.2225437,34.9728985,0 137.2225246,34.9728985,0 137.2225056,34.9728947,0 137.2224865,34.9728909,0 137.2224522,34.9728832,0 137.2224369,34.9728756,0 137.2224178,34.9728642,0 137.2224064,34.9728527,0 137.2223911,34.9728413,0 137.2223797,34.9728260,0 137.2223606,34.9728069,0 137.2223492,34.9727955,0 137.2223339,34.9727802,0 137.2223186,34.9727726,0 137.2223034,34.9727688,0 137.2222881,34.9727612,0 137.2222729,34.9727535,0 137.2222385,34.9727459,0 137.2222042,34.9727345,0 137.2221737,34.9727268,0 137.2221394,34.9727192,0 137.2221012,34.9727116,0 137.2220516,34.9727001,0 137.2218761,34.9726696,0 137.2218380,34.9726620,0 137.2218037,34.9726582,0 137.2217846,34.9726543,0 137.2217617,34.9726505,0 137.2217426,34.9726505,0 137.2217236,34.9726505,0 137.2216854,34.9726505,0 137.2216663,34.9726505,0 137.2216511,34.9726543,0 137.2216320,34.9726543,0 137.2216167,34.9726582,0 137.2216015,34.9726620,0 137.2215862,34.9726658,0 137.2215710,34.9726696,0 137.2215519,34.9726734,0 137.2215405,34.9726810,0 137.2215252,34.9726849,0 137.2215137,34.9726925,0 137.2214985,34.9727001,0 137.2214870,34.9727077,0 137.2214718,34.9727192,0 137.2214565,34.9727306,0 137.2214375,34.9727459,0 137.2214260,34.9727612,0 137.2214146,34.9727726,0 137.2214031,34.9727840,0 137.2213879,34.9728031,0 137.2213802,34.9728184,0 137.2213688,34.9728336,0 137.2213459,34.9728680,0 137.2213383,34.9728794,0 137.2213268,34.9728909,0 137.2213154,34.9729023,0 137.2213039,34.9729137,0 137.2212887,34.9729252,0 137.2212772,34.9729328,0 137.2212582,34.9729404,0 137.2212429,34.9729519,0 137.2212276,34.9729557,0 137.2211971,34.9729710,0 137.2211628,34.9729862,0 137.2211371,34.9729948,0 137.2211365,34.9733230,0 137.2209911,34.9737236,0 137.2208438,34.9740473,0 137.2206547,34.9744884,0 137.2206516,34.9745159,0 137.2206478,34.9745312,0 137.2206440,34.9745502,0 137.2206402,34.9745655,0 137.2206326,34.9745846,0 137.2206287,34.9746037,0 137.2206211,34.9746189,0 137.2206173,34.9746304,0 137.2206059,34.9746456,0 137.2205906,34.9746647,0 137.2205753,34.9746761,0 137.2205601,34.9746914,0 137.2205410,34.9747028,0 137.2205296,34.9747105,0 137.2205143,34.9747181,0 137.2202760,34.9749820,0 137.2202106,34.9750012,0 137.2202015,34.9750195,0 137.2201900,34.9750538,0 137.2201786,34.9750729,0 137.2201748,34.9750919,0 137.2201595,34.9751263,0 137.2201405,34.9751911,0 137.2201252,34.9752254,0 137.2201214,34.9752407,0 137.2201138,34.9752560,0 137.2201061,34.9752674,0 137.2200947,34.9752865,0 137.2200832,34.9753017,0 137.2200680,34.9753170,0 137.2200489,34.9753323,0 137.2200375,34.9753399,0 137.2200222,34.9753513,0 137.2199993,34.9753590,0 137.2199841,34.9753666,0 137.2199688,34.9753742,0 137.2199535,34.9753780,0 137.2199383,34.9753857,0 137.2199192,34.9753895,0 137.2199001,34.9753971,0 137.2198505,34.9754086,0 137.2196789,34.9754505,0 137.2195072,34.9754925,0 137.2194576,34.9755039,0 137.2194233,34.9755116,0 137.2193890,34.9755192,0 137.2193356,34.9755268,0 137.2191105,34.9755611,0 137.2190609,34.9755688,0 137.2190418,34.9755726,0 137.2190075,34.9755764,0 137.2189732,34.9755764,0 137.2189579,34.9755726,0 137.2189388,34.9755688,0 137.2189045,34.9755611,0 137.2188702,34.9755535,0 137.2188396,34.9755421,0 137.2188206,34.9755383,0 137.2188053,34.9755306,0 137.2187901,34.9755268,0 137.2187710,34.9755192,0 137.2187557,34.9755116,0 137.2187405,34.9755039,0 137.2187214,34.9754887,0 137.2187099,34.9754772,0 137.2186947,34.9754658,0 137.2186718,34.9754391,0 137.2186451,34.9754162,0 137.2186222,34.9753895,0 137.2185502,34.9753118,0 137.2181826,34.9754953,0 137.2180055,34.9756796,0 137.2158707,34.9756796,0 137.2158668,34.9755348,0 137.2156226,34.9751021,0 137.2155972,34.9750996,0 137.2155704,34.9751072,0 137.2155437,34.9751186,0 137.2155132,34.9751339,0 137.2154980,34.9751415,0 137.2154713,34.9751530,0 137.2154560,34.9751568,0 137.2154369,34.9751606,0 137.2154064,34.9751606,0 137.2153873,34.9751606,0 137.2153568,34.9751606,0 137.2153378,34.9751568,0 137.2153225,34.9751530,0 137.2152882,34.9751492,0 137.2150784,34.9751072,0 137.2150440,34.9750996,0 137.2149982,34.9750881,0 137.2149487,34.9750767,0 137.2148991,34.9750652,0 137.2148685,34.9750576,0 137.2148533,34.9750538,0 137.2148380,34.9750462,0 137.2148190,34.9750423,0 137.2148075,34.9750347,0 137.2147923,34.9750233,0 137.2147694,34.9750118,0 137.2147617,34.9750004,0 137.2147503,34.9749889,0 137.2147427,34.9749775,0 137.2147312,34.9749622,0 137.2147198,34.9749470,0 137.2147160,34.9749317,0 137.2147083,34.9749165,0 137.2147007,34.9749012,0 137.2146969,34.9748859,0 137.2146854,34.9748592,0 137.2146778,34.9748325,0 137.2146740,34.9748173,0 137.2146664,34.9747829,0 137.2146549,34.9747295,0 137.2146397,34.9746799,0 137.2146358,34.9746456,0 137.2146282,34.9746189,0 137.2146244,34.9745884,0 137.2146244,34.9745731,0 137.2146206,34.9745388,0 137.2146168,34.9744854,0 137.2146168,34.9744549,0 137.2146167,34.9756796,0</coordinates></LinearRing></outerBoundaryIs></Polygon></Placemark><Placemark><styleUrl>#hoan</styleUrl><Polygon><outerBoundaryIs><LinearRing><coordinates>137.2317410,34.9720173,0 137.2317562,34.9720135,0 137.2317905,34.9720173,0 137.2318134,34.9720211,0 137.2316186,34.9714617,0 137.2311025,34.9712518,0 137.2308264,34.9713025,0 137.2308445,34.9713116,0 137.2308598,34.9713192,0 137.2308788,34.9713268,0 137.2308979,34.9713383,0 137.2309093,34.9713497,0 137.2309284,34.9713612,0 137.2309399,34.9713726,0 137.2309475,34.9713840,0 137.2309589,34.9713955,0 137.2309780,34.9714184,0 137.2309895,34.9714298,0 137.2310009,34.9714413,0 137.2310162,34.9714527,0 137.2310314,34.9714603,0 137.2310429,34.9714680,0 137.2310581,34.9714718,0 137.2310772,34.9714756,0 137.2311077,34.9714794,0 137.2311230,34.9714832,0 137.2311573,34.9714832,0 137.2311916,34.9714870,0 137.2312107,34.9714870,0 137.2312412,34.9714870,0 137.2312603,34.9714870,0 137.2313175,34.9714832,0 137.2313404,34.9714794,0 137.2313595,34.9714794,0 137.2313786,34.9714794,0 137.2313938,34.9714832,0 137.2314205,34.9714870,0 137.2314472,34.9714985,0 137.2314739,34.9715137,0 137.2314892,34.9715252,0 137.2315006,34.9715405,0 137.2315121,34.9715557,0 137.2315197,34.9715710,0 137.2315273,34.9715900,0 137.2315350,34.9716053,0 137.2315388,34.9716167,0 137.2315426,34.9716320,0 137.2315464,34.9716473,0 137.2315464,34.9716702,0 137.2315464,34.9716930,0 137.2315426,34.9717083,0 137.2315350,34.9717236,0 137.2315273,34.9717388,0 137.2315159,34.9717579,0 137.2315044,34.9717693,0 137.2314892,34.9717808,0 137.2314777,34.9717884,0 137.2314510,34.9718037,0 137.2314129,34.9718189,0 137.2314014,34.9718266,0 137.2313862,34.9718342,0 137.2313747,34.9718494,0 137.2313633,34.9718647,0 137.2313557,34.9718838,0 137.2313519,34.9718990,0 137.2313519,34.9719143,0 137.2313557,34.9719334,0 137.2313557,34.9719486,0 137.2313595,34.9719639,0 137.2313633,34.9719791,0 137.2313671,34.9719982,0 137.2313747,34.9720173,0 137.2313862,34.9720287,0 137.2313938,34.9720478,0 137.2314053,34.9720631,0 137.2314167,34.9720745,0 137.2314281,34.9720860,0 137.2314396,34.9720974,0 137.2314548,34.9721127,0 137.2314663,34.9721203,0 137.2314777,34.9721317,0 137.2314930,34.9721394,0 137.2315044,34.9721470,0 137.2315197,34.9721546,0 137.2315350,34.9721584,0 137.2315502,34.9721546,0 137.2315655,34.9721508,0 137.2315807,34.9721432,0 137.2315884,34.9721355,0 137.2315998,34.9721203,0 137.2316227,34.9720936,0 137.2316380,34.9720745,0 137.2316532,34.9720592,0 137.2316647,34.9720516,0 137.2316761,34.9720402,0 137.2316914,34.9720325,0 137.2317066,34.9720249,0 137.2317219,34.9720211,0 137.2317410,34.9720173,0</coordinates></LinearRing></outerBoundaryIs></Polygon></Placemark><Placemark><styleUrl>#hoan</styleUrl><Polygon><outerBoundaryIs><LinearRing><coordinates>137.2336302,34.9756796,0 137.2336105,34.9755435,0 137.2336393,34.9753235,0 137.2338233,34.9752629,0 137.2341766,34.9754567,0 137.2343825,34.9756796,0 137.2353859,34.9756796,0 137.2353971,34.9755487,0 137.2354365,34.9752904,0 137.2355253,34.9751456,0 137.2358865,34.9752058,0 137.2361641,34.9756014,0 137.2361605,34.9756796,0 137.2402720,34.9756796,0 137.2402343,34.9756574,0 137.2401028,34.9756680,0 137.2400684,34.9756718,0 137.2400341,34.9756718,0 137.2400150,34.9756718,0 137.2399769,34.9756718,0 137.2399578,34.9756680,0 137.2399349,34.9756641,0 137.2399197,34.9756603,0 137.2399044,34.9756565,0 137.2398777,34.9756489,0 137.2398624,34.9756451,0 137.2398510,34.9756374,0 137.2398357,34.9756336,0 137.2398205,34.9756222,0 137.2398090,34.9756145,0 137.2397938,34.9756031,0 137.2397785,34.9755917,0 137.2397671,34.9755802,0 137.2397556,34.9755650,0 137.2397442,34.9755459,0 137.2397327,34.9755344,0 137.2397175,34.9755039,0 137.2397022,34.9754734,0 137.2396679,34.9754124,0 137.2396450,34.9753666,0 137.2396183,34.9753132,0 137.2396074,34.9752885,0 137.2395335,34.9752450,0 137.2386983,34.9747772,0 137.2373970,34.9744510,0 137.2372131,34.9743775,0 137.2368306,34.9740723,0 137.2368107,34.9740772,0 137.2367840,34.9740810,0 137.2367649,34.9740810,0 137.2367458,34.9740810,0 137.2367268,34.9740772,0 137.2367039,34.9740734,0 137.2366886,34.9740658,0 137.2366695,34.9740543,0 137.2366543,34.9740467,0 137.2366428,34.9740314,0 137.2366314,34.9740200,0 137.2366238,34.9740047,0 137.2366161,34.9739895,0 137.2366123,34.9739780,0 137.2360423,34.9739934,0 137.2357812,34.9739923,0 137.2351528,34.9730255,0 137.2348121,34.9727634,0 137.2346159,34.9727491,0 137.2343841,34.9730278,0 137.2341464,34.9735619,0 137.2339841,34.9735649,0 137.2337615,34.9734831,0 137.2336612,34.9732082,0 137.2339238,34.9717724,0 137.2336857,34.9715477,0 137.2332663,34.9714791,0 137.2329302,34.9714948,0 137.2328921,34.9715396,0 137.2328968,34.9715824,0 137.2328968,34.9716167,0 137.2329006,34.9716320,0 137.2329006,34.9716473,0 137.2328968,34.9716663,0 137.2328968,34.9716816,0 137.2328930,34.9717045,0 137.2328892,34.9717197,0 137.2328815,34.9717388,0 137.2328739,34.9717503,0 137.2328663,34.9717617,0 137.2328587,34.9717731,0 137.2328396,34.9717846,0 137.2328243,34.9717960,0 137.2328129,34.9718037,0 137.2327862,34.9718113,0 137.2327595,34.9718189,0 137.2327328,34.9718189,0 137.2327061,34.9718189,0 137.2326832,34.9718189,0 137.2326564,34.9718160,0 137.2326493,34.9718244,0 137.2325185,34.9725614,0 137.2325237,34.9727522,0 137.2322663,34.9726710,0 137.2319351,34.9724386,0 137.2319149,34.9723553,0 137.2318974,34.9723606,0 137.2318821,34.9723644,0 137.2318668,34.9723682,0 137.2318478,34.9723682,0 137.2318287,34.9723721,0 137.2317944,34.9723721,0 137.2317219,34.9723759,0 137.2316990,34.9723759,0 137.2316837,34.9723797,0 137.2316608,34.9723873,0 137.2316494,34.9723949,0 137.2316380,34.9724064,0 137.2316303,34.9724178,0 137.2316227,34.9724331,0 137.2316151,34.9724483,0 137.2316113,34.9724636,0 137.2316074,34.9724789,0 137.2316036,34.9724979,0 137.2316036,34.9725170,0 137.2315884,34.9726238,0 137.2315845,34.9726582,0 137.2315807,34.9726772,0 137.2315769,34.9726925,0 137.2315731,34.9727077,0 137.2315655,34.9727230,0 137.2315617,34.9727383,0 137.2315540,34.9727535,0 137.2315426,34.9727688,0 137.2315273,34.9727840,0 137.2315159,34.9727917,0 137.2315006,34.9728031,0 137.2314854,34.9728146,0 137.2314663,34.9728184,0 137.2314510,34.9728260,0 137.2314281,34.9728298,0 137.2314091,34.9728336,0 137.2313938,34.9728374,0 137.2313404,34.9728451,0 137.2311687,34.9728718,0 137.2311153,34.9728794,0 137.2310810,34.9728832,0 137.2310467,34.9728870,0 137.2309971,34.9728909,0 137.2309628,34.9728947,0 137.2309284,34.9728947,0 137.2309055,34.9728947,0 137.2308865,34.9728909,0 137.2308521,34.9728870,0 137.2308369,34.9728832,0 137.2308178,34.9728794,0 137.2307835,34.9728718,0 137.2305393,34.9728146,0 137.2305050,34.9728069,0 137.2304897,34.9728031,0 137.2304707,34.9727955,0 137.2304554,34.9727917,0 137.2304287,34.9727802,0 137.2304058,34.9727688,0 137.2303905,34.9727573,0 137.2303753,34.9727459,0 137.2303562,34.9727230,0 137.2303410,34.9727039,0 137.2303333,34.9726887,0 137.2303219,34.9726734,0 137.2303028,34.9726429,0 137.2302608,34.9725666,0 137.2302151,34.9724903,0 137.2302035,34.9724671,0 137.2300631,34.9722727,0 137.2298115,34.9725062,0 137.2296766,34.9726221,0 137.2293398,34.9726346,0 137.2290412,34.9726400,0 137.2288421,34.9726437,0 137.2287552,34.9727065,0 137.2287960,34.9727116,0 137.2288303,34.9727192,0 137.2288647,34.9727230,0 137.2289066,34.9727268,0 137.2290173,34.9727383,0 137.2290363,34.9727421,0 137.2290707,34.9727459,0 137.2290936,34.9727535,0 137.2291126,34.9727573,0 137.2291279,34.9727650,0 137.2291508,34.9727764,0 137.2291660,34.9727879,0 137.2291813,34.9728069,0 137.2291927,34.9728184,0 137.2291965,34.9728298,0 137.2292004,34.9728413,0 137.2292080,34.9728565,0 137.2292080,34.9728718,0 137.2292080,34.9728947,0 137.2292042,34.9729099,0 137.2291965,34.9729252,0 137.2291927,34.9729366,0 137.2291851,34.9729481,0 137.2291737,34.9729633,0 137.2291622,34.9729748,0 137.2291508,34.9729862,0 137.2291317,34.9729977,0 137.2291164,34.9730091,0 137.2290859,34.9730282,0 137.2290554,34.9730473,0 137.2290249,34.9730663,0 137.2289944,34.9730816,0 137.2289677,34.9730930,0 137.2289562,34.9731007,0 137.2289219,34.9731121,0 137.2288952,34.9731236,0 137.2288647,34.9731350,0 137.2288494,34.9731388,0 137.2288303,34.9731426,0 137.2288151,34.9731464,0 137.2287884,34.9731503,0 137.2287693,34.9731503,0 137.2287350,34.9731541,0 137.2287006,34.9731579,0 137.2285442,34.9731655,0 137.2285099,34.9731693,0 137.2284756,34.9731693,0 137.2284412,34.9731693,0 137.2284184,34.9731693,0 137.2283955,34.9731693,0 137.2283764,34.9731655,0 137.2283611,34.9731617,0 137.2283306,34.9731503,0 137.2283001,34.9731388,0 137.2282848,34.9731312,0 137.2282543,34.9731159,0 137.2282085,34.9730892,0 137.2280865,34.9730167,0 137.2280417,34.9729916,0 137.2277752,34.9730302,0 137.2287873,34.9735650,0 137.2291146,34.9736544,0 137.2294817,34.9735045,0 137.2296842,34.9732718,0 137.2301480,34.9732633,0 137.2303971,34.9734687,0 137.2305035,34.9739724,0 137.2303197,34.9744623,0 137.2301939,34.9746856,0 137.2298827,34.9747581,0 137.2298116,34.9747238,0 137.2298183,34.9747372,0 137.2298260,34.9747524,0 137.2298336,34.9747715,0 137.2298374,34.9747829,0 137.2298412,34.9747944,0 137.2298450,34.9748096,0 137.2298450,34.9748325,0 137.2298450,34.9748478,0 137.2298412,34.9748592,0 137.2298374,34.9748745,0 137.2298298,34.9748898,0 137.2298222,34.9749012,0 137.2298145,34.9749165,0 137.2298031,34.9749279,0 137.2297955,34.9749432,0 137.2297840,34.9749546,0 137.2297726,34.9749660,0 137.2297611,34.9749737,0 137.2297497,34.9749851,0 137.2297344,34.9749928,0 137.2297192,34.9750042,0 137.2297039,34.9750080,0 137.2296772,34.9750156,0 137.2296619,34.9750195,0 137.2296429,34.9750233,0 137.2296200,34.9750233,0 137.2295856,34.9750195,0 137.2295704,34.9750156,0 137.2295551,34.9750118,0 137.2295437,34.9750042,0 137.2295284,34.9750004,0 137.2295170,34.9749889,0 137.2295055,34.9749813,0 137.2294903,34.9749660,0 137.2294827,34.9749584,0 137.2294750,34.9749432,0 137.2294674,34.9749279,0 137.2294559,34.9749088,0 137.2294483,34.9748936,0 137.2294407,34.9748783,0 137.2294369,34.9748631,0 137.2294102,34.9747753,0 137.2294025,34.9747601,0 137.2293987,34.9747448,0 137.2293911,34.9747257,0 137.2293797,34.9747105,0 137.2293720,34.9746990,0 137.2293644,34.9746914,0 137.2293491,34.9746761,0 137.2293339,34.9746647,0 137.2293224,34.9746532,0 137.2293072,34.9746456,0 137.2292919,34.9746380,0 137.2292767,34.9746304,0 137.2292614,34.9746265,0 137.2292271,34.9746151,0 137.2292080,34.9746075,0 137.2291431,34.9745846,0 137.2291088,34.9745770,0 137.2290936,34.9745693,0 137.2290745,34.9745617,0 137.2290554,34.9745502,0 137.2290287,34.9745350,0 137.2290134,34.9745197,0 137.2289982,34.9745007,0 137.2289867,34.9744892,0 137.2289791,34.9744778,0 137.2289715,34.9744625,0 137.2289639,34.9744473,0 137.2289600,34.9744282,0 137.2289524,34.9744053,0 137.2289448,34.9743900,0 137.2289410,34.9743748,0 137.2289295,34.9743252,0 137.2289219,34.9743061,0 137.2289181,34.9742908,0 137.2289143,34.9742756,0 137.2289104,34.9742641,0 137.2289028,34.9742527,0 137.2288952,34.9742374,0 137.2288876,34.9742260,0 137.2288761,34.9742107,0 137.2288685,34.9741993,0 137.2288570,34.9741879,0 137.2288456,34.9741764,0 137.2288342,34.9741650,0 137.2288227,34.9741573,0 137.2287960,34.9741383,0 137.2287693,34.9741192,0 137.2287388,34.9740963,0 137.2286968,34.9740658,0 137.2286129,34.9740124,0 137.2285709,34.9739819,0 137.2285480,34.9739666,0 137.2285290,34.9739513,0 137.2285175,34.9739399,0 137.2285023,34.9739285,0 137.2284908,34.9739170,0 137.2284794,34.9739056,0 137.2284679,34.9738903,0 137.2284565,34.9738712,0 137.2284451,34.9738522,0 137.2284412,34.9738407,0 137.2284374,34.9738293,0 137.2284374,34.9738140,0 137.2284374,34.9737988,0 137.2284412,34.9737835,0 137.2284489,34.9737682,0 137.2282124,34.9736461,0 137.2282085,34.9736614,0 137.2282009,34.9736729,0 137.2281933,34.9736881,0 137.2281818,34.9736958,0 137.2281742,34.9737110,0 137.2281590,34.9737186,0 137.2281322,34.9737339,0 137.2281170,34.9737377,0 137.2281017,34.9737415,0 137.2280750,34.9737453,0 137.2280483,34.9737453,0 137.2280178,34.9737453,0 137.2279949,34.9737415,0 137.2279797,34.9737377,0 137.2279339,34.9737301,0 137.2279186,34.9737263,0 137.2279034,34.9737186,0 137.2278843,34.9737148,0 137.2278728,34.9737072,0 137.2278538,34.9736996,0 137.2278347,34.9736919,0 137.2278194,34.9736805,0 137.2278004,34.9736691,0 137.2277584,34.9736423,0 137.2277431,34.9736347,0 137.2277317,34.9736271,0 137.2277164,34.9736195,0 137.2276974,34.9736118,0 137.2276821,34.9736042,0 137.2276516,34.9735928,0 137.2276173,34.9735813,0 137.2275829,34.9735699,0 137.2272778,34.9734745,0 137.2272282,34.9734554,0 137.2271938,34.9734478,0 137.2271786,34.9734440,0 137.2271442,34.9734325,0 137.2271137,34.9734287,0 137.2270870,34.9734249,0 137.2270069,34.9734135,0 137.2269726,34.9734058,0 137.2269573,34.9734020,0 137.2269230,34.9733944,0 137.2268963,34.9733868,0 137.2268848,34.9733791,0 137.2268505,34.9733601,0 137.2268162,34.9733372,0 137.2268009,34.9733295,0 137.2267895,34.9733219,0 137.2267742,34.9733181,0 137.2267551,34.9733105,0 137.2267361,34.9733067,0 137.2267170,34.9733105,0 137.2266979,34.9733105,0 137.2266827,34.9733143,0 137.2266636,34.9733181,0 137.2266483,34.9733219,0 137.2266140,34.9733334,0 137.2264919,34.9733677,0 137.2263889,34.9733944,0 137.2263546,34.9734058,0 137.2263393,34.9734097,0 137.2263241,34.9734173,0 137.2263050,34.9734249,0 137.2262936,34.9734325,0 137.2262783,34.9734402,0 137.2262707,34.9734478,0 137.2262592,34.9734554,0 137.2262554,34.9734669,0 137.2262478,34.9734821,0 137.2262440,34.9734974,0 137.2262440,34.9735126,0 137.2262440,34.9735279,0 137.2262440,34.9735432,0 137.2262440,34.9735584,0 137.2262440,34.9735775,0 137.2262478,34.9736118,0 137.2262707,34.9738026,0 137.2262745,34.9738369,0 137.2262783,34.9738674,0 137.2264781,34.9742174,0 137.2264957,34.9742222,0 137.2265453,34.9742298,0 137.2265759,34.9742413,0 137.2265911,34.9742451,0 137.2266102,34.9742565,0 137.2266254,34.9742603,0 137.2266407,34.9742718,0 137.2266483,34.9742794,0 137.2266636,34.9742947,0 137.2266750,34.9743061,0 137.2266865,34.9743214,0 137.2266941,34.9743366,0 137.2267056,34.9743519,0 137.2267132,34.9743671,0 137.2267323,34.9743977,0 137.2267475,34.9744282,0 137.2268009,34.9745235,0 137.2268162,34.9745541,0 137.2268238,34.9745693,0 137.2268314,34.9745846,0 137.2268391,34.9746037,0 137.2268467,34.9746189,0 137.2268505,34.9746304,0 137.2268543,34.9746571,0 137.2268543,34.9746761,0 137.2268543,34.9746914,0 137.2268505,34.9747028,0 137.2268467,34.9747143,0 137.2268429,34.9747295,0 137.2268276,34.9747448,0 137.2268124,34.9747639,0 137.2267971,34.9747753,0 137.2267742,34.9747868,0 137.2267628,34.9747944,0 137.2267475,34.9747982,0 137.2266941,34.9748173,0 137.2266750,34.9748287,0 137.2266598,34.9748363,0 137.2266445,34.9748478,0 137.2266331,34.9748554,0 137.2266216,34.9748669,0 137.2266102,34.9748783,0 137.2265987,34.9748898,0 137.2265797,34.9749165,0 137.2265445,34.9749612,0 137.2265082,34.9752303,0 137.2265698,34.9756796,0 137.2336302,34.9756796,0</coordinates></LinearRing></outerBoundaryIs></Polygon></Placemark><Placemark><styleUrl>#hoan</styleUrl><Polygon><outerBoundaryIs><LinearRing><coordinates>137.2462978,34.9738064,0 137.2463169,34.9738026,0 137.2463360,34.9738026,0 137.2463551,34.9738026,0 137.2464046,34.9738064,0 137.2464275,34.9738064,0 137.2464052,34.9736398,0 137.2461646,34.9731952,0 137.2460875,34.9728612,0 137.2458451,34.9719488,0 137.2454579,34.9717099,0 137.2450360,34.9716953,0 137.2447668,34.9717898,0 137.2444980,34.9720970,0 137.2446611,34.9721822,0 137.2446649,34.9723232,0 137.2445931,34.9724391,0 137.2443066,34.9725501,0 137.2402925,34.9731444,0 137.2398612,34.9734433,0 137.2398285,34.9738143,0 137.2400293,34.9741015,0 137.2402904,34.9742465,0 137.2406133,34.9742934,0 137.2413979,34.9739792,0 137.2416148,34.9740722,0 137.2415787,34.9743197,0 137.2415133,34.9746736,0 137.2415939,34.9748749,0 137.2419618,34.9750003,0 137.2432808,34.9750200,0 137.2437385,34.9749057,0 137.2437472,34.9736537,0 137.2440391,34.9733486,0 137.2447099,34.9731863,0 137.2451285,34.9732050,0 137.2451425,34.9733282,0 137.2450281,34.9734537,0 137.2441851,34.9739895,0 137.2442591,34.9743408,0 137.2444345,34.9744874,0 137.2447496,34.9746402,0 137.2456715,34.9750375,0 137.2457790,34.9749737,0 137.2459164,34.9748898,0 137.2459469,34.9748707,0 137.2459621,34.9748592,0 137.2459774,34.9748516,0 137.2459888,34.9748402,0 137.2460003,34.9748325,0 137.2460117,34.9748211,0 137.2460270,34.9748096,0 137.2460346,34.9747982,0 137.2460423,34.9747868,0 137.2460537,34.9747715,0 137.2460613,34.9747562,0 137.2460651,34.9747372,0 137.2460690,34.9747219,0 137.2460728,34.9747066,0 137.2460728,34.9746914,0 137.2460766,34.9746723,0 137.2460804,34.9746265,0 137.2460842,34.9746151,0 137.2460880,34.9745884,0 137.2460918,34.9745770,0 137.2460957,34.9745655,0 137.2460995,34.9745541,0 137.2461033,34.9745426,0 137.2461109,34.9745274,0 137.2461224,34.9745121,0 137.2461300,34.9744968,0 137.2461491,34.9744701,0 137.2462101,34.9743824,0 137.2462215,34.9743671,0 137.2462292,34.9743519,0 137.2462368,34.9743404,0 137.2462444,34.9743252,0 137.2462521,34.9743099,0 137.2462597,34.9742908,0 137.2462597,34.9742718,0 137.2462597,34.9742565,0 137.2462597,34.9742374,0 137.2462559,34.9742222,0 137.2462521,34.9742031,0 137.2462482,34.9741879,0 137.2462444,34.9741688,0 137.2462406,34.9741535,0 137.2462292,34.9741192,0 137.2462215,34.9740849,0 137.2462139,34.9740658,0 137.2462101,34.9740505,0 137.2462025,34.9740314,0 137.2461910,34.9740047,0 137.2461834,34.9739895,0 137.2461796,34.9739742,0 137.2461758,34.9739590,0 137.2461758,34.9739399,0 137.2461758,34.9739246,0 137.2461834,34.9738941,0 137.2461910,34.9738789,0 137.2462025,34.9738598,0 137.2462177,34.9738407,0 137.2462330,34.9738293,0 137.2462559,34.9738178,0 137.2462788,34.9738102,0 137.2462978,34.9738064,0</coordinates></LinearRing></outerBoundaryIs></Polygon></Placemark><Placemark><styleUrl>#hoan</styleUrl><Polygon><outerBoundaryIs><LinearRing><coordinates>137.2215748,34.9687103,0 137.2215967,34.9686369,0 137.2215786,34.9686397,0 137.2215786,34.9686604,0 137.2215786,34.9686832,0 137.2215748,34.9686985,0 137.2215748,34.9687103,0</coordinates></LinearRing></outerBoundaryIs></Polygon></Placemark><Placemark><styleUrl>#hoan</styleUrl><Polygon><outerBoundaryIs><LinearRing><coordinates>137.2215308,34.9688572,0 137.2215410,34.9688234,0 137.2215328,34.9688473,0 137.2215308,34.9688572,0</coordinates></LinearRing></outerBoundaryIs></Polygon></Placemark><Placemark><styleUrl>#hoan</styleUrl><Polygon><outerBoundaryIs><LinearRing><coordinates>137.2180843,34.9747028,0 137.2181568,34.9745808,0 137.2181759,34.9745464,0 137.2181835,34.9745312,0 137.2181911,34.9745159,0 137.2181988,34.9745007,0 137.2182026,34.9744854,0 137.2182102,34.9744701,0 137.2182102,34.9744473,0 137.2182102,34.9744244,0 137.2182102,34.9744091,0 137.2182064,34.9743900,0 137.2182064,34.9743748,0 137.2182026,34.9743557,0 137.2181950,34.9743214,0 137.2181556,34.9741736,0 137.2181036,34.9742996,0 137.2179707,34.9743274,0 137.2176926,34.9743155,0 137.2174624,34.9741759,0 137.2174157,34.9739652,0 137.2176661,34.9737152,0 137.2179143,34.9735702,0 137.2178059,34.9733982,0 137.2177753,34.9733524,0 137.2177486,34.9733105,0 137.2177258,34.9732838,0 137.2177143,34.9732685,0 137.2177067,34.9732533,0 137.2176914,34.9732418,0 137.2176647,34.9732151,0 137.2176533,34.9731998,0 137.2176456,34.9731884,0 137.2176380,34.9731731,0 137.2176342,34.9731617,0 137.2176266,34.9731426,0 137.2176228,34.9731236,0 137.2176228,34.9731083,0 137.2176228,34.9730930,0 137.2176304,34.9730778,0 137.2176380,34.9730625,0 137.2176418,34.9730473,0 137.2176495,34.9730358,0 137.2176571,34.9730206,0 137.2176685,34.9730091,0 137.2176800,34.9729939,0 137.2177029,34.9729671,0 137.2177410,34.9729290,0 137.2177753,34.9728870,0 137.2178020,34.9728642,0 137.2178135,34.9728489,0 137.2178288,34.9728374,0 137.2178402,34.9728260,0 137.2178516,34.9728184,0 137.2178631,34.9728107,0 137.2178936,34.9728031,0 137.2179089,34.9727955,0 137.2179356,34.9727917,0 137.2179623,34.9727879,0 137.2179813,34.9727917,0 137.2180080,34.9727955,0 137.2180233,34.9728031,0 137.2180386,34.9728107,0 137.2180538,34.9728146,0 137.2180691,34.9728260,0 137.2180843,34.9728374,0 137.2180996,34.9728451,0 137.2181110,34.9728565,0 137.2181416,34.9728832,0 137.2181911,34.9729252,0 137.2182030,34.9729351,0 137.2185191,34.9729212,0 137.2186690,34.9729399,0 137.2186832,34.9729328,0 137.2186985,34.9729290,0 137.2187138,34.9729214,0 137.2187290,34.9729137,0 137.2187443,34.9729061,0 137.2187595,34.9728947,0 137.2187634,34.9728832,0 137.2187710,34.9728756,0 137.2187748,34.9728603,0 137.2187786,34.9728489,0 137.2187824,34.9728222,0 137.2187862,34.9728107,0 137.2187939,34.9727917,0 137.2188015,34.9727764,0 137.2188091,34.9727612,0 137.2188206,34.9727497,0 137.2188320,34.9727345,0 137.2188473,34.9727230,0 137.2188587,34.9727154,0 137.2188702,34.9727077,0 137.2188931,34.9726963,0 137.2189312,34.9726849,0 137.2189426,34.9726772,0 137.2189732,34.9726620,0 137.2189884,34.9726505,0 137.2190037,34.9726391,0 137.2190151,34.9726276,0 137.2190266,34.9726162,0 137.2190380,34.9726009,0 137.2190495,34.9725895,0 137.2190571,34.9725780,0 137.2190762,34.9725590,0 137.2190952,34.9725285,0 137.2191067,34.9725132,0 137.2191143,34.9724979,0 137.2191296,34.9724789,0 137.2191372,34.9724598,0 137.2191448,34.9724483,0 137.2191486,34.9724331,0 137.2191525,34.9724178,0 137.2191486,34.9723988,0 137.2191448,34.9723835,0 137.2191296,34.9723721,0 137.2191143,34.9723682,0 137.2190876,34.9723644,0 137.2190609,34.9723682,0 137.2190418,34.9723721,0 137.2190228,34.9723759,0 137.2190037,34.9723797,0 137.2189884,34.9723873,0 137.2189007,34.9724178,0 137.2188663,34.9724293,0 137.2188511,34.9724369,0 137.2188129,34.9724445,0 137.2187824,34.9724483,0 137.2187557,34.9724445,0 137.2187366,34.9724445,0 137.2187214,34.9724369,0 137.2187061,34.9724331,0 137.2186832,34.9724216,0 137.2186680,34.9724102,0 137.2186604,34.9724026,0 137.2186451,34.9723911,0 137.2186413,34.9723797,0 137.2186298,34.9723644,0 137.2186222,34.9723492,0 137.2186184,34.9723301,0 137.2186108,34.9723110,0 137.2186069,34.9722958,0 137.2186069,34.9722767,0 137.2185993,34.9722424,0 137.2185955,34.9722080,0 137.2185917,34.9721737,0 137.2185917,34.9721394,0 137.2185917,34.9721012,0 137.2185917,34.9720554,0 137.2185917,34.9720402,0 137.2185879,34.9720249,0 137.2185841,34.9720058,0 137.2185802,34.9719906,0 137.2185688,34.9719753,0 137.2185574,34.9719639,0 137.2185459,34.9719524,0 137.2185383,34.9719410,0 137.2185268,34.9719334,0 137.2185116,34.9719219,0 137.2185001,34.9719143,0 137.2184772,34.9719067,0 137.2184620,34.9719028,0 137.2184467,34.9718990,0 137.2184315,34.9719028,0 137.2184048,34.9719067,0 137.2183666,34.9719219,0 137.2183475,34.9719296,0 137.2183285,34.9719334,0 137.2183094,34.9719410,0 137.2182903,34.9719410,0 137.2182674,34.9719410,0 137.2182484,34.9719410,0 137.2182293,34.9719372,0 137.2181988,34.9719334,0 137.2181835,34.9719296,0 137.2181683,34.9719257,0 137.2181377,34.9719143,0 137.2181225,34.9719105,0 137.2181072,34.9719028,0 137.2180920,34.9718952,0 137.2180767,34.9718914,0 137.2180614,34.9718838,0 137.2180462,34.9718723,0 137.2180309,34.9718609,0 137.2180157,34.9718494,0 137.2180042,34.9718342,0 137.2179928,34.9718151,0 137.2179813,34.9717999,0 137.2179737,34.9717846,0 137.2179661,34.9717693,0 137.2179623,34.9717541,0 137.2179546,34.9717350,0 137.2179394,34.9716892,0 137.2179173,34.9716208,0 137.2176684,34.9716152,0 137.2174192,34.9715905,0 137.2173733,34.9715329,0 137.2172804,34.9713813,0 137.2173164,34.9710667,0 137.2172928,34.9709129,0 137.2172642,34.9709034,0 137.2172489,34.9708996,0 137.2172298,34.9708920,0 137.2172146,34.9708843,0 137.2171993,34.9708767,0 137.2171841,34.9708691,0 137.2171726,34.9708576,0 137.2171535,34.9708462,0 137.2171307,34.9708271,0 137.2171116,34.9708118,0 137.2171001,34.9708004,0 137.2170887,34.9707851,0 137.2170773,34.9707699,0 137.2170734,34.9707584,0 137.2170620,34.9707355,0 137.2170544,34.9707203,0 137.2170506,34.9706936,0 137.2170536,34.9706785,0 137.2166919,34.9705049,0 137.2166858,34.9703679,0 137.2166825,34.9702449,0 137.2168146,34.9701776,0 137.2170723,34.9703803,0 137.2172778,34.9705197,0 137.2173176,34.9705067,0 137.2173328,34.9705029,0 137.2173634,34.9704952,0 137.2173862,34.9704914,0 137.2174015,34.9704876,0 137.2174511,34.9704800,0 137.2174854,34.9704723,0 137.2175045,34.9704723,0 137.2175350,34.9704685,0 137.2175655,34.9704685,0 137.2175808,34.9704723,0 137.2175999,34.9704762,0 137.2176304,34.9704838,0 137.2177431,34.9704198,0 137.2177788,34.9702831,0 137.2177690,34.9702120,0 137.2180663,34.9701353,0 137.2182629,34.9701187,0 137.2183725,34.9697813,0 137.2186785,34.9695596,0 137.2190876,34.9695116,0 137.2193863,34.9696277,0 137.2197812,34.9696609,0 137.2201214,34.9694927,0 137.2206425,34.9693346,0 137.2212492,34.9693100,0 137.2212602,34.9692991,0 137.2212429,34.9693012,0 137.2212238,34.9693050,0 137.2211933,34.9693050,0 137.2211628,34.9693050,0 137.2211437,34.9693012,0 137.2211132,34.9692974,0 137.2210941,34.9692898,0 137.2210789,34.9692783,0 137.2210674,34.9692707,0 137.2210522,34.9692554,0 137.2210407,34.9692402,0 137.2210293,34.9692287,0 137.2210255,34.9692173,0 137.2210217,34.9692059,0 137.2210178,34.9691906,0 137.2210178,34.9691677,0 137.2210217,34.9691525,0 137.2210217,34.9691372,0 137.2210293,34.9691257,0 137.2210369,34.9691067,0 137.2210445,34.9690876,0 137.2210560,34.9690762,0 137.2210674,34.9690609,0 137.2211170,34.9689922,0 137.2211285,34.9689770,0 137.2211361,34.9689655,0 137.2211437,34.9689503,0 137.2211514,34.9689350,0 137.2211590,34.9689198,0 137.2211628,34.9689083,0 137.2211628,34.9688854,0 137.2211628,34.9688702,0 137.2211590,34.9688549,0 137.2211590,34.9688396,0 137.2211514,34.9688244,0 137.2211475,34.9688091,0 137.2211399,34.9687939,0 137.2211323,34.9687748,0 137.2211208,34.9687557,0 137.2211132,34.9687405,0 137.2211056,34.9687290,0 137.2210979,34.9687138,0 137.2210865,34.9686985,0 137.2210316,34.9686939,0 137.2206903,34.9686419,0 137.2204458,34.9685065,0 137.2202952,34.9681714,0 137.2202901,34.9680953,0 137.2202740,34.9680882,0 137.2202473,34.9680767,0 137.2202168,34.9680614,0 137.2201862,34.9680424,0 137.2200565,34.9679775,0 137.2199650,34.9679317,0 137.2199078,34.9678974,0 137.2198772,34.9678822,0 137.2198467,34.9678631,0 137.2198162,34.9678440,0 137.2197742,34.9678173,0 137.2197437,34.9677944,0 137.2197094,34.9677715,0 137.2196712,34.9677410,0 137.2196293,34.9677105,0 137.2196026,34.9676914,0 137.2195835,34.9676723,0 137.2195606,34.9676571,0 137.2195339,34.9676342,0 137.2194958,34.9675961,0 137.2194576,34.9675579,0 137.2194309,34.9675350,0 137.2194080,34.9675121,0 137.2193851,34.9674854,0 137.2193470,34.9674473,0 137.2191792,34.9672604,0 137.2191563,34.9672337,0 137.2191219,34.9671955,0 137.2190521,34.9671163,0 137.2188429,34.9670875,0 137.2184153,34.9669905,0 137.2180010,34.9668582,0 137.2175476,34.9668549,0 137.2171676,34.9669433,0 137.2169864,34.9670515,0 137.2167029,34.9670450,0 137.2164169,34.9669454,0 137.2160919,34.9669029,0 137.2160778,34.9669170,0 137.2160664,34.9669285,0 137.2160435,34.9669552,0 137.2159977,34.9670124,0 137.2159100,34.9671192,0 137.2158871,34.9671459,0 137.2158756,34.9671612,0 137.2158642,34.9671726,0 137.2158489,34.9671879,0 137.2158375,34.9671993,0 137.2158222,34.9672108,0 137.2158108,34.9672184,0 137.2157993,34.9672260,0 137.2157726,34.9672375,0 137.2157574,34.9672413,0 137.2157307,34.9672489,0 137.2157078,34.9672489,0 137.2156811,34.9672489,0 137.2156506,34.9672413,0 137.2156315,34.9672337,0 137.2156124,34.9672260,0 137.2155972,34.9672146,0 137.2155781,34.9671993,0 137.2155628,34.9671879,0 137.2155514,34.9671764,0 137.2155437,34.9671612,0 137.2155209,34.9671383,0 137.2155094,34.9671230,0 137.2154903,34.9670963,0 137.2154744,34.9670745,0 137.2152630,34.9672227,0 137.2148898,34.9675674,0 137.2147262,34.9678035,0 137.2146312,34.9681811,0 137.2146167,34.9681832,0 137.2146167,34.9690721,0 137.2147813,34.9691421,0 137.2147949,34.9693170,0 137.2157184,34.9691024,0 137.2160679,34.9690532,0 137.2163927,34.9690473,0 137.2166291,34.9691392,0 137.2165693,34.9693327,0 137.2161675,34.9693720,0 137.2156872,34.9693915,0 137.2154693,34.9695024,0 137.2153939,34.9696000,0 137.2154640,34.9697911,0 137.2158338,34.9700088,0 137.2160467,34.9701973,0 137.2160568,34.9705714,0 137.2160683,34.9709986,0 137.2161042,34.9713615,0 137.2167124,34.9717387,0 137.2168328,34.9718648,0 137.2169145,34.9720024,0 137.2169310,34.9721303,0 137.2168152,34.9721752,0 137.2163983,34.9721401,0 137.2160401,34.9718687,0 137.2158248,34.9715947,0 137.2155662,34.9711611,0 137.2154929,34.9708525,0 137.2153451,34.9706734,0 137.2148992,34.9705213,0 137.2146167,34.9704830,0 137.2146167,34.9726608,0 137.2147148,34.9726590,0 137.2147434,34.9727291,0 137.2146409,34.9728770,0 137.2146167,34.9729133,0 137.2146167,34.9735875,0 137.2148609,34.9735165,0 137.2148838,34.9735088,0 137.2149067,34.9735012,0 137.2149334,34.9734974,0 137.2149715,34.9734936,0 137.2149944,34.9734974,0 137.2152475,34.9733185,0 137.2160645,34.9730043,0 137.2162990,34.9728103,0 137.2164179,34.9726109,0 137.2165556,34.9724552,0 137.2167051,34.9724013,0 137.2169190,34.9724339,0 137.2171347,34.9727368,0 137.2172009,34.9728890,0 137.2170668,34.9731834,0 137.2166047,34.9734912,0 137.2160022,34.9738599,0 137.2157055,34.9743764,0 137.2157183,34.9745221,0 137.2160191,34.9748159,0 137.2163077,34.9749859,0 137.2166275,34.9749947,0 137.2169954,34.9748127,0 137.2174084,34.9746592,0 137.2176645,34.9746107,0 137.2176422,34.9747717,0 137.2174183,34.9750240,0 137.2174234,34.9752137,0 137.2174874,34.9752683,0 137.2175045,34.9752598,0 137.2175388,34.9752445,0 137.2175694,34.9752293,0 137.2175884,34.9752178,0 137.2176380,34.9751911,0 137.2176838,34.9751644,0 137.2177296,34.9751377,0 137.2177601,34.9751186,0 137.2177753,34.9751110,0 137.2177944,34.9750957,0 137.2178135,34.9750843,0 137.2178249,34.9750729,0 137.2178364,34.9750614,0 137.2178516,34.9750500,0 137.2178669,34.9750347,0 137.2178822,34.9750195,0 137.2178936,34.9750042,0 137.2179165,34.9749775,0 137.2179279,34.9749584,0 137.2179508,34.9749317,0 137.2179661,34.9749050,0 137.2179775,34.9748898,0 137.2179966,34.9748592,0 137.2180157,34.9748287,0 137.2180843,34.9747028,0</coordinates></LinearRing></outerBoundaryIs></Polygon></Placemark><Placemark><styleUrl>#hoan</styleUrl><Polygon><outerBoundaryIs><LinearRing><coordinates>137.2386265,34.9726200,0 137.2386456,34.9726162,0 137.2386646,34.9726162,0 137.2386799,34.9726200,0 137.2386990,34.9726238,0 137.2387295,34.9726315,0 137.2387562,34.9726391,0 137.2387676,34.9726467,0 137.2387867,34.9726543,0 137.2388058,34.9726658,0 137.2388210,34.9726772,0 137.2388630,34.9727077,0 137.2388744,34.9727154,0 137.2388897,34.9727230,0 137.2389050,34.9727306,0 137.2389164,34.9727383,0 137.2389393,34.9727459,0 137.2389622,34.9727459,0 137.2389851,34.9727421,0 137.2390118,34.9727306,0 137.2390652,34.9727039,0 137.2390957,34.9726887,0 137.2391109,34.9726810,0 137.2391300,34.9726734,0 137.2391491,34.9726696,0 137.2391682,34.9726620,0 137.2392025,34.9726582,0 137.2392178,34.9726543,0 137.2392483,34.9726543,0 137.2392673,34.9726543,0 137.2392826,34.9726505,0 137.2393208,34.9726505,0 137.2393894,34.9726505,0 137.2394619,34.9726543,0 137.2394962,34.9726543,0 137.2395153,34.9726543,0 137.2395344,34.9726543,0 137.2395472,34.9726576,0 137.2391855,34.9715094,0 137.2392209,34.9712355,0 137.2396545,34.9706280,0 137.2397587,34.9705784,0 137.2398999,34.9703918,0 137.2400078,34.9700843,0 137.2402452,34.9697296,0 137.2402701,34.9693928,0 137.2404043,34.9693202,0 137.2406275,34.9693791,0 137.2409062,34.9696052,0 137.2413671,34.9696388,0 137.2416458,34.9695496,0 137.2418510,34.9692655,0 137.2418929,34.9689284,0 137.2418457,34.9684459,0 137.2416742,34.9680917,0 137.2413773,34.9678239,0 137.2411643,34.9678208,0 137.2409980,34.9679710,0 137.2408685,34.9682186,0 137.2408236,34.9684507,0 137.2408019,34.9685912,0 137.2405729,34.9686305,0 137.2398508,34.9685994,0 137.2396583,34.9686118,0 137.2394533,34.9685627,0 137.2391823,34.9684531,0 137.2383757,34.9687136,0 137.2383572,34.9688293,0 137.2384169,34.9690410,0 137.2384992,34.9692880,0 137.2384512,34.9695106,0 137.2383033,34.9696197,0 137.2379943,34.9697585,0 137.2377316,34.9700117,0 137.2374693,34.9702827,0 137.2372227,34.9707307,0 137.2366764,34.9712642,0 137.2364782,34.9712892,0 137.2363144,34.9713631,0 137.2361331,34.9721864,0 137.2362775,34.9723688,0 137.2366091,34.9723451,0 137.2366846,34.9723265,0 137.2367229,34.9722691,0 137.2367382,34.9722385,0 137.2367496,34.9722271,0 137.2367611,34.9722118,0 137.2367687,34.9722004,0 137.2367802,34.9721889,0 137.2367954,34.9721737,0 137.2368107,34.9721622,0 137.2368221,34.9721546,0 137.2368374,34.9721470,0 137.2368526,34.9721394,0 137.2368793,34.9721317,0 137.2369061,34.9721279,0 137.2369328,34.9721279,0 137.2369480,34.9721317,0 137.2369785,34.9721394,0 137.2369938,34.9721470,0 137.2370129,34.9721584,0 137.2370396,34.9721737,0 137.2370510,34.9721813,0 137.2370663,34.9721928,0 137.2370777,34.9722080,0 137.2370892,34.9722195,0 137.2382702,34.9719354,0 137.2385487,34.9719303,0 137.2386699,34.9720515,0 137.2385140,34.9722307,0 137.2374675,34.9727701,0 137.2374716,34.9729199,0 137.2377451,34.9731264,0 137.2380180,34.9733066,0 137.2387477,34.9733372,0 137.2390257,34.9732235,0 137.2390194,34.9732151,0 137.2390079,34.9732037,0 137.2389965,34.9731960,0 137.2389851,34.9731884,0 137.2389584,34.9731731,0 137.2389431,34.9731693,0 137.2389050,34.9731541,0 137.2388897,34.9731464,0 137.2388744,34.9731388,0 137.2388554,34.9731312,0 137.2388439,34.9731236,0 137.2388287,34.9731121,0 137.2388134,34.9731045,0 137.2388020,34.9730930,0 137.2387867,34.9730816,0 137.2387600,34.9730625,0 137.2386913,34.9730053,0 137.2386532,34.9729710,0 137.2386379,34.9729595,0 137.2386189,34.9729443,0 137.2385960,34.9729214,0 137.2385845,34.9729061,0 137.2385731,34.9728947,0 137.2385616,34.9728832,0 137.2385502,34.9728680,0 137.2385387,34.9728565,0 137.2385273,34.9728374,0 137.2385197,34.9728260,0 137.2385120,34.9728107,0 137.2385044,34.9727917,0 137.2385006,34.9727802,0 137.2384968,34.9727612,0 137.2384968,34.9727459,0 137.2385006,34.9727306,0 137.2385006,34.9727154,0 137.2385082,34.9727039,0 137.2385159,34.9726887,0 137.2385273,34.9726734,0 137.2385349,34.9726620,0 137.2385502,34.9726543,0 137.2385616,34.9726429,0 137.2385769,34.9726353,0 137.2385921,34.9726276,0 137.2386074,34.9726238,0 137.2386265,34.9726200,0</coordinates></LinearRing></outerBoundaryIs></Polygon></Placemark><Placemark><styleUrl>#hoan</styleUrl><Polygon><outerBoundaryIs><LinearRing><coordinates>137.2415342,34.9719510,0 137.2416041,34.9717645,0 137.2417232,34.9718064,0 137.2419371,34.9721816,0 137.2421262,34.9724337,0 137.2425366,34.9725496,0 137.2427923,34.9724920,0 137.2429224,34.9721546,0 137.2430586,34.9716668,0 137.2438846,34.9712728,0 137.2435915,34.9708768,0 137.2431849,34.9705656,0 137.2427833,34.9704404,0 137.2425041,34.9704632,0 137.2422749,34.9703435,0 137.2422558,34.9700429,0 137.2419217,34.9700226,0 137.2416560,34.9701425,0 137.2414120,34.9702710,0 137.2411405,34.9705769,0 137.2407519,34.9709292,0 137.2402773,34.9712832,0 137.2396883,34.9714737,0 137.2402273,34.9723719,0 137.2406496,34.9725316,0 137.2411756,34.9725571,0 137.2414160,34.9723323,0 137.2415342,34.9719510,0</coordinates></LinearRing></outerBoundaryIs></Polygon></Placemark><Placemark><styleUrl>#hoan</styleUrl><Polygon><outerBoundaryIs><LinearRing><coordinates>137.2368876,34.9702921,0 137.2371292,34.9696578,0 137.2373651,34.9692099,0 137.2376869,34.9687516,0 137.2378325,34.9685537,0 137.2377743,34.9683951,0 137.2376319,34.9683295,0 137.2373166,34.9681817,0 137.2372990,34.9682064,0 137.2372913,34.9682217,0 137.2372761,34.9682407,0 137.2372570,34.9682560,0 137.2372417,34.9682713,0 137.2372265,34.9682789,0 137.2372150,34.9682865,0 137.2371922,34.9682980,0 137.2371616,34.9683018,0 137.2371426,34.9683056,0 137.2371120,34.9683056,0 137.2370968,34.9683018,0 137.2370777,34.9682980,0 137.2370625,34.9682941,0 137.2370472,34.9682903,0 137.2370281,34.9682827,0 137.2370129,34.9682789,0 137.2369785,34.9682636,0 137.2369480,34.9682522,0 137.2368641,34.9682178,0 137.2368259,34.9682026,0 137.2367954,34.9681873,0 137.2367611,34.9681721,0 137.2367306,34.9681568,0 137.2367039,34.9681454,0 137.2366810,34.9681339,0 137.2366390,34.9681072,0 137.2366085,34.9680920,0 137.2365932,34.9680805,0 137.2365818,34.9680729,0 137.2365665,34.9680614,0 137.2365513,34.9680500,0 137.2365360,34.9680347,0 137.2365246,34.9680233,0 137.2365131,34.9680042,0 137.2365055,34.9679890,0 137.2364979,34.9679699,0 137.2364941,34.9679546,0 137.2364941,34.9679394,0 137.2364941,34.9679241,0 137.2364941,34.9679012,0 137.2364969,34.9678899,0 137.2361828,34.9678447,0 137.2351893,34.9679430,0 137.2347943,34.9681601,0 137.2346552,34.9684025,0 137.2347080,34.9685613,0 137.2348683,34.9686484,0 137.2350764,34.9687045,0 137.2352002,34.9687921,0 137.2351566,34.9689727,0 137.2349429,34.9691565,0 137.2345347,34.9693339,0 137.2341426,34.9693164,0 137.2333150,34.9695814,0 137.2332935,34.9696064,0 137.2332821,34.9696217,0 137.2332630,34.9696522,0 137.2332401,34.9696827,0 137.2332325,34.9696941,0 137.2332249,34.9697094,0 137.2332134,34.9697247,0 137.2332096,34.9697399,0 137.2332020,34.9697590,0 137.2331982,34.9697742,0 137.2331982,34.9698009,0 137.2332058,34.9698200,0 137.2332134,34.9698315,0 137.2332211,34.9698429,0 137.2332325,34.9698544,0 137.2332439,34.9698620,0 137.2332554,34.9698734,0 137.2333164,34.9699230,0 137.2333393,34.9699421,0 137.2333546,34.9699535,0 137.2333775,34.9699764,0 137.2334003,34.9700031,0 137.2334347,34.9700375,0 137.2334690,34.9700718,0 137.2334995,34.9701099,0 137.2335186,34.9701328,0 137.2335300,34.9701443,0 137.2335453,34.9701595,0 137.2335606,34.9701748,0 137.2335758,34.9701862,0 137.2335911,34.9701977,0 137.2336178,34.9702168,0 137.2336483,34.9702396,0 137.2336636,34.9702473,0 137.2336788,34.9702549,0 137.2336941,34.9702625,0 137.2337093,34.9702702,0 137.2337246,34.9702778,0 137.2337551,34.9702816,0 137.2337704,34.9702778,0 137.2337933,34.9702702,0 137.2338276,34.9702549,0 137.2338467,34.9702473,0 137.2338619,34.9702396,0 137.2338810,34.9702358,0 137.2339001,34.9702320,0 137.2339153,34.9702282,0 137.2339306,34.9702244,0 137.2339497,34.9702244,0 137.2339649,34.9702282,0 137.2339954,34.9702320,0 137.2340107,34.9702358,0 137.2340308,34.9702454,0 137.2341244,34.9702248,0 137.2349228,34.9696282,0 137.2352757,34.9695953,0 137.2353846,34.9696638,0 137.2354002,34.9698398,0 137.2355835,34.9698805,0 137.2359784,34.9698204,0 137.2360873,34.9698801,0 137.2360935,34.9701092,0 137.2360553,34.9702774,0 137.2359197,34.9704209,0 137.2347923,34.9705712,0 137.2345483,34.9706639,0 137.2343476,34.9707733,0 137.2342767,34.9709246,0 137.2344750,34.9711237,0 137.2352990,34.9714700,0 137.2357805,34.9714346,0 137.2360315,34.9712097,0 137.2364914,34.9707961,0 137.2368876,34.9702921,0</coordinates></LinearRing></outerBoundaryIs></Polygon></Placemark><Placemark><styleUrl>#hoan</styleUrl><Polygon><outerBoundaryIs><LinearRing><coordinates>137.2240810,34.9694118,0 137.2240810,34.9693966,0 137.2240772,34.9693775,0 137.2240696,34.9693661,0 137.2240582,34.9693546,0 137.2240467,34.9693432,0 137.2239971,34.9693241,0 137.2239857,34.9693165,0 137.2239666,34.9693089,0 137.2239552,34.9693012,0 137.2239361,34.9692860,0 137.2239246,34.9692707,0 137.2239132,34.9692593,0 137.2239056,34.9692478,0 137.2239017,34.9692364,0 137.2238941,34.9692211,0 137.2238865,34.9692059,0 137.2238827,34.9691906,0 137.2238750,34.9691753,0 137.2238674,34.9691372,0 137.2238445,34.9690418,0 137.2238369,34.9690113,0 137.2238293,34.9689808,0 137.2238255,34.9689655,0 137.2238178,34.9689503,0 137.2238140,34.9689350,0 137.2238102,34.9689198,0 137.2238026,34.9689045,0 137.2237949,34.9688892,0 137.2237835,34.9688778,0 137.2237759,34.9688625,0 137.2237644,34.9688473,0 137.2237415,34.9688206,0 137.2237072,34.9687824,0 137.2236233,34.9686909,0 137.2235966,34.9686680,0 137.2235737,34.9686413,0 137.2235622,34.9686298,0 137.2235508,34.9686184,0 137.2235355,34.9686069,0 137.2235165,34.9685917,0 137.2235012,34.9685841,0 137.2234821,34.9685764,0 137.2234707,34.9685688,0 137.2234554,34.9685650,0 137.2234402,34.9685612,0 137.2234249,34.9685574,0 137.2234097,34.9685535,0 137.2233906,34.9685535,0 137.2233601,34.9685535,0 137.2233410,34.9685535,0 137.2233257,34.9685574,0 137.2233105,34.9685612,0 137.2232952,34.9685650,0 137.2232761,34.9685726,0 137.2232609,34.9685764,0 137.2232494,34.9685841,0 137.2232342,34.9685879,0 137.2232113,34.9685993,0 137.2231922,34.9686069,0 137.2231617,34.9686260,0 137.2231007,34.9686565,0 137.2230854,34.9686680,0 137.2230701,34.9686756,0 137.2230473,34.9686832,0 137.2230358,34.9686909,0 137.2230091,34.9686985,0 137.2229824,34.9687023,0 137.2229557,34.9687023,0 137.2229290,34.9687023,0 137.2229061,34.9686985,0 137.2228756,34.9686909,0 137.2228603,34.9686832,0 137.2228260,34.9686718,0 137.2227917,34.9686604,0 137.2225475,34.9685688,0 137.2225130,34.9685573,0 137.2224319,34.9686217,0 137.2220500,34.9686404,0 137.2221130,34.9689769,0 137.2223350,34.9691362,0 137.2224344,34.9692555,0 137.2223735,34.9693725,0 137.2221372,34.9693979,0 137.2219384,34.9693910,0 137.2217611,34.9694173,0 137.2216942,34.9695040,0 137.2217216,34.9696647,0 137.2218426,34.9698713,0 137.2222047,34.9700355,0 137.2225658,34.9701618,0 137.2229850,34.9703059,0 137.2231838,34.9705629,0 137.2231960,34.9705524,0 137.2232113,34.9705410,0 137.2232227,34.9705334,0 137.2232456,34.9705181,0 137.2232685,34.9705029,0 137.2232838,34.9704952,0 137.2233105,34.9704800,0 137.2233257,34.9704723,0 137.2233715,34.9704533,0 137.2233969,34.9704419,0 137.2234941,34.9703633,0 137.2236576,34.9702574,0 137.2236576,34.9702358,0 137.2236538,34.9702129,0 137.2236538,34.9701977,0 137.2236462,34.9701824,0 137.2236385,34.9701481,0 137.2236271,34.9701138,0 137.2235928,34.9699955,0 137.2235813,34.9699574,0 137.2235661,34.9699039,0 137.2235584,34.9698696,0 137.2235470,34.9698353,0 137.2235432,34.9698200,0 137.2235394,34.9698009,0 137.2235355,34.9697857,0 137.2235355,34.9697666,0 137.2235355,34.9697514,0 137.2235355,34.9697285,0 137.2235394,34.9697132,0 137.2235432,34.9697018,0 137.2235470,34.9696903,0 137.2235546,34.9696789,0 137.2235661,34.9696674,0 137.2235699,34.9696560,0 137.2235813,34.9696484,0 137.2235966,34.9696369,0 137.2236118,34.9696255,0 137.2236233,34.9696178,0 137.2236385,34.9696102,0 137.2236576,34.9696026,0 137.2236729,34.9695988,0 137.2237072,34.9695835,0 137.2237568,34.9695644,0 137.2237911,34.9695568,0 137.2238140,34.9695492,0 137.2238407,34.9695415,0 137.2238636,34.9695377,0 137.2238903,34.9695339,0 137.2239475,34.9695225,0 137.2239628,34.9695187,0 137.2239819,34.9695148,0 137.2239971,34.9695110,0 137.2240162,34.9695072,0 137.2240238,34.9694996,0 137.2240353,34.9694920,0 137.2240505,34.9694805,0 137.2240620,34.9694653,0 137.2240696,34.9694500,0 137.2240734,34.9694386,0 137.2240772,34.9694233,0 137.2240810,34.9694118,0</coordinates></LinearRing></outerBoundaryIs></Polygon></Placemark><Placemark><styleUrl>#hoan</styleUrl><Polygon><outerBoundaryIs><LinearRing><coordinates>137.2146167,34.9611430,0 137.2147255,34.9611260,0 137.2148385,34.9611372,0 137.2149392,34.9612942,0 137.2148973,34.9615332,0 137.2146989,34.9619338,0 137.2146167,34.9619989,0 137.2146167,34.9658103,0 137.2153331,34.9648995,0 137.2153750,34.9646605,0 137.2147818,34.9641419,0 137.2147758,34.9639170,0 137.2148701,34.9638360,0 137.2152082,34.9638430,0 137.2158518,34.9638445,0 137.2165098,34.9637795,0 137.2166327,34.9635655,0 137.2158691,34.9615016,0 137.2157917,34.9610133,0 137.2158692,34.9609060,0 137.2161268,34.9609146,0 137.2163103,34.9611110,0 137.2163956,34.9612948,0 137.2165764,34.9614370,0 137.2169153,34.9614706,0 137.2169857,34.9616943,0 137.2169149,34.9620529,0 137.2169070,34.9623575,0 137.2169624,34.9626211,0 137.2176137,34.9626823,0 137.2179571,34.9627102,0 137.2181391,34.9629118,0 137.2181543,34.9630909,0 137.2180540,34.9632209,0 137.2180290,34.9634519,0 137.2182175,34.9635083,0 137.2183106,34.9634981,0 137.2184714,34.9632986,0 137.2187087,34.9632431,0 137.2190007,34.9632890,0 137.2191656,34.9636276,0 137.2189896,34.9640323,0 137.2189457,34.9643320,0 137.2191504,34.9646015,0 137.2195650,34.9648632,0 137.2198945,34.9645528,0 137.2199959,34.9641406,0 137.2199657,34.9636118,0 137.2190447,34.9617800,0 137.2190155,34.9612908,0 137.2189565,34.9608949,0 137.2183119,34.9602581,0 137.2175671,34.9600865,0 137.2171472,34.9600280,0 137.2171261,34.9598430,0 137.2171708,34.9597098,0 137.2174553,34.9595194,0 137.2176315,34.9594897,0 137.2180189,34.9595356,0 137.2186385,34.9598419,0 137.2188868,34.9601020,0 137.2193542,34.9609484,0 137.2194289,34.9613308,0 137.2194517,34.9615819,0 137.2198237,34.9616545,0 137.2201054,34.9613582,0 137.2208336,34.9603257,0 137.2210406,34.9602426,0 137.2211702,34.9602799,0 137.2211642,34.9606506,0 137.2211403,34.9609554,0 137.2207961,34.9613190,0 137.2204023,34.9616307,0 137.2206942,34.9629091,0 137.2210977,34.9629546,0 137.2213729,34.9630158,0 137.2213922,34.9631346,0 137.2210009,34.9635388,0 137.2207514,34.9638345,0 137.2207092,34.9640602,0 137.2209583,34.9643469,0 137.2211219,34.9644498,0 137.2216373,34.9644668,0 137.2218621,34.9644494,0 137.2219232,34.9643292,0 137.2221880,34.9634111,0 137.2222635,34.9632245,0 137.2224017,34.9629837,0 137.2226036,34.9627153,0 137.2226612,34.9624628,0 137.2218428,34.9613528,0 137.2217775,34.9607188,0 137.2219400,34.9607820,0 137.2223206,34.9611720,0 137.2226668,34.9614833,0 137.2231389,34.9616864,0 137.2233945,34.9616156,0 137.2234966,34.9612299,0 137.2237468,34.9609606,0 137.2240030,34.9609162,0 137.2243107,34.9609900,0 137.2242829,34.9611494,0 137.2239469,34.9618172,0 137.2226929,34.9630446,0 137.2224786,34.9634456,0 137.2225047,34.9638156,0 137.2228402,34.9637301,0 137.2230282,34.9635413,0 137.2233195,34.9636022,0 137.2233095,34.9638274,0 137.2231707,34.9640549,0 137.2231305,34.9643469,0 137.2233288,34.9645418,0 137.2238185,34.9645017,0 137.2238331,34.9644871,0 137.2238522,34.9644680,0 137.2238598,34.9644527,0 137.2238674,34.9644337,0 137.2238712,34.9644184,0 137.2238750,34.9644032,0 137.2238789,34.9643917,0 137.2238789,34.9643764,0 137.2238865,34.9643269,0 137.2238903,34.9643116,0 137.2238941,34.9642963,0 137.2238979,34.9642811,0 137.2239056,34.9642696,0 137.2239094,34.9642544,0 137.2239208,34.9642429,0 137.2239323,34.9642315,0 137.2239475,34.9642162,0 137.2239666,34.9642048,0 137.2239819,34.9641933,0 137.2239971,34.9641895,0 137.2240124,34.9641819,0 137.2240276,34.9641781,0 137.2240467,34.9641743,0 137.2240772,34.9641666,0 137.2241650,34.9641514,0 137.2241993,34.9641438,0 137.2242146,34.9641399,0 137.2242298,34.9641361,0 137.2242489,34.9641323,0 137.2242641,34.9641247,0 137.2242794,34.9641209,0 137.2242947,34.9641132,0 137.2243061,34.9641056,0 137.2243214,34.9640980,0 137.2243443,34.9640865,0 137.2243557,34.9640713,0 137.2243671,34.9640636,0 137.2243786,34.9640522,0 137.2243938,34.9640369,0 137.2244167,34.9640102,0 137.2244244,34.9639988,0 137.2244358,34.9639835,0 137.2244549,34.9639568,0 137.2245274,34.9638538,0 137.2245541,34.9638119,0 137.2245770,34.9637852,0 137.2245884,34.9637699,0 137.2245998,34.9637547,0 137.2246151,34.9637394,0 137.2246265,34.9637280,0 137.2246380,34.9637203,0 137.2246532,34.9637089,0 137.2246647,34.9637012,0 137.2246761,34.9636936,0 137.2246876,34.9636822,0 137.2247028,34.9636745,0 137.2247181,34.9636669,0 137.2247372,34.9636593,0 137.2247601,34.9636478,0 137.2247753,34.9636440,0 137.2247944,34.9636402,0 137.2248173,34.9636364,0 137.2248516,34.9636402,0 137.2248783,34.9636440,0 137.2249012,34.9636555,0 137.2249126,34.9636631,0 137.2249274,34.9636702,0 137.2250616,34.9631732,0 137.2254100,34.9623728,0 137.2255304,34.9620661,0 137.2257542,34.9620091,0 137.2257724,34.9620882,0 137.2256651,34.9622887,0 137.2259639,34.9626273,0 137.2261537,34.9625047,0 137.2263663,34.9620376,0 137.2267422,34.9616601,0 137.2268391,34.9616715,0 137.2270428,34.9620649,0 137.2270024,34.9623567,0 137.2267201,34.9626267,0 137.2258318,34.9630929,0 137.2256601,34.9632946,0 137.2256966,34.9634528,0 137.2258103,34.9634904,0 137.2261155,34.9634716,0 137.2263564,34.9634539,0 137.2263578,34.9635068,0 137.2265715,34.9636749,0 137.2267813,34.9636976,0 137.2273053,34.9636436,0 137.2273159,34.9636288,0 137.2273846,34.9635258,0 137.2274036,34.9634953,0 137.2274227,34.9634686,0 137.2274418,34.9634418,0 137.2274647,34.9634190,0 137.2274837,34.9633999,0 137.2275028,34.9633770,0 137.2275181,34.9633656,0 137.2275448,34.9633427,0 137.2275715,34.9633198,0 137.2275867,34.9633083,0 137.2276020,34.9632969,0 137.2276173,34.9632854,0 137.2276402,34.9632740,0 137.2276516,34.9632664,0 137.2276783,34.9632587,0 137.2277050,34.9632511,0 137.2277317,34.9632511,0 137.2277584,34.9632511,0 137.2277889,34.9632587,0 137.2278080,34.9632702,0 137.2278271,34.9632778,0 137.2278423,34.9632893,0 137.2278538,34.9633007,0 137.2278652,34.9633160,0 137.2278728,34.9633312,0 137.2278805,34.9633465,0 137.2278843,34.9633617,0 137.2283161,34.9627429,0 137.2282915,34.9624258,0 137.2279497,34.9616909,0 137.2279086,34.9613608,0 137.2281087,34.9610262,0 137.2283874,34.9606240,0 137.2287025,34.9603801,0 137.2288828,34.9604959,0 137.2288731,34.9607342,0 137.2287995,34.9609871,0 137.2287495,34.9615174,0 137.2289782,34.9616455,0 137.2294467,34.9617163,0 137.2296690,34.9616064,0 137.2296944,34.9613544,0 137.2297976,34.9610084,0 137.2299391,34.9608867,0 137.2301321,34.9608832,0 137.2304172,34.9607191,0 137.2306398,34.9606224,0 137.2307700,34.9606730,0 137.2309340,34.9607890,0 137.2308582,34.9609625,0 137.2306370,34.9611121,0 137.2303737,34.9614876,0 137.2303601,34.9615805,0 137.2306707,34.9617600,0 137.2309419,34.9616756,0 137.2315065,34.9617314,0 137.2316231,34.9618749,0 137.2315480,34.9620748,0 137.2314087,34.9622758,0 137.2316647,34.9621047,0 137.2316647,34.9620876,0 137.2316685,34.9620647,0 137.2316685,34.9620495,0 137.2316723,34.9620380,0 137.2316799,34.9620152,0 137.2316837,34.9619999,0 137.2316952,34.9619846,0 137.2317028,34.9619694,0 137.2317104,34.9619579,0 137.2317219,34.9619427,0 137.2317371,34.9619274,0 137.2317677,34.9618931,0 137.2317753,34.9618816,0 137.2317867,34.9618702,0 137.2317905,34.9618587,0 137.2317982,34.9618397,0 137.2318020,34.9618244,0 137.2318058,34.9618092,0 137.2318096,34.9617977,0 137.2318134,34.9617748,0 137.2318172,34.9617596,0 137.2318211,34.9617252,0 137.2318287,34.9616756,0 137.2318363,34.9616070,0 137.2318439,34.9615536,0 137.2318478,34.9615192,0 137.2318516,34.9614697,0 137.2318516,34.9614506,0 137.2318516,34.9614353,0 137.2318516,34.9614010,0 137.2318516,34.9613857,0 137.2318478,34.9613514,0 137.2318478,34.9613361,0 137.2318439,34.9613171,0 137.2318401,34.9612942,0 137.2318363,34.9612789,0 137.2318287,34.9612484,0 137.2318211,34.9612141,0 137.2318096,34.9611835,0 137.2317982,34.9611530,0 137.2317905,34.9611378,0 137.2317829,34.9611149,0 137.2317753,34.9610996,0 137.2317600,34.9610653,0 137.2317448,34.9610348,0 137.2316799,34.9609089,0 137.2316456,34.9608440,0 137.2316227,34.9607983,0 137.2316074,34.9607677,0 137.2315960,34.9607372,0 137.2315845,34.9607029,0 137.2315655,34.9606571,0 137.2315311,34.9605579,0 137.2315197,34.9605274,0 137.2315159,34.9605122,0 137.2315083,34.9604969,0 137.2315006,34.9604816,0 137.2314930,34.9604626,0 137.2314854,34.9604511,0 137.2314739,34.9604397,0 137.2314663,34.9604244,0 137.2314548,34.9604130,0 137.2314434,34.9604015,0 137.2314320,34.9603901,0 137.2314205,34.9603786,0 137.2314091,34.9603710,0 137.2313938,34.9603596,0 137.2313709,34.9603405,0 137.2313595,34.9603329,0 137.2313442,34.9603214,0 137.2313137,34.9603024,0 137.2312794,34.9602871,0 137.2311420,34.9602070,0 137.2310984,34.9601808,0 137.2309474,34.9601060,0 137.2302489,34.9599075,0 137.2300506,34.9598367,0 137.2297214,34.9599421,0 137.2296408,34.9603161,0 137.2293789,34.9606812,0 137.2291962,34.9606225,0 137.2290995,34.9604006,0 137.2289637,34.9598442,0 137.2287719,34.9594503,0 137.2284663,34.9593192,0 137.2282282,34.9594478,0 137.2278697,34.9601500,0 137.2273552,34.9606687,0 137.2268955,34.9609752,0 137.2263846,34.9607693,0 137.2254441,34.9606126,0 137.2247915,34.9604880,0 137.2245303,34.9603189,0 137.2243676,34.9598871,0 137.2245034,34.9593256,0 137.2245839,34.9591991,0 137.2246456,34.9590626,0 137.2246685,34.9590130,0 137.2246838,34.9589825,0 137.2246990,34.9589481,0 137.2247868,34.9587765,0 137.2248020,34.9587421,0 137.2248173,34.9587116,0 137.2248287,34.9586773,0 137.2248363,34.9586620,0 137.2248478,34.9586315,0 137.2248745,34.9585667,0 137.2248859,34.9585361,0 137.2248936,34.9585209,0 137.2249050,34.9585018,0 137.2249126,34.9584827,0 137.2249279,34.9584637,0 137.2249432,34.9584484,0 137.2249546,34.9584370,0 137.2249737,34.9584255,0 137.2249851,34.9584141,0 137.2249966,34.9584064,0 137.2250080,34.9583988,0 137.2250233,34.9583912,0 137.2250347,34.9583836,0 137.2250538,34.9583759,0 137.2250729,34.9583683,0 137.2250919,34.9583607,0 137.2251110,34.9583569,0 137.2251263,34.9583530,0 137.2251415,34.9583492,0 137.2251720,34.9583492,0 137.2251987,34.9583492,0 137.2252293,34.9583607,0 137.2252445,34.9583645,0 137.2252560,34.9583721,0 137.2252712,34.9583836,0 137.2252827,34.9583912,0 137.2252941,34.9584026,0 137.2253056,34.9584103,0 137.2253132,34.9584217,0 137.2253361,34.9584484,0 137.2257300,34.9583301,0 137.2258537,34.9578807,0 137.2253539,34.9572688,0 137.2249230,34.9569661,0 137.2245923,34.9570219,0 137.2241866,34.9570914,0 137.2236975,34.9568768,0 137.2232046,34.9565132,0 137.2222925,34.9557703,0 137.2214750,34.9557103,0 137.2208198,34.9554862,0 137.2199841,34.9547315,0 137.2191798,34.9542094,0 137.2179357,34.9543749,0 137.2174770,34.9542254,0 137.2172060,34.9539145,0 137.2166451,34.9537170,0 137.2161559,34.9535596,0 137.2156795,34.9535019,0 137.2151125,34.9538280,0 137.2150226,34.9542453,0 137.2149789,34.9544954,0 137.2152042,34.9568897,0 137.2152346,34.9572715,0 137.2154947,34.9579233,0 137.2155023,34.9582057,0 137.2153430,34.9582918,0 137.2150267,34.9581811,0 137.2146478,34.9579886,0 137.2146167,34.9579730,0 137.2146167,34.9611430,0</coordinates></LinearRing></outerBoundaryIs></Polygon></Placemark><Placemark><styleUrl>#hoan</styleUrl><Polygon><outerBoundaryIs><LinearRing><coordinates>137.2213648,34.9588902,0 137.2212938,34.9581610,0 137.2212836,34.9577819,0 137.2210682,34.9573925,0 137.2206195,34.9572180,0 137.2203616,34.9571525,0 137.2200692,34.9570871,0 137.2196894,34.9568569,0 137.2194818,34.9566850,0 137.2192013,34.9565759,0 137.2189655,34.9565451,0 137.2186906,34.9566468,0 137.2184091,34.9568978,0 137.2182919,34.9573040,0 137.2182490,34.9576913,0 137.2182010,34.9580911,0 137.2180864,34.9582758,0 137.2179507,34.9583064,0 137.2178247,34.9580698,0 137.2177314,34.9577766,0 137.2175376,34.9575554,0 137.2172941,34.9573912,0 137.2171553,34.9573095,0 137.2172850,34.9570542,0 137.2180121,34.9567881,0 137.2183626,34.9564866,0 137.2184583,34.9562321,0 137.2183938,34.9557415,0 137.2182209,34.9556603,0 137.2177255,34.9556554,0 137.2172141,34.9556928,0 137.2169411,34.9556978,0 137.2165804,34.9556201,0 137.2164916,34.9554953,0 137.2165383,34.9553259,0 137.2167413,34.9552519,0 137.2173724,34.9552263,0 137.2180919,34.9553115,0 137.2185755,34.9555134,0 137.2193898,34.9559481,0 137.2197042,34.9562092,0 137.2202060,34.9564529,0 137.2205504,34.9565590,0 137.2210781,34.9564932,0 137.2211800,34.9564773,0 137.2211846,34.9566458,0 137.2212423,34.9568835,0 137.2215726,34.9571022,0 137.2220574,34.9573462,0 137.2226096,34.9575610,0 137.2231282,34.9577903,0 137.2234414,34.9580093,0 137.2235841,34.9582314,0 137.2235891,34.9584140,0 137.2233671,34.9584180,0 137.2229875,34.9582705,0 137.2225896,34.9580810,0 137.2222796,34.9579884,0 137.2220593,34.9580487,0 137.2219110,34.9582480,0 137.2219166,34.9584587,0 137.2221796,34.9587067,0 137.2224750,34.9588979,0 137.2225805,34.9590084,0 137.2224966,34.9590661,0 137.2218974,34.9590069,0 137.2215547,34.9589710,0 137.2213648,34.9588902,0</coordinates></LinearRing></outerBoundaryIs></Polygon></Placemark><Placemark><styleUrl>#hoan</styleUrl><Polygon><outerBoundaryIs><LinearRing><coordinates>137.2433471,34.9652511,0 137.2429533,34.9652027,0 137.2428451,34.9652047,0 137.2426782,34.9650408,0 137.2424385,34.9646890,0 137.2423227,34.9644127,0 137.2420981,34.9641163,0 137.2417727,34.9641000,0 137.2414779,34.9642056,0 137.2412411,34.9644550,0 137.2411957,34.9647787,0 137.2413020,34.9651998,0 137.2413430,34.9657111,0 137.2414155,34.9658879,0 137.2415793,34.9659406,0 137.2418084,34.9659029,0 137.2422244,34.9657728,0 137.2427613,34.9656070,0 137.2431521,34.9655441,0 137.2433250,34.9654296,0 137.2433471,34.9652511,0</coordinates></LinearRing></outerBoundaryIs></Polygon></Placemark><Placemark><styleUrl>#hoan</styleUrl><Polygon><outerBoundaryIs><LinearRing><coordinates>137.2395160,34.9604814,0 137.2393800,34.9604335,0 137.2390425,34.9606311,0 137.2387334,34.9609692,0 137.2387563,34.9613616,0 137.2390357,34.9617292,0 137.2393320,34.9618144,0 137.2394287,34.9617723,0 137.2395518,34.9613470,0 137.2395401,34.9609140,0 137.2395160,34.9604814,0</coordinates></LinearRing></outerBoundaryIs></Polygon></Placemark><Placemark><styleUrl>#hoan</styleUrl><Polygon><outerBoundaryIs><LinearRing><coordinates>137.2446519,34.9601710,0 137.2447861,34.9599184,0 137.2448538,34.9596135,0 137.2447511,34.9594278,0 137.2444048,34.9594699,0 137.2437549,34.9599196,0 137.2436458,34.9599038,0 137.2435092,34.9596741,0 137.2433976,34.9591351,0 137.2430224,34.9592757,0 137.2421375,34.9602769,0 137.2425114,34.9605052,0 137.2430381,34.9607098,0 137.2435158,34.9607099,0 137.2438816,34.9605870,0 137.2443860,34.9603723,0 137.2446519,34.9601710,0</coordinates></LinearRing></outerBoundaryIs></Polygon></Placemark><Placemark><styleUrl>#hoan</styleUrl><Polygon><outerBoundaryIs><LinearRing><coordinates>137.2276565,34.9500650,0 137.2276133,34.9500381,0 137.2276440,34.9500675,0 137.2276821,34.9501019,0 137.2277203,34.9501362,0 137.2277699,34.9501820,0 137.2278216,34.9502285,0 137.2276565,34.9500650,0</coordinates></LinearRing></outerBoundaryIs></Polygon></Placemark><Placemark><styleUrl>#hoan</styleUrl><Polygon><outerBoundaryIs><LinearRing><coordinates>137.2285332,34.9517773,0 137.2284601,34.9517727,0 137.2284489,34.9518566,0 137.2284451,34.9518909,0 137.2284412,34.9519138,0 137.2284412,34.9519291,0 137.2284374,34.9519634,0 137.2284374,34.9520168,0 137.2284374,34.9520512,0 137.2284374,34.9520817,0 137.2284374,34.9521160,0 137.2284412,34.9521351,0 137.2284412,34.9521503,0 137.2284412,34.9521694,0 137.2284451,34.9521847,0 137.2284489,34.9521999,0 137.2284527,34.9522190,0 137.2284565,34.9522343,0 137.2284679,34.9522648,0 137.2284832,34.9522991,0 137.2285328,34.9524250,0 137.2285484,34.9524656,0 137.2286582,34.9523671,0 137.2285332,34.9517773,0</coordinates></LinearRing></outerBoundaryIs></Polygon></Placemark><Placemark><styleUrl>#hoan</styleUrl><Polygon><outerBoundaryIs><LinearRing><coordinates>137.2331600,34.9577033,0 137.2326080,34.9572018,0 137.2322182,34.9569612,0 137.2321301,34.9569416,0 137.2320957,34.9569340,0 137.2320423,34.9569263,0 137.2319736,34.9569149,0 137.2318478,34.9568958,0 137.2317791,34.9568844,0 137.2317410,34.9568806,0 137.2317257,34.9568768,0 137.2316723,34.9568729,0 137.2316494,34.9568691,0 137.2316303,34.9568653,0 137.2316113,34.9568615,0 137.2315884,34.9568539,0 137.2315693,34.9568501,0 137.2315540,34.9568424,0 137.2315235,34.9568310,0 137.2315006,34.9568233,0 137.2314548,34.9568005,0 137.2312641,34.9567204,0 137.2312336,34.9567051,0 137.2312031,34.9566898,0 137.2311878,34.9566822,0 137.2311726,34.9566746,0 137.2311611,34.9566669,0 137.2311497,34.9566593,0 137.2311382,34.9566517,0 137.2311268,34.9566441,0 137.2311077,34.9566288,0 137.2310963,34.9566174,0 137.2310810,34.9566059,0 137.2310696,34.9565907,0 137.2310581,34.9565792,0 137.2310467,34.9565678,0 137.2310352,34.9565525,0 137.2310238,34.9565411,0 137.2310162,34.9565296,0 137.2310085,34.9565182,0 137.2310009,34.9565029,0 137.2309933,34.9564838,0 137.2309818,34.9564610,0 137.2309780,34.9564457,0 137.2309742,34.9564266,0 137.2309628,34.9563923,0 137.2309361,34.9562702,0 137.2309284,34.9562359,0 137.2309246,34.9562168,0 137.2309170,34.9562016,0 137.2309132,34.9561825,0 137.2309093,34.9561672,0 137.2309017,34.9561520,0 137.2308941,34.9561367,0 137.2308826,34.9561214,0 137.2308712,34.9561100,0 137.2308559,34.9560947,0 137.2308140,34.9560566,0 137.2307987,34.9560452,0 137.2307911,34.9560337,0 137.2307758,34.9560223,0 137.2307644,34.9560070,0 137.2307568,34.9559917,0 137.2307453,34.9559803,0 137.2307377,34.9559650,0 137.2307301,34.9559536,0 137.2307224,34.9559383,0 137.2307148,34.9559231,0 137.2307110,34.9559040,0 137.2307034,34.9558887,0 137.2306957,34.9558735,0 137.2306919,34.9558544,0 137.2306843,34.9558392,0 137.2306805,34.9558201,0 137.2306767,34.9558048,0 137.2306728,34.9557896,0 137.2306728,34.9557743,0 137.2306690,34.9557552,0 137.2306690,34.9557285,0 137.2306728,34.9557056,0 137.2306767,34.9556904,0 137.2306805,34.9556713,0 137.2306843,34.9556561,0 137.2306919,34.9556217,0 137.2307176,34.9555190,0 137.2304825,34.9552283,0 137.2292464,34.9544874,0 137.2276159,34.9536654,0 137.2274896,34.9534615,0 137.2278789,34.9530954,0 137.2282538,34.9527362,0 137.2282352,34.9527225,0 137.2282200,34.9527111,0 137.2282085,34.9526958,0 137.2281971,34.9526806,0 137.2281933,34.9526691,0 137.2281818,34.9526501,0 137.2281742,34.9526348,0 137.2281666,34.9526157,0 137.2281590,34.9526005,0 137.2281475,34.9525661,0 137.2281361,34.9525318,0 137.2281246,34.9524975,0 137.2281132,34.9524632,0 137.2281055,34.9524479,0 137.2281017,34.9524212,0 137.2280979,34.9524097,0 137.2280941,34.9523983,0 137.2280941,34.9523716,0 137.2280941,34.9523525,0 137.2280941,34.9523296,0 137.2280979,34.9523106,0 137.2280979,34.9522953,0 137.2281094,34.9522305,0 137.2281132,34.9522152,0 137.2281170,34.9521999,0 137.2281170,34.9521809,0 137.2281170,34.9521656,0 137.2281208,34.9521465,0 137.2281208,34.9521122,0 137.2281208,34.9520779,0 137.2281208,34.9519596,0 137.2281208,34.9519062,0 137.2280581,34.9519475,0 137.2277606,34.9522400,0 137.2273649,34.9521217,0 137.2274250,34.9519233,0 137.2277626,34.9515044,0 137.2279764,34.9512212,0 137.2279568,34.9512157,0 137.2279415,34.9512119,0 137.2279148,34.9512157,0 137.2278996,34.9512196,0 137.2278843,34.9512234,0 137.2278690,34.9512272,0 137.2278538,34.9512386,0 137.2278118,34.9512615,0 137.2277966,34.9512691,0 137.2277813,34.9512768,0 137.2277584,34.9512844,0 137.2277431,34.9512882,0 137.2277241,34.9512920,0 137.2276936,34.9512920,0 137.2276630,34.9512882,0 137.2276440,34.9512806,0 137.2276249,34.9512730,0 137.2276096,34.9512653,0 137.2275944,34.9512501,0 137.2275829,34.9512386,0 137.2275715,34.9512234,0 137.2275639,34.9512119,0 137.2275600,34.9512005,0 137.2275562,34.9511890,0 137.2275524,34.9511776,0 137.2275524,34.9511509,0 137.2275562,34.9511356,0 137.2275600,34.9511127,0 137.2275677,34.9511013,0 137.2275753,34.9510822,0 137.2275829,34.9510708,0 137.2275906,34.9510593,0 137.2276020,34.9510479,0 137.2276096,34.9510365,0 137.2276249,34.9510212,0 137.2276402,34.9510098,0 137.2276516,34.9509983,0 137.2276669,34.9509907,0 137.2276783,34.9509830,0 137.2276936,34.9509754,0 137.2277050,34.9509678,0 137.2277164,34.9509602,0 137.2277470,34.9509487,0 137.2277813,34.9509373,0 137.2278118,34.9509220,0 137.2278957,34.9508915,0 137.2279301,34.9508801,0 137.2279453,34.9508724,0 137.2279606,34.9508648,0 137.2279758,34.9508572,0 137.2279911,34.9508495,0 137.2280102,34.9508343,0 137.2280216,34.9508152,0 137.2280216,34.9507999,0 137.2280178,34.9507732,0 137.2280140,34.9507580,0 137.2280064,34.9507465,0 137.2280025,34.9507351,0 137.2279911,34.9507198,0 137.2279835,34.9507046,0 137.2279758,34.9506931,0 137.2279530,34.9506664,0 137.2279339,34.9506397,0 137.2279224,34.9506245,0 137.2279110,34.9506130,0 137.2278996,34.9506016,0 137.2278843,34.9505901,0 137.2278728,34.9505787,0 137.2278614,34.9505672,0 137.2278461,34.9505596,0 137.2278309,34.9505520,0 137.2278194,34.9505444,0 137.2278042,34.9505367,0 137.2277889,34.9505291,0 137.2277737,34.9505253,0 137.2277164,34.9505100,0 137.2276134,34.9504833,0 137.2275600,34.9504681,0 137.2275257,34.9504604,0 137.2275105,34.9504566,0 137.2274837,34.9504452,0 137.2274647,34.9504375,0 137.2274456,34.9504299,0 137.2274189,34.9504185,0 137.2274036,34.9504070,0 137.2273884,34.9503956,0 137.2273731,34.9503841,0 137.2273540,34.9503689,0 137.2273426,34.9503536,0 137.2273235,34.9503307,0 137.2273121,34.9503155,0 137.2272968,34.9502926,0 137.2272778,34.9502621,0 137.2272625,34.9502316,0 137.2272320,34.9501820,0 137.2272167,34.9501514,0 137.2272091,34.9501400,0 137.2271976,34.9501209,0 137.2271862,34.9501019,0 137.2271748,34.9500866,0 137.2271595,34.9500713,0 137.2271442,34.9500561,0 137.2271328,34.9500446,0 137.2271214,34.9500332,0 137.2271099,34.9500217,0 137.2270908,34.9500103,0 137.2270794,34.9499989,0 137.2270679,34.9499912,0 137.2270451,34.9499760,0 137.2270336,34.9499683,0 137.2270184,34.9499607,0 137.2269878,34.9499454,0 137.2269611,34.9499302,0 137.2269001,34.9498997,0 137.2268696,34.9498844,0 137.2268543,34.9498768,0 137.2268391,34.9498692,0 137.2268276,34.9498615,0 137.2268162,34.9498539,0 137.2268009,34.9498425,0 137.2267857,34.9498310,0 137.2267742,34.9498196,0 137.2267628,34.9498043,0 137.2267513,34.9497929,0 137.2267399,34.9497738,0 137.2267284,34.9497585,0 137.2267208,34.9497471,0 137.2267132,34.9497318,0 137.2267056,34.9497166,0 137.2266903,34.9496861,0 137.2266750,34.9496555,0 137.2266674,34.9496403,0 137.2266636,34.9496250,0 137.2266560,34.9496098,0 137.2266521,34.9495945,0 137.2266483,34.9495831,0 137.2266483,34.9495678,0 137.2266445,34.9495525,0 137.2266483,34.9495258,0 137.2266483,34.9495106,0 137.2266560,34.9494991,0 137.2266598,34.9494839,0 137.2266712,34.9494724,0 137.2266788,34.9494610,0 137.2266903,34.9494534,0 137.2267017,34.9494419,0 137.2267170,34.9494343,0 137.2267323,34.9494267,0 137.2267475,34.9494190,0 137.2267666,34.9494152,0 137.2266549,34.9493118,0 137.2265478,34.9493855,0 137.2262456,34.9494987,0 137.2261545,34.9493569,0 137.2261923,34.9491409,0 137.2262561,34.9485485,0 137.2228954,34.9485485,0 137.2235777,34.9491627,0 137.2238151,34.9499786,0 137.2236276,34.9503905,0 137.2228973,34.9508221,0 137.2217602,34.9514119,0 137.2220452,34.9514476,0 137.2221550,34.9515741,0 137.2220252,34.9517634,0 137.2220232,34.9519503,0 137.2221908,34.9519634,0 137.2225246,34.9518681,0 137.2227116,34.9518108,0 137.2227459,34.9517994,0 137.2227612,34.9517956,0 137.2227802,34.9517918,0 137.2227955,34.9517879,0 137.2228184,34.9517841,0 137.2228451,34.9517841,0 137.2228756,34.9517841,0 137.2228947,34.9517879,0 137.2229176,34.9517956,0 137.2229364,34.9518043,0 137.2230191,34.9517568,0 137.2232264,34.9518114,0 137.2232531,34.9520095,0 137.2231445,34.9521984,0 137.2230681,34.9523228,0 137.2230778,34.9523487,0 137.2230854,34.9523640,0 137.2230892,34.9523792,0 137.2230968,34.9523945,0 137.2231045,34.9524059,0 137.2231197,34.9524250,0 137.2231312,34.9524403,0 137.2231770,34.9524822,0 137.2231884,34.9524937,0 137.2231998,34.9525051,0 137.2232227,34.9525280,0 137.2232418,34.9525509,0 137.2232609,34.9525776,0 137.2232761,34.9526005,0 137.2232838,34.9526119,0 137.2232952,34.9526272,0 137.2233028,34.9526424,0 137.2233105,34.9526577,0 137.2233257,34.9526882,0 137.2233410,34.9527149,0 137.2233524,34.9527454,0 137.2233715,34.9527912,0 137.2233829,34.9528217,0 137.2233906,34.9528446,0 137.2233944,34.9528637,0 137.2233982,34.9528790,0 137.2234020,34.9528942,0 137.2234058,34.9529095,0 137.2234097,34.9529400,0 137.2234135,34.9529552,0 137.2234135,34.9529819,0 137.2234173,34.9530048,0 137.2234173,34.9530201,0 137.2234173,34.9530354,0 137.2234173,34.9530506,0 137.2234173,34.9530659,0 137.2234135,34.9530811,0 137.2234135,34.9531078,0 137.2234097,34.9531231,0 137.2234058,34.9531384,0 137.2234020,34.9531498,0 137.2233982,34.9531651,0 137.2233944,34.9531765,0 137.2233906,34.9531918,0 137.2233868,34.9532070,0 137.2233791,34.9532223,0 137.2233715,34.9532375,0 137.2233601,34.9532604,0 137.2233448,34.9532909,0 137.2233372,34.9533062,0 137.2233295,34.9533176,0 137.2233181,34.9533405,0 137.2233028,34.9533558,0 137.2232952,34.9533710,0 137.2232838,34.9533825,0 137.2232723,34.9533978,0 137.2232494,34.9534245,0 137.2232265,34.9534473,0 137.2232037,34.9534740,0 137.2231808,34.9534969,0 137.2231426,34.9535275,0 137.2231197,34.9535503,0 137.2231007,34.9535656,0 137.2230892,34.9535732,0 137.2230701,34.9535885,0 137.2230587,34.9535961,0 137.2230282,34.9536152,0 137.2229977,34.9536381,0 137.2229671,34.9536572,0 137.2229443,34.9536724,0 137.2228999,34.9536946,0 137.2230273,34.9540378,0 137.2232583,34.9541365,0 137.2237135,34.9540858,0 137.2244203,34.9538063,0 137.2247660,34.9537878,0 137.2250760,34.9538125,0 137.2255798,34.9545054,0 137.2255760,34.9548783,0 137.2255699,34.9552489,0 137.2255196,34.9557660,0 137.2255924,34.9560823,0 137.2257907,34.9562772,0 137.2262566,34.9565475,0 137.2262783,34.9565372,0 137.2262936,34.9565334,0 137.2263126,34.9565296,0 137.2263317,34.9565258,0 137.2263622,34.9565296,0 137.2263966,34.9565334,0 137.2264309,34.9565449,0 137.2264462,34.9565525,0 137.2264614,34.9565563,0 137.2265263,34.9565830,0 137.2265415,34.9565907,0 137.2265644,34.9565983,0 137.2265835,34.9566059,0 137.2265987,34.9566097,0 137.2266331,34.9566212,0 137.2266674,34.9566288,0 137.2267017,34.9566364,0 137.2267208,34.9566402,0 137.2267513,34.9566479,0 137.2268009,34.9566517,0 137.2268353,34.9566555,0 137.2268772,34.9566593,0 137.2269192,34.9566593,0 137.2269459,34.9566593,0 137.2269726,34.9566631,0 137.2269917,34.9566708,0 137.2270107,34.9566746,0 137.2270336,34.9566860,0 137.2270451,34.9566936,0 137.2270565,34.9567013,0 137.2270679,34.9567089,0 137.2270794,34.9567204,0 137.2270947,34.9567356,0 137.2271328,34.9567776,0 137.2271442,34.9567890,0 137.2271709,34.9568119,0 137.2272053,34.9568501,0 137.2272282,34.9568729,0 137.2272549,34.9568920,0 137.2272816,34.9569149,0 137.2272930,34.9569263,0 137.2273121,34.9569416,0 137.2273273,34.9569530,0 137.2273426,34.9569607,0 137.2273540,34.9569721,0 137.2273731,34.9569836,0 137.2273922,34.9569950,0 137.2274075,34.9569988,0 137.2274189,34.9570065,0 137.2274342,34.9570103,0 137.2274532,34.9570179,0 137.2274723,34.9570217,0 137.2274876,34.9570255,0 137.2275028,34.9570293,0 137.2275181,34.9570332,0 137.2275486,34.9570332,0 137.2275639,34.9570370,0 137.2275944,34.9570370,0 137.2276478,34.9570332,0 137.2276745,34.9570370,0 137.2276936,34.9570370,0 137.2277088,34.9570408,0 137.2277241,34.9570446,0 137.2277508,34.9570560,0 137.2277660,34.9570637,0 137.2277813,34.9570751,0 137.2282418,34.9570793,0 137.2285830,34.9572053,0 137.2288327,34.9571164,0 137.2294803,34.9572404,0 137.2307480,34.9576928,0 137.2315174,34.9577398,0 137.2318953,34.9576648,0 137.2319899,34.9576866,0 137.2322311,34.9580259,0 137.2325156,34.9582421,0 137.2328341,34.9583509,0 137.2331003,34.9582390,0 137.2332321,34.9579617,0 137.2331600,34.9577033,0</coordinates></LinearRing></outerBoundaryIs></Polygon></Placemark><Placemark><styleUrl>#hoan</styleUrl><Polygon><outerBoundaryIs><LinearRing><coordinates>137.2333797,34.9547876,0 137.2330382,34.9543532,0 137.2327412,34.9540332,0 137.2323433,34.9539524,0 137.2319853,34.9541217,0 137.2317374,34.9540992,0 137.2317259,34.9539773,0 137.2319453,34.9535570,0 137.2321580,34.9531937,0 137.2322942,34.9527505,0 137.2322324,34.9522906,0 137.2320851,34.9520289,0 137.2318478,34.9520875,0 137.2316783,34.9525472,0 137.2316313,34.9532464,0 137.2310857,34.9537920,0 137.2309458,34.9541065,0 137.2310249,34.9542881,0 137.2314959,34.9546388,0 137.2319250,34.9546580,0 137.2323699,34.9546498,0 137.2326770,34.9547324,0 137.2330208,34.9549498,0 137.2332205,34.9549940,0 137.2333427,34.9549442,0 137.2333797,34.9547876,0</coordinates></LinearRing></outerBoundaryIs></Polygon></Placemark><Placemark><styleUrl>#hoan</styleUrl><Polygon><outerBoundaryIs><LinearRing><coordinates>137.2194563,34.9532858,0 137.2196999,34.9529571,0 137.2197535,34.9528947,0 137.2197475,34.9528828,0 137.2197437,34.9528713,0 137.2197399,34.9528599,0 137.2197399,34.9528446,0 137.2197399,34.9528294,0 137.2197437,34.9528027,0 137.2197475,34.9527836,0 137.2197514,34.9527683,0 137.2197552,34.9527531,0 137.2197628,34.9527340,0 137.2197666,34.9527187,0 137.2197819,34.9526882,0 137.2197971,34.9526501,0 137.2198277,34.9525890,0 137.2198429,34.9525585,0 137.2198505,34.9525433,0 137.2198582,34.9525166,0 137.2198620,34.9525013,0 137.2198696,34.9524860,0 137.2198772,34.9524555,0 137.2198887,34.9524059,0 137.2198963,34.9523716,0 137.2199001,34.9523563,0 137.2199078,34.9523258,0 137.2199116,34.9523067,0 137.2199116,34.9522915,0 137.2199154,34.9522572,0 137.2199192,34.9522038,0 137.2199192,34.9521008,0 137.2199230,34.9520512,0 137.2199268,34.9520168,0 137.2199268,34.9519825,0 137.2199306,34.9519634,0 137.2199345,34.9519482,0 137.2199345,34.9519329,0 137.2199421,34.9518986,0 137.2199535,34.9518490,0 137.2199612,34.9518147,0 137.2199612,34.9517994,0 137.2199650,34.9517841,0 137.2199650,34.9517651,0 137.2199650,34.9517498,0 137.2199612,34.9517307,0 137.2199612,34.9517155,0 137.2199574,34.9516964,0 137.2199535,34.9516811,0 137.2199421,34.9516468,0 137.2199345,34.9516125,0 137.2198772,34.9514256,0 137.2198658,34.9513912,0 137.2198582,34.9513569,0 137.2198544,34.9513416,0 137.2198505,34.9513226,0 137.2198467,34.9513073,0 137.2198467,34.9512920,0 137.2198467,34.9512653,0 137.2198505,34.9512539,0 137.2198544,34.9512386,0 137.2198620,34.9512272,0 137.2198734,34.9512081,0 137.2198811,34.9511929,0 137.2198963,34.9511814,0 137.2199116,34.9511700,0 137.2199230,34.9511623,0 137.2199421,34.9511547,0 137.2199545,34.9511485,0 137.2196797,34.9507678,0 137.2193154,34.9505143,0 137.2192822,34.9505215,0 137.2192478,34.9505291,0 137.2192287,34.9505329,0 137.2192135,34.9505367,0 137.2191906,34.9505405,0 137.2191601,34.9505405,0 137.2191296,34.9505405,0 137.2191105,34.9505405,0 137.2190914,34.9505367,0 137.2190609,34.9505291,0 137.2190418,34.9505215,0 137.2190151,34.9505138,0 137.2189999,34.9505062,0 137.2189846,34.9504986,0 137.2189541,34.9504795,0 137.2189236,34.9504642,0 137.2188473,34.9504185,0 137.2188015,34.9503918,0 137.2187710,34.9503727,0 137.2187557,34.9503651,0 137.2187405,34.9503536,0 137.2187252,34.9503422,0 137.2187138,34.9503345,0 137.2186985,34.9503193,0 137.2186832,34.9503040,0 137.2186718,34.9502964,0 137.2186642,34.9502850,0 137.2186527,34.9502735,0 137.2186413,34.9502583,0 137.2186293,34.9502415,0 137.2177048,34.9499656,0 137.2176609,34.9499645,0 137.2175922,34.9499607,0 137.2172413,34.9499569,0 137.2171535,34.9499531,0 137.2171192,34.9499569,0 137.2170849,34.9499569,0 137.2170582,34.9499569,0 137.2170086,34.9499607,0 137.2169743,34.9499645,0 137.2169476,34.9499645,0 137.2169209,34.9499607,0 137.2169018,34.9499607,0 137.2168865,34.9499569,0 137.2168560,34.9499493,0 137.2168255,34.9499416,0 137.2168102,34.9499378,0 137.2167759,34.9499226,0 137.2167606,34.9499149,0 137.2167301,34.9499035,0 137.2166262,34.9499177,0 137.2162573,34.9500989,0 137.2151622,34.9514488,0 137.2148267,34.9517457,0 137.2151944,34.9521679,0 137.2155182,34.9522044,0 137.2157492,34.9521471,0 137.2159558,34.9516651,0 137.2163010,34.9515313,0 137.2167388,34.9514807,0 137.2169344,34.9515516,0 137.2169769,34.9516890,0 137.2169034,34.9518391,0 137.2167164,34.9520869,0 137.2166963,34.9522998,0 137.2168159,34.9524251,0 137.2172812,34.9524379,0 137.2177970,34.9524072,0 137.2183362,34.9522805,0 137.2186971,34.9522526,0 137.2187266,34.9523902,0 137.2187068,34.9526138,0 137.2185854,34.9529029,0 137.2185530,34.9531373,0 137.2187117,34.9532725,0 137.2187328,34.9532681,0 137.2187557,34.9532681,0 137.2187901,34.9532681,0 137.2188091,34.9532681,0 137.2188625,34.9532681,0 137.2189846,34.9532757,0 137.2190440,34.9532784,0 137.2194563,34.9532858,0</coordinates></LinearRing></outerBoundaryIs></Polygon></Placemark><Placemark><styleUrl>#hoan</styleUrl><Polygon><outerBoundaryIs><LinearRing><coordinates>137.2190609,34.9515801,0 137.2187566,34.9515514,0 137.2185662,34.9515549,0 137.2178389,34.9515144,0 137.2174871,34.9514914,0 137.2170093,34.9514315,0 137.2168023,34.9512591,0 137.2167710,34.9512009,0 137.2166304,34.9510663,0 137.2166068,34.9508513,0 137.2167162,34.9507170,0 137.2168926,34.9506355,0 137.2171194,34.9506558,0 137.2175260,34.9505015,0 137.2177868,34.9504625,0 137.2178363,34.9505302,0 137.2178623,34.9506129,0 137.2178384,34.9508337,0 137.2178407,34.9511372,0 137.2179256,34.9511945,0 137.2181633,34.9511853,0 137.2189570,34.9510385,0 137.2193150,34.9510712,0 137.2193514,34.9513154,0 137.2193077,34.9514630,0 137.2191783,34.9515193,0 137.2190609,34.9515801,0</coordinates></LinearRing></outerBoundaryIs></Polygon></Placemark><Placemark><styleUrl>#hoan</styleUrl><Polygon><outerBoundaryIs><LinearRing><coordinates>137.2298207,34.9525661,0 137.2300559,34.9518629,0 137.2294123,34.9519935,0 137.2298207,34.9525661,0</coordinates></LinearRing></outerBoundaryIs></Polygon></Placemark><Placemark><styleUrl>#hoan</styleUrl><Polygon><outerBoundaryIs><LinearRing><coordinates>137.2298470,34.9487051,0 137.2299753,34.9485947,0 137.2304920,34.9487796,0 137.2312923,34.9492507,0 137.2316863,34.9492651,0 137.2321027,34.9491387,0 137.2327056,34.9491060,0 137.2333876,34.9490935,0 137.2337406,34.9490438,0 137.2340749,34.9487893,0 137.2341794,34.9485485,0 137.2286631,34.9485485,0 137.2285260,34.9488386,0 137.2282380,34.9489589,0 137.2279039,34.9490992,0 137.2278045,34.9493023,0 137.2279121,34.9497793,0 137.2283558,34.9500582,0 137.2289952,34.9503156,0 137.2293606,34.9496425,0 137.2298470,34.9487051,0</coordinates></LinearRing></outerBoundaryIs></Polygon></Placemark></Folder><Style id="eq"><LineStyle><color>ff0a0f7a</color><width>2.2</width></LineStyle><PolyStyle><color>cc2b35e8</color></PolyStyle></Style><Style id="pole"><IconStyle><color>ffd1c200</color><scale>1.0</scale><Icon><href>http://maps.google.com/mapfiles/kml/paddle/blu-circle.png</href></Icon></IconStyle></Style><Folder><name>配置図の設備（推定位置・誤差±10m程度）</name><description>配置図(2026.02.03 パワーエックス/イノスタ)の背景航空写真を地理院航空写真に重ねて推定した位置。法的な位置ではない。</description><Placemark><name>設備 1</name><styleUrl>#eq</styleUrl><Polygon><outerBoundaryIs><LinearRing><coordinates>137.2315811,34.9624246,0 137.2315812,34.9624229,0 137.2315823,34.9623431,0 137.2315835,34.9622573,0 137.2315834,34.9622568,0 137.2315828,34.9622565,0 137.2315733,34.9622564,0 137.2315611,34.9622563,0 137.2315538,34.9622562,0 137.2315511,34.9622562,0 137.2315496,34.9622565,0 137.2315492,34.9622570,0 137.2315491,34.9622587,0 137.2315491,34.9622626,0 137.2315486,34.9622965,0 137.2315479,34.9623402,0 137.2315471,34.9623940,0 137.2315467,34.9624239,0 137.2315469,34.9624247,0 137.2315480,34.9624250,0 137.2315697,34.9624252,0 137.2315770,34.9624253,0 137.2315797,34.9624253,0 137.2315807,34.9624251,0 137.2315811,34.9624246,0</coordinates></LinearRing></outerBoundaryIs></Polygon></Placemark><Placemark><name>設備 2</name><styleUrl>#eq</styleUrl><Polygon><outerBoundaryIs><LinearRing><coordinates>137.2314392,34.9622587,0 137.2314389,34.9622786,0 137.2314389,34.9622808,0 137.2314392,34.9622816,0 137.2314403,34.9622819,0 137.2314424,34.9622819,0 137.2314545,34.9622821,0 137.2314861,34.9622823,0 137.2315056,34.9622825,0 137.2315130,34.9622826,0 137.2315134,34.9622821,0 137.2315135,34.9622803,0 137.2315137,34.9622725,0 137.2315138,34.9622625,0 137.2315139,34.9622565,0 137.2315135,34.9622548,0 137.2315118,34.9622546,0 137.2314707,34.9622542,0 137.2314465,34.9622540,0 137.2314412,34.9622540,0 137.2314397,34.9622543,0 137.2314393,34.9622548,0 137.2314392,34.9622587,0</coordinates></LinearRing></outerBoundaryIs></Polygon></Placemark><Placemark><name>設備 3</name><styleUrl>#eq</styleUrl><Polygon><outerBoundaryIs><LinearRing><coordinates>137.2315123,34.9623683,0 137.2315117,34.9623680,0 137.2314948,34.9623678,0 137.2314463,34.9623673,0 137.2314390,34.9623673,0 137.2314380,34.9623675,0 137.2314377,34.9623684,0 137.2314376,34.9623723,0 137.2314374,34.9623883,0 137.2314373,34.9623944,0 137.2314374,34.9623948,0 137.2314380,34.9623951,0 137.2314402,34.9623952,0 137.2314934,34.9623957,0 137.2315055,34.9623958,0 137.2315108,34.9623958,0 137.2315118,34.9623956,0 137.2315120,34.9623922,0 137.2315123,34.9623683,0</coordinates></LinearRing></outerBoundaryIs></Polygon></Placemark><Placemark><name>設備 4</name><styleUrl>#eq</styleUrl><Polygon><outerBoundaryIs><LinearRing><coordinates>137.2315103,34.9623392,0 137.2315124,34.9623389,0 137.2315125,34.9623354,0 137.2315128,34.9623215,0 137.2315129,34.9623116,0 137.2315118,34.9623113,0 137.2315070,34.9623112,0 137.2314707,34.9623109,0 137.2314390,34.9623106,0 137.2314386,34.9623111,0 137.2314384,34.9623146,0 137.2314382,34.9623345,0 137.2314382,34.9623367,0 137.2314386,34.9623384,0 137.2314402,34.9623385,0 137.2314497,34.9623387,0 137.2315103,34.9623392,0</coordinates></LinearRing></outerBoundaryIs></Polygon></Placemark><Placemark><name>構内柱</name><styleUrl>#pole</styleUrl><Point><coordinates>137.2316680,34.9623960,0</coordinates></Point></Placemark><Placemark><name>01キ401</name><styleUrl>#pole</styleUrl><Point><coordinates>137.2318930,34.9623860,0</coordinates></Point></Placemark></Folder><Style id="est"><LineStyle><color>ff0090ff</color><width>2.5</width></LineStyle><PolyStyle><color>5548d6f9</color></PolyStyle></Style><Folder><name>26番4 推定位置（誤差±40m・法的位置ではない）</name><Placemark><name>26番4（推定）</name><styleUrl>#est</styleUrl><Polygon><outerBoundaryIs><LinearRing><coordinates>137.2317214,34.9630819,0 137.2317766,34.9626825,0 137.2317245,34.9626803,0 137.2317062,34.9628309,0 137.2316783,34.9628380,0 137.2315662,34.9630183,0 137.2315796,34.9630406,0 137.2314959,34.9633487,0 137.2313954,34.9635782,0 137.2315807,34.9635386,0 137.2316795,34.9634315,0 137.2317214,34.9630819,0</coordinates></LinearRing></outerBoundaryIs></Polygon></Placemark><Placemark><name>26番4 推定中心</name><Point><coordinates>137.2316273,34.9631672,0</coordinates></Point></Placemark></Folder></Document></kml>